task,method,label,time_ms,mean_balanced_accuracy,ci_low,ci_high,n_models
spatialTask_combined,standard,side,0.0,0.5007489807903767,0.49798819571733477,0.5036052212119102,40
spatialTask_combined,standard,side,10.0,0.4992620714008808,0.49588989838957787,0.502472174167633,40
spatialTask_combined,standard,side,20.0,0.4982891157269478,0.4948206767439842,0.5016455471515655,40
spatialTask_combined,standard,side,30.0,0.5004888698458672,0.49721493050456045,0.503821249306202,40
spatialTask_combined,standard,side,40.0,0.49986189529299735,0.49582903310656545,0.5037095218896865,40
spatialTask_combined,standard,side,50.0,0.5003431141376495,0.49718046858906745,0.5037629902362823,40
spatialTask_combined,standard,side,60.0,0.49771089032292365,0.4939741887152195,0.5016393303871155,40
spatialTask_combined,standard,side,70.0,0.497346867620945,0.4934981450438499,0.5006116479635239,40
spatialTask_combined,standard,side,80.0,0.4981280952692032,0.4950677253305912,0.5013871222734452,40
spatialTask_combined,standard,side,90.0,0.49891830384731295,0.49516744166612625,0.5026196926832199,40
spatialTask_combined,standard,side,100.0,0.49983998760581017,0.4958352975547314,0.5039354667067528,40
spatialTask_combined,standard,side,110.0,0.49963403195142747,0.49598789736628535,0.5033534318208694,40
spatialTask_combined,standard,side,120.0,0.4992666967213154,0.49542421773076056,0.5030173271894455,40
spatialTask_combined,standard,side,130.0,0.4996157318353653,0.4960490636527538,0.503358693420887,40
spatialTask_combined,standard,side,140.0,0.4987997353076935,0.4952606797218323,0.5024766236543655,40
spatialTask_combined,standard,side,150.0,0.5003817737102508,0.497134643048048,0.5036692932248116,40
spatialTask_combined,standard,side,160.0,0.4992238372564316,0.49565487504005434,0.5027239635586739,40
spatialTask_combined,standard,side,170.0,0.49903610199689863,0.49625466763973236,0.5018964022397995,40
spatialTask_combined,standard,side,180.0,0.49883963018655775,0.49622431546449663,0.5014770939946175,40
spatialTask_combined,standard,side,190.0,0.5016778901219368,0.4981661543250084,0.5047692269086838,40
spatialTask_combined,standard,side,200.0,0.49927032813429834,0.49652968943119047,0.5019514828920364,40
spatialTask_combined,standard,side,210.0,0.49935083240270617,0.495455701649189,0.503159262239933,40
spatialTask_combined,standard,side,220.0,0.5003899395465851,0.49654953703284266,0.5035890355706215,40
spatialTask_combined,standard,side,230.0,0.4987910747528076,0.49524658024311063,0.5023182347416878,40
spatialTask_combined,standard,side,240.0,0.5016744859516621,0.49798321798443795,0.505156347155571,40
spatialTask_combined,standard,side,250.0,0.5014415748417378,0.4977767437696457,0.505052487552166,40
spatialTask_combined,standard,side,260.0,0.5007104441523552,0.4966271072626114,0.5046110793948173,40
spatialTask_combined,standard,side,270.0,0.5029825188219548,0.499608588218689,0.5065159201622009,40
spatialTask_combined,standard,side,280.0,0.5008183658123017,0.49679853618144987,0.5048311457037926,40
spatialTask_combined,standard,side,290.0,0.500801756978035,0.4974767901003361,0.5038354277610779,40
spatialTask_combined,standard,side,300.0,0.5014310099184514,0.4974746286869049,0.50541090965271,40
spatialTask_combined,standard,side,310.0,0.4994888104498386,0.49539230614900587,0.5034924015402794,40
spatialTask_combined,standard,side,320.0,0.500643652677536,0.49750852584838867,0.5034717783331871,40
spatialTask_combined,standard,side,330.0,0.501725897938013,0.4983573280274868,0.5053741097450256,40
spatialTask_combined,standard,side,340.0,0.5006775751709938,0.4973144069314003,0.5042616069316864,40
spatialTask_combined,standard,side,350.0,0.49979732260107995,0.4967132143676281,0.5030074372887612,40
spatialTask_combined,standard,side,360.0,0.5000797472894192,0.49722150936722753,0.5030589178204536,40
spatialTask_combined,standard,side,370.0,0.4990294225513935,0.4956151440739632,0.5023315787315369,40
spatialTask_combined,standard,side,380.0,0.5005814924836158,0.4979623511433601,0.5032318592071533,40
spatialTask_combined,standard,side,390.0,0.5016868442296982,0.4981644950807095,0.5050559476017952,40
spatialTask_combined,standard,side,400.0,0.500528222322464,0.4975577987730503,0.5034081771969795,40
spatialTask_combined,standard,side,410.0,0.5007481664419174,0.49707246869802474,0.5039200037717819,40
spatialTask_combined,standard,side,420.0,0.5011349380016327,0.49694104567170144,0.5047080710530281,40
spatialTask_combined,standard,side,430.0,0.5010132245719433,0.4972496762871742,0.5044811919331551,40
spatialTask_combined,standard,side,440.0,0.5010235592722893,0.49653657898306847,0.5051213324069976,40
spatialTask_combined,standard,side,450.0,0.5001039184629917,0.4957192465662956,0.5040594831109046,40
spatialTask_combined,standard,side,460.0,0.5019347876310348,0.4977692998945713,0.5060459211468696,40
spatialTask_combined,standard,side,470.0,0.50033188611269,0.49574620053172114,0.5046203777194023,40
spatialTask_combined,standard,side,480.0,0.5017369769513607,0.4975623436272144,0.5059289112687111,40
spatialTask_combined,standard,side,490.0,0.5007396690547467,0.49633855298161506,0.5050488367676735,40
spatialTask_combined,standard,side,500.0,0.5608672305941582,0.555938009917736,0.5657312974333764,40
spatialTask_combined,standard,side,510.0,0.6692316696047783,0.6578450873494148,0.6807807877659797,40
spatialTask_combined,standard,side,520.0,0.6975798219442367,0.6894202485680581,0.7052843451499939,40
spatialTask_combined,standard,side,530.0,0.7098337650299072,0.7028514057397842,0.7158720463514328,40
spatialTask_combined,standard,side,540.0,0.7142886623740197,0.7089499026536942,0.7193886503577233,40
spatialTask_combined,standard,side,550.0,0.7165475636720657,0.7111732497811317,0.7216069534420967,40
spatialTask_combined,standard,side,560.0,0.716858196258545,0.7118096277117729,0.7217821389436722,40
spatialTask_combined,standard,side,570.0,0.7163491040468216,0.7112326607108116,0.7212573662400246,40
spatialTask_combined,standard,side,580.0,0.7169948682188988,0.7118456304073334,0.7219545692205429,40
spatialTask_combined,standard,side,590.0,0.7168417572975159,0.7112179264426232,0.722285421192646,40
spatialTask_combined,standard,side,600.0,0.7174079075455666,0.7119894936680794,0.722611828148365,40
spatialTask_combined,standard,side,610.0,0.7166910469532013,0.7115394830703735,0.7219042360782624,40
spatialTask_combined,standard,side,620.0,0.7168752938508988,0.7118614390492439,0.7217848569154739,40
spatialTask_combined,standard,side,630.0,0.7173014387488366,0.7120277836918831,0.7224400103092193,40
spatialTask_combined,standard,side,640.0,0.7174812540411949,0.7124047338962555,0.7226095110177994,40
spatialTask_combined,standard,side,650.0,0.7167532458901406,0.711332893371582,0.7220136165618897,40
spatialTask_combined,standard,side,660.0,0.7173525229096412,0.7118413969874382,0.7229388743638993,40
spatialTask_combined,standard,side,670.0,0.7169741362333297,0.7114840164780617,0.7223824754357338,40
spatialTask_combined,standard,side,680.0,0.7159702062606812,0.7108305558562279,0.7211708471179008,40
spatialTask_combined,standard,side,690.0,0.7167280703783036,0.7116139993071556,0.7218850836157799,40
spatialTask_combined,standard,side,700.0,0.7168680980801583,0.7118861332535744,0.7217419639229774,40
spatialTask_combined,standard,side,710.0,0.7166120752692222,0.711543732881546,0.7218299180269241,40
spatialTask_combined,standard,side,720.0,0.7164741531014442,0.7114614903926849,0.7216744124889374,40
spatialTask_combined,standard,side,730.0,0.7166907608509063,0.7115623131394386,0.7220289081335067,40
spatialTask_combined,standard,side,740.0,0.7157125428318978,0.7107149854302406,0.7209294468164444,40
spatialTask_combined,standard,side,750.0,0.7158870607614517,0.7110161557793617,0.7209724709391594,40
spatialTask_combined,standard,side,760.0,0.715217524766922,0.710345196723938,0.7202054888010025,40
spatialTask_combined,standard,side,770.0,0.715486592054367,0.7106911733746528,0.7202929586172104,40
spatialTask_combined,standard,side,780.0,0.7153823539614678,0.7106608152389526,0.7203694924712181,40
spatialTask_combined,standard,side,790.0,0.7163884416222572,0.7114159718155861,0.7214679345488548,40
spatialTask_combined,standard,side,800.0,0.7167749896645546,0.7121841207146644,0.7215864315629006,40
spatialTask_combined,standard,side,810.0,0.7165172964334487,0.7114385858178138,0.721638248860836,40
spatialTask_combined,standard,side,820.0,0.715682053565979,0.710649473965168,0.7209030747413635,40
spatialTask_combined,standard,side,830.0,0.7158131167292595,0.7106665536761284,0.7208627313375473,40
spatialTask_combined,standard,side,840.0,0.7153076857328415,0.7104193106293678,0.7201917111873627,40
spatialTask_combined,standard,side,850.0,0.7156810939311982,0.7107561528682709,0.7206969738006592,40
spatialTask_combined,standard,side,860.0,0.7155844137072563,0.7103411212563515,0.7205356746912003,40
spatialTask_combined,standard,side,870.0,0.715887351334095,0.7109539240598679,0.7206872880458832,40
spatialTask_combined,standard,side,880.0,0.7163839936256409,0.711814957857132,0.7211336851119995,40
spatialTask_combined,standard,side,890.0,0.7161823764443398,0.7114094644784927,0.7209297239780426,40
spatialTask_combined,standard,side,900.0,0.7161457628011704,0.7115136176347733,0.7209295868873596,40
spatialTask_combined,standard,side,910.0,0.7160332068800926,0.7113409176468849,0.7209603041410446,40
spatialTask_combined,standard,side,920.0,0.7157714560627937,0.7106540963053704,0.7210158333182335,40
spatialTask_combined,standard,side,930.0,0.7153722628951072,0.7105561763048172,0.720432636141777,40
spatialTask_combined,standard,side,940.0,0.7160870850086212,0.7111609488725662,0.7210691258311271,40
spatialTask_combined,standard,side,950.0,0.7160767897963524,0.7110653996467591,0.7212739571928978,40
spatialTask_combined,standard,side,960.0,0.7161252319812774,0.7113934502005577,0.7209953844547272,40
spatialTask_combined,standard,side,970.0,0.7156465440988541,0.7106765106320381,0.7207817047834396,40
spatialTask_combined,standard,side,980.0,0.7165833190083504,0.7117843151092529,0.7216338694095612,40
spatialTask_combined,standard,side,990.0,0.7160436823964119,0.7111940249800682,0.7211579084396362,40
spatialTask_combined,standard,side,1000.0,0.7159588754177093,0.711262685060501,0.7208167016506195,40
spatialTask_combined,standard,side,1010.0,0.7154772952198982,0.7106322601437569,0.720551136136055,40
spatialTask_combined,standard,side,1020.0,0.7163289099931717,0.7114641636610031,0.721411970257759,40
spatialTask_combined,standard,side,1030.0,0.7158911019563675,0.7110733270645142,0.7208361491560936,40
spatialTask_combined,standard,side,1040.0,0.7161102592945099,0.7110634744167328,0.7211153209209442,40
spatialTask_combined,standard,side,1050.0,0.7164645954966545,0.7118474081158638,0.7212739363312721,40
spatialTask_combined,standard,side,1060.0,0.7159486621618271,0.7114373713731765,0.7207351714372635,40
spatialTask_combined,standard,side,1070.0,0.716098952293396,0.711384154856205,0.7211363986134529,40
spatialTask_combined,standard,side,1080.0,0.7164034873247147,0.7117858961224556,0.7213107272982597,40
spatialTask_combined,standard,side,1090.0,0.715791541337967,0.7111048206686974,0.7205931141972541,40
spatialTask_combined,standard,side,1100.0,0.715462863445282,0.7107018813490867,0.7203411787748337,40
spatialTask_combined,standard,side,1110.0,0.7157200500369072,0.7108976989984512,0.7205416098237037,40
spatialTask_combined,standard,side,1120.0,0.7150040194392204,0.7100673824548721,0.719931136071682,40
spatialTask_combined,standard,side,1130.0,0.7145323768258095,0.7096531391143799,0.7196019500494003,40
spatialTask_combined,standard,side,1140.0,0.7151365801692009,0.710531809926033,0.7198483005166054,40
spatialTask_combined,standard,side,1150.0,0.7154395833611489,0.7108872041106225,0.7201975017786026,40
spatialTask_combined,standard,side,1160.0,0.7157639294862748,0.7110731810331344,0.7205915927886963,40
spatialTask_combined,standard,side,1170.0,0.7168458178639412,0.7121325686573983,0.7215875938534737,40
spatialTask_combined,standard,side,1180.0,0.7162044733762741,0.7113680183887482,0.721319031715393,40
spatialTask_combined,standard,side,1190.0,0.7162480458617211,0.7114802673459053,0.7211836233735085,40
spatialTask_combined,standard,side,1200.0,0.7157537549734115,0.7108309581875801,0.7208525881171226,40
spatialTask_combined,standard,side,1210.0,0.716066911816597,0.7112027123570442,0.7210231617093086,40
spatialTask_combined,standard,side,1220.0,0.7161455005407333,0.7114082887768746,0.7209219798445702,40
spatialTask_combined,standard,side,1230.0,0.7170103102922439,0.7118382424116134,0.7220607429742814,40
spatialTask_combined,standard,side,1240.0,0.7158559530973434,0.7108222395181656,0.7208593234419822,40
spatialTask_combined,standard,side,1250.0,0.7156651973724365,0.7106193602085114,0.7208057940006256,40
spatialTask_combined,standard,side,1260.0,0.7158051326870918,0.7108793511986733,0.7208412155508995,40
spatialTask_combined,standard,side,1270.0,0.7163491666316986,0.7113055348396301,0.7213874995708466,40
spatialTask_combined,standard,side,1280.0,0.7156926289200782,0.7108473122119904,0.7204296633601188,40
spatialTask_combined,standard,side,1290.0,0.716005590558052,0.710955236852169,0.7210953950881958,40
spatialTask_combined,standard,side,1300.0,0.7164797231554985,0.7116424307227135,0.7212033644318581,40
spatialTask_combined,standard,side,1310.0,0.7153239518404007,0.7105840280652046,0.7200473546981812,40
spatialTask_combined,standard,side,1320.0,0.7154445663094521,0.710817864537239,0.7201116308569908,40
spatialTask_combined,standard,side,1330.0,0.7156563714146614,0.710671579837799,0.7204718127846718,40
spatialTask_combined,standard,side,1340.0,0.7160598337650299,0.7110875979065895,0.7209847033023834,40
spatialTask_combined,standard,side,1350.0,0.7161984503269195,0.71141976416111,0.7208822637796402,40
spatialTask_combined,standard,side,1360.0,0.7152252718806267,0.7104680925607681,0.7199828520417213,40
spatialTask_combined,standard,side,1370.0,0.7150745034217835,0.7103164702653885,0.7199540510773659,40
spatialTask_combined,standard,side,1380.0,0.7152089074254036,0.7107070967555046,0.719851690530777,40
spatialTask_combined,standard,side,1390.0,0.7152203053236008,0.7106209993362427,0.7199606269598007,40
spatialTask_combined,standard,side,1400.0,0.7153088033199311,0.710624298453331,0.7201641768217086,40
spatialTask_combined,standard,side,1410.0,0.715326064825058,0.710318760573864,0.7204278200864792,40
spatialTask_combined,standard,side,1420.0,0.7151259407401085,0.7100670620799064,0.7201021701097489,40
spatialTask_combined,standard,side,1430.0,0.7156215786933899,0.7106491968035697,0.7207456648349762,40
spatialTask_combined,standard,side,1440.0,0.7151535004377365,0.7103084161877632,0.7198858097195625,40
spatialTask_combined,standard,side,1450.0,0.7153578191995621,0.7104971796274185,0.7204371020197868,40
spatialTask_combined,standard,side,1460.0,0.7155443519353867,0.7108158230781555,0.7205327406525612,40
spatialTask_combined,standard,side,1470.0,0.7158017411828042,0.7112532466650009,0.7206204742193222,40
spatialTask_combined,standard,side,1480.0,0.7151424527168274,0.7106568023562432,0.7199706584215164,40
spatialTask_combined,standard,side,1490.0,0.7151266872882843,0.7102927163243293,0.7202972441911697,40
spatialTask_combined,standard,side,1500.0,0.9715677216649056,0.9694243326783181,0.9734802216291427,40
spatialTask_combined,standard,side,1510.0,0.9615209683775902,0.9593636855483055,0.9637940347194671,40
spatialTask_combined,standard,side,1520.0,0.9570608288049698,0.9550845727324486,0.9590206861495971,40
spatialTask_combined,standard,side,1530.0,0.9577963143587113,0.9559363633394241,0.9595377162098885,40
spatialTask_combined,standard,side,1540.0,0.9589197233319282,0.9567950651049614,0.9611889764666557,40
spatialTask_combined,standard,side,1550.0,0.9601370230317116,0.9577666640281677,0.9626923903822899,40
spatialTask_combined,standard,side,1560.0,0.9610772937536239,0.9589716523885727,0.9634139552712441,40
spatialTask_combined,standard,side,1570.0,0.9618699789047241,0.9594598054885864,0.9643465489149093,40
spatialTask_combined,standard,side,1580.0,0.9620522782206535,0.9594593986868858,0.9647329643368721,40
spatialTask_combined,standard,side,1590.0,0.9633872464299202,0.960596676170826,0.965983185172081,40
spatialTask_combined,standard,side,1600.0,0.9651351019740104,0.9623669669032097,0.9678008452057838,40
spatialTask_combined,standard,side,1610.0,0.9648037388920784,0.961798645555973,0.9677550151944161,40
spatialTask_combined,standard,side,1620.0,0.9656879305839539,0.9629141137003898,0.9686630964279175,40
spatialTask_combined,standard,side,1630.0,0.9660255402326584,0.9632512554526329,0.968754631280899,40
spatialTask_combined,standard,side,1640.0,0.9677644416689872,0.9651691526174545,0.9704251661896706,40
spatialTask_combined,standard,side,1650.0,0.9685466915369034,0.96574417501688,0.971445445716381,40
spatialTask_combined,standard,side,1660.0,0.9692892834544182,0.9664760679006577,0.9722637668251991,40
spatialTask_combined,standard,side,1670.0,0.9703298658132553,0.9674408510327339,0.9734850987792015,40
spatialTask_combined,standard,side,1680.0,0.9714626103639603,0.9684439614415169,0.9747486412525177,40
spatialTask_combined,standard,side,1690.0,0.9723781675100327,0.9691929236054421,0.9757122725248337,40
spatialTask_combined,standard,side,1700.0,0.9735461801290513,0.9702357068657875,0.976759386062622,40
spatialTask_combined,standard,side,1710.0,0.9745649099349976,0.9711640790104866,0.9777529656887054,40
spatialTask_combined,standard,side,1720.0,0.975378441810608,0.972308112680912,0.9784135982394219,40
spatialTask_combined,standard,side,1730.0,0.9756332561373711,0.9726620137691497,0.9785442665219307,40
spatialTask_combined,standard,side,1740.0,0.976110577583313,0.9732756108045578,0.9789781957864762,40
spatialTask_combined,standard,side,1750.0,0.9774500712752342,0.9747532993555069,0.9802889198064804,40
spatialTask_combined,standard,side,1760.0,0.9788156256079674,0.9765757635235787,0.9811637312173843,40
spatialTask_combined,standard,side,1770.0,0.9801466763019562,0.9780133470892907,0.9822799861431122,40
spatialTask_combined,standard,side,1780.0,0.9801131606101989,0.9776842907071114,0.9824160814285279,40
spatialTask_combined,standard,side,1790.0,0.9802063092589378,0.9776261746883392,0.9825056627392769,40
spatialTask_combined,standard,side,1800.0,0.9805114775896072,0.9779425144195557,0.9827617958188057,40
spatialTask_combined,standard,side,1810.0,0.9811731040477752,0.9785336598753929,0.9836205050349236,40
spatialTask_combined,standard,side,1820.0,0.9818958446383477,0.9791130363941193,0.9844791129231453,40
spatialTask_combined,standard,side,1830.0,0.9817572116851807,0.9791582107543946,0.984262564778328,40
spatialTask_combined,standard,side,1840.0,0.9820713818073272,0.9796629384160042,0.984464019536972,40
spatialTask_combined,standard,side,1850.0,0.9823335975408554,0.9799579173326493,0.9846319153904914,40
spatialTask_combined,standard,side,1860.0,0.9822002142667771,0.9797158822417259,0.9846314162015914,40
spatialTask_combined,standard,side,1870.0,0.9826344057917595,0.9802523031830788,0.984992989897728,40
spatialTask_combined,standard,side,1880.0,0.982722918689251,0.9805969551205636,0.9848844766616821,40
spatialTask_combined,standard,side,1890.0,0.9826953023672104,0.9808184996247291,0.984739699959755,40
spatialTask_combined,standard,side,1900.0,0.9830598890781402,0.9812489107251168,0.9850616753101349,40
spatialTask_combined,standard,side,1910.0,0.9836635693907738,0.9819122791290283,0.9855657905340195,40
spatialTask_combined,standard,side,1920.0,0.9844408512115479,0.9828333154320716,0.9861365303397178,40
spatialTask_combined,standard,side,1930.0,0.9852726891636848,0.9838478267192841,0.9868538931012154,40
spatialTask_combined,standard,side,1940.0,0.9856099724769593,0.9841111794114112,0.9871951967477799,40
spatialTask_combined,standard,side,1950.0,0.9858097240328789,0.9842625290155411,0.9874377191066742,40
spatialTask_combined,standard,side,1960.0,0.9859180256724358,0.9842062920331955,0.9876964062452316,40
spatialTask_combined,standard,side,1970.0,0.986167998611927,0.9844999775290489,0.9879169195890427,40
spatialTask_combined,standard,side,1980.0,0.986355122923851,0.9846216827630997,0.988152927160263,40
spatialTask_combined,standard,side,1990.0,0.9864863380789757,0.984650333225727,0.9883089974522591,40
spatialTask_combined,standard,side,2000.0,0.9867590293288231,0.9847961828112602,0.9886767610907554,40
spatialTask_combined,standard,side,2010.0,0.9867988437414169,0.9847494974732399,0.9887804687023163,40
spatialTask_combined,standard,side,2020.0,0.9867796674370766,0.9846830487251281,0.9887840196490287,40
spatialTask_combined,standard,side,2030.0,0.986608338356018,0.9844861522316932,0.9886188730597496,40
spatialTask_combined,standard,side,2040.0,0.9867436483502388,0.9847012743353843,0.9887675732374192,40
spatialTask_combined,standard,side,2050.0,0.9871135458350182,0.9852008044719696,0.9890171080827713,40
spatialTask_combined,standard,side,2060.0,0.9875647708773613,0.9855875998735428,0.9894919067621231,40
spatialTask_combined,standard,side,2070.0,0.987578484416008,0.9855395957827568,0.9895284786820412,40
spatialTask_combined,standard,side,2080.0,0.987787389755249,0.9859223961830139,0.9896821647882461,40
spatialTask_combined,standard,side,2090.0,0.9880961492657662,0.986193573474884,0.9900164097547531,40
spatialTask_combined,standard,side,2100.0,0.9882177770137787,0.9862932056188584,0.9901904612779617,40
spatialTask_combined,standard,side,2110.0,0.9885941356420517,0.9867558792233467,0.9904358252882958,40
spatialTask_combined,standard,side,2120.0,0.9891277864575386,0.9873991996049881,0.9909417018294334,40
spatialTask_combined,standard,side,2130.0,0.9893096327781677,0.9875863716006279,0.9911801353096962,40
spatialTask_combined,standard,side,2140.0,0.9895230367779732,0.9877381786704064,0.9913848266005516,40
spatialTask_combined,standard,side,2150.0,0.9895434781908989,0.9876420736312866,0.9914800569415092,40
spatialTask_combined,standard,side,2160.0,0.9897226929664612,0.9878715515136719,0.9916637077927589,40
spatialTask_combined,standard,side,2170.0,0.9899952709674835,0.9881068423390389,0.9919364362955093,40
spatialTask_combined,standard,side,2180.0,0.9903332129120826,0.9884492665529251,0.9922911912202835,40
spatialTask_combined,standard,side,2190.0,0.9905216962099075,0.9886247932910919,0.9924523189663887,40
spatialTask_combined,standard,side,2200.0,0.9904629960656166,0.9886438399553299,0.9923307955265045,40
spatialTask_combined,standard,side,2210.0,0.9907330855727196,0.9890632122755051,0.9925064250826836,40
spatialTask_combined,standard,side,2220.0,0.9910411670804024,0.9894251257181168,0.9926801204681397,40
spatialTask_combined,standard,side,2230.0,0.9913034826517105,0.9897629007697105,0.9929196447134018,40
spatialTask_combined,standard,side,2240.0,0.991464975476265,0.9899499699473381,0.9931058540940285,40
spatialTask_combined,standard,side,2250.0,0.9916510954499245,0.9900604382157325,0.9932947114109993,40
spatialTask_combined,standard,side,2260.0,0.991910207271576,0.9904063776135444,0.9935145199298858,40
spatialTask_combined,standard,side,2270.0,0.9920080795884132,0.9904704138636589,0.9936296314001083,40
spatialTask_combined,standard,side,2280.0,0.9923213183879852,0.9908864617347717,0.9938271582126618,40
spatialTask_combined,standard,side,2290.0,0.9923279821872711,0.9908754780888558,0.9938778802752495,40
spatialTask_combined,standard,side,2300.0,0.9923923999071121,0.9908857300877572,0.9939441367983818,40
spatialTask_combined,standard,side,2310.0,0.9924229800701141,0.9909207701683045,0.9939778596162796,40
spatialTask_combined,standard,side,2320.0,0.9924759462475776,0.9909950166940689,0.9940291672945023,40
spatialTask_combined,standard,side,2330.0,0.9924912199378013,0.9910074383020401,0.9940436959266663,40
spatialTask_combined,standard,side,2340.0,0.9925474047660827,0.9909891605377197,0.9940498486161232,40
spatialTask_combined,standard,side,2350.0,0.9927974492311478,0.9912467509508133,0.9942604556679726,40
spatialTask_combined,standard,side,2360.0,0.9930610179901123,0.9915740728378296,0.994467417895794,40
spatialTask_combined,standard,side,2370.0,0.9932593733072281,0.9917440712451935,0.9946653872728348,40
spatialTask_combined,standard,side,2380.0,0.9932783931493759,0.9917636469006539,0.9947121575474739,40
spatialTask_combined,standard,side,2390.0,0.9934699922800064,0.9919783145189285,0.9949091404676438,40
spatialTask_combined,standard,side,2400.0,0.9934999063611031,0.9920435175299644,0.9949719563126564,40
spatialTask_combined,standard,side,2410.0,0.9935584247112275,0.9921453297138214,0.9949792295694351,40
spatialTask_combined,standard,side,2420.0,0.9935813799500466,0.9921564370393753,0.9949812725186348,40
spatialTask_combined,standard,side,2430.0,0.9936932474374771,0.9922555223107338,0.9950266540050506,40
spatialTask_combined,standard,side,2440.0,0.9937470927834511,0.9923174574971199,0.9951189637184144,40
spatialTask_combined,standard,side,2450.0,0.9937837153673172,0.9923848733305931,0.995145958662033,40
spatialTask_combined,standard,side,2460.0,0.9937026888132096,0.9923017308115959,0.9950884371995926,40
spatialTask_combined,standard,side,2470.0,0.993646289408207,0.9922574266791344,0.9950290024280548,40
spatialTask_combined,standard,side,2480.0,0.9938017040491104,0.9924147084355355,0.9952309787273407,40
spatialTask_combined,standard,side,2490.0,0.9938161537051201,0.9923365041613579,0.9952392175793647,40
spatialTask_combined,standard,side,2500.0,0.9938850492238999,0.992462532222271,0.9952826663851738,40
spatialTask_combined,standard,side,2510.0,0.9938763931393624,0.9924399465322494,0.9953339129686356,40
spatialTask_combined,standard,side,2520.0,0.9939324304461479,0.9924927338957786,0.995352616906166,40
spatialTask_combined,standard,side,2530.0,0.993889307975769,0.9922882989048958,0.9953591361641884,40
spatialTask_combined,standard,side,2540.0,0.9940245419740676,0.9923846676945687,0.9954412817955017,40
spatialTask_combined,standard,side,2550.0,0.9941828116774559,0.9926053538918496,0.9955839112401008,40
spatialTask_combined,standard,side,2560.0,0.9943201392889023,0.9928952604532242,0.9956879332661629,40
spatialTask_combined,standard,side,2570.0,0.9945211052894593,0.9932271093130112,0.9957856804132461,40
spatialTask_combined,standard,side,2580.0,0.9945985719561576,0.9933460354804993,0.9958217665553093,40
spatialTask_combined,standard,side,2590.0,0.9944545149803161,0.9930873304605484,0.995719276368618,40
spatialTask_combined,standard,side,2600.0,0.9945524141192437,0.9931452870368958,0.9957983285188675,40
spatialTask_combined,standard,side,2610.0,0.9945976138114929,0.9932982861995697,0.995796374976635,40
spatialTask_combined,standard,side,2620.0,0.9946945384144783,0.9934181198477745,0.9958646401762963,40
spatialTask_combined,standard,side,2630.0,0.9946346238255501,0.9934413850307464,0.9957729890942574,40
spatialTask_combined,standard,side,2640.0,0.9946737810969353,0.9934850722551346,0.995831623673439,40
spatialTask_combined,standard,side,2650.0,0.9946319192647934,0.993336720764637,0.9958057716488838,40
spatialTask_combined,standard,side,2660.0,0.99473427683115,0.9934946194291114,0.9959074556827545,40
spatialTask_combined,standard,side,2670.0,0.9947467431426048,0.9935994550585747,0.9958982229232788,40
spatialTask_combined,standard,side,2680.0,0.9947565406560898,0.9935555070638656,0.9958941608667373,40
spatialTask_combined,standard,side,2690.0,0.9948704823851585,0.9937362283468246,0.9959942460060119,40
spatialTask_combined,standard,side,2700.0,0.994931660592556,0.9937818765640258,0.9960885226726532,40
spatialTask_combined,standard,side,2710.0,0.9950417920947074,0.9938418924808502,0.9962467581033707,40
spatialTask_combined,standard,side,2720.0,0.995179858803749,0.9939515933394432,0.9964107006788254,40
spatialTask_combined,standard,side,2730.0,0.9954482540488243,0.9942547634243966,0.9966445744037629,40
spatialTask_combined,standard,side,2740.0,0.9956604987382889,0.9945523172616959,0.9967648312449455,40
spatialTask_combined,standard,side,2750.0,0.9955668464303017,0.9944383129477501,0.9966525360941887,40
spatialTask_combined,standard,side,2760.0,0.9956609025597573,0.9945711746811867,0.9967134311795235,40
spatialTask_combined,standard,side,2770.0,0.9957246169447899,0.9946303978562355,0.9967885807156562,40
spatialTask_combined,standard,side,2780.0,0.9957357555627823,0.9946885228157043,0.9967336788773536,40
spatialTask_combined,standard,side,2790.0,0.9957907855510711,0.9947815388441086,0.9967329397797584,40
spatialTask_combined,standard,side,2800.0,0.9956309601664544,0.9946569457650185,0.9965897828340531,40
spatialTask_combined,standard,side,2810.0,0.995574027299881,0.9946010917425155,0.9965466380119323,40
spatialTask_combined,standard,side,2820.0,0.9955496147274971,0.994569419324398,0.9965202927589416,40
spatialTask_combined,standard,side,2830.0,0.9957673162221908,0.9948388814926148,0.9966742932796478,40
spatialTask_combined,standard,side,2840.0,0.9959074765443802,0.9950540319085122,0.9967465400695801,40
spatialTask_combined,standard,side,2850.0,0.9959938272833824,0.9951306760311127,0.9968163087964058,40
spatialTask_combined,standard,side,2860.0,0.996102400124073,0.9952497377991676,0.9969273641705513,40
spatialTask_combined,standard,side,2870.0,0.9963145613670349,0.9954968750476837,0.9971005961298942,40
spatialTask_combined,standard,side,2880.0,0.9964425206184387,0.9956972733139992,0.9971746236085892,40
spatialTask_combined,standard,side,2890.0,0.9964800953865052,0.9957647502422333,0.9972079828381538,40
spatialTask_combined,standard,side,2900.0,0.9965576708316803,0.9958230525255203,0.9972584426403046,40
spatialTask_combined,standard,side,2910.0,0.9966901630163193,0.9960190206766129,0.9973139464855194,40
spatialTask_combined,standard,side,2920.0,0.9967669740319252,0.9961074993014336,0.997390903532505,40
spatialTask_combined,standard,side,2930.0,0.9968701854348183,0.9961970373988152,0.9975106984376907,40
spatialTask_combined,standard,side,2940.0,0.9969451382756234,0.9962989613413811,0.9975968837738037,40
spatialTask_combined,standard,side,2950.0,0.9970621898770332,0.9964291393756867,0.9976747885346413,40
spatialTask_combined,standard,side,2960.0,0.9970888778567314,0.9964565396308899,0.9976854711771012,40
spatialTask_combined,standard,side,2970.0,0.9970903754234314,0.9964606493711472,0.9976923137903213,40
spatialTask_combined,standard,side,2980.0,0.9970889523625374,0.9964458584785462,0.9976765140891075,40
spatialTask_combined,standard,side,2990.0,0.997078812122345,0.9964023575186729,0.9976857721805572,40
spatialTask_combined,standard,side,3000.0,0.9970747694373131,0.9963735312223434,0.99769676476717,40
spatialTask_combined,standard,side,3010.0,0.9971552103757858,0.9964536547660827,0.9977723523974419,40
spatialTask_combined,standard,side,3020.0,0.9971920982003212,0.9964943826198578,0.9978011965751648,40
spatialTask_combined,standard,side,3030.0,0.9972997099161148,0.9966781988739968,0.9978633806109428,40
spatialTask_combined,standard,side,3040.0,0.9974235504865646,0.996800146996975,0.9980007767677307,40
spatialTask_combined,standard,side,3050.0,0.997399988770485,0.9967823103070259,0.9979858145117759,40
spatialTask_combined,standard,side,3060.0,0.9973491817712784,0.9967558696866036,0.9979277044534683,40
spatialTask_combined,standard,side,3070.0,0.9973986625671387,0.9968026116490364,0.9979693353176117,40
spatialTask_combined,standard,side,3080.0,0.9974810868501663,0.9968949213624001,0.9980553343892098,40
spatialTask_combined,standard,side,3090.0,0.9974527522921562,0.9967922538518905,0.9980704933404922,40
spatialTask_combined,standard,side,3100.0,0.9975311949849128,0.9969033852219582,0.9981181994080544,40
spatialTask_combined,standard,side,3110.0,0.9975598827004433,0.9969612136483192,0.9981254816055298,40
spatialTask_combined,standard,side,3120.0,0.9975613817572594,0.997009114921093,0.998099634051323,40
spatialTask_combined,standard,side,3130.0,0.9975752100348473,0.9970099821686744,0.9981517136096955,40
spatialTask_combined,standard,side,3140.0,0.9976759508252144,0.997086101770401,0.9982430085539817,40
spatialTask_combined,standard,side,3150.0,0.9978692635893822,0.9972753748297691,0.9984065517783165,40
spatialTask_combined,standard,side,3160.0,0.9978749603033066,0.9972415268421173,0.9984241098165512,40
spatialTask_combined,standard,side,3170.0,0.997885949909687,0.9972769007086754,0.9984412282705307,40
spatialTask_combined,standard,side,3180.0,0.9978351786732673,0.9971924841403961,0.9983585178852081,40
spatialTask_combined,standard,side,3190.0,0.9979814782738685,0.9973712086677551,0.9985031262040138,40
spatialTask_combined,standard,juice,0.0,0.49659397080540657,0.4931946389377117,0.49984637796878817,40
spatialTask_combined,standard,juice,10.0,0.4982787862420082,0.49486469477415085,0.5016434997320175,40
spatialTask_combined,standard,juice,20.0,0.4981037899851799,0.49499627500772475,0.5015781447291374,40
spatialTask_combined,standard,juice,30.0,0.4988248348236084,0.4940838277339935,0.5035778880119324,40
spatialTask_combined,standard,juice,40.0,0.4988348841667175,0.4943973198533058,0.5030178591609001,40
spatialTask_combined,standard,juice,50.0,0.4970846578478813,0.49330160543322565,0.5011584520339966,40
spatialTask_combined,standard,juice,60.0,0.4967806525528431,0.4921051383018494,0.5011992514133453,40
spatialTask_combined,standard,juice,70.0,0.49520817771553993,0.4906472682952881,0.49980539456009865,40
spatialTask_combined,standard,juice,80.0,0.49903750568628313,0.49474733173847196,0.5032757699489594,40
spatialTask_combined,standard,juice,90.0,0.4988559797406197,0.4942370571196079,0.503632178902626,40
spatialTask_combined,standard,juice,100.0,0.49822650030255317,0.49370858147740365,0.5031837195158004,40
spatialTask_combined,standard,juice,110.0,0.4970442593097687,0.4923668190836906,0.5016602098941803,40
spatialTask_combined,standard,juice,120.0,0.49711585491895677,0.49239022433757784,0.5021521925926209,40
spatialTask_combined,standard,juice,130.0,0.497575518488884,0.49318275675177575,0.5020516291260719,40
spatialTask_combined,standard,juice,140.0,0.4996008530259132,0.49503903537988664,0.5039145722985268,40
spatialTask_combined,standard,juice,150.0,0.49779671207070353,0.4936093859374523,0.5017959624528885,40
spatialTask_combined,standard,juice,160.0,0.4969390019774437,0.49280296340584756,0.5009580284357071,40
spatialTask_combined,standard,juice,170.0,0.4966154031455517,0.4934492945671082,0.4997100196778774,40
spatialTask_combined,standard,juice,180.0,0.49676774218678477,0.4936015665531158,0.49980608448386193,40
spatialTask_combined,standard,juice,190.0,0.497216571867466,0.4939127184450626,0.5006486788392067,40
spatialTask_combined,standard,juice,200.0,0.49725023582577704,0.49385748952627184,0.5005623564124108,40
spatialTask_combined,standard,juice,210.0,0.49872918576002123,0.49530570209026337,0.5022472232580185,40
spatialTask_combined,standard,juice,220.0,0.49860255122184755,0.4951392851769924,0.5023136839270592,40
spatialTask_combined,standard,juice,230.0,0.4969701893627644,0.4937122829258442,0.5001941367983818,40
spatialTask_combined,standard,juice,240.0,0.5008067935705185,0.49702155217528343,0.5043518751859665,40
spatialTask_combined,standard,juice,250.0,0.4985767252743244,0.4950465425848961,0.5020352587103843,40
spatialTask_combined,standard,juice,260.0,0.49956914484500886,0.4956396661698818,0.5032198444008827,40
spatialTask_combined,standard,juice,270.0,0.499137781560421,0.4944136530160904,0.5032764568924903,40
spatialTask_combined,standard,juice,280.0,0.4970353193581104,0.4934177815914154,0.5002634555101395,40
spatialTask_combined,standard,juice,290.0,0.4995498679578304,0.4960943147540092,0.5028473004698754,40
spatialTask_combined,standard,juice,300.0,0.5002703309059143,0.4972735531628132,0.5029652446508408,40
spatialTask_combined,standard,juice,310.0,0.5004662722349167,0.49664773121476175,0.5043112650513649,40
spatialTask_combined,standard,juice,320.0,0.49887035191059115,0.49510389789938924,0.5025197029113769,40
spatialTask_combined,standard,juice,330.0,0.49840551167726516,0.49487742930650713,0.5018947273492813,40
spatialTask_combined,standard,juice,340.0,0.4992024049162865,0.49572795554995536,0.5024572074413299,40
spatialTask_combined,standard,juice,350.0,0.4969748094677925,0.49360151290893556,0.5003674075007438,40
spatialTask_combined,standard,juice,360.0,0.49861874133348466,0.49562748447060584,0.5015724614262581,40
spatialTask_combined,standard,juice,370.0,0.49786143377423286,0.4940305545926094,0.502030111849308,40
spatialTask_combined,standard,juice,380.0,0.5000507824122906,0.4965542569756508,0.5035393834114075,40
spatialTask_combined,standard,juice,390.0,0.4982705064117908,0.49411895647645,0.5025024503469467,40
spatialTask_combined,standard,juice,400.0,0.4976714365184307,0.49400522410869596,0.5014240771532059,40
spatialTask_combined,standard,juice,410.0,0.4971260569989681,0.49347522482275963,0.5008665204048157,40
spatialTask_combined,standard,juice,420.0,0.4973376624286175,0.49367423355579376,0.5009308710694313,40
spatialTask_combined,standard,juice,430.0,0.49580569192767143,0.4920890316367149,0.49937214478850367,40
spatialTask_combined,standard,juice,440.0,0.4952457442879677,0.49147375822067263,0.49911306202411654,40
spatialTask_combined,standard,juice,450.0,0.496794331073761,0.4930422857403755,0.5004879921674729,40
spatialTask_combined,standard,juice,460.0,0.4980758726596832,0.4941572405397892,0.5020983412861824,40
spatialTask_combined,standard,juice,470.0,0.49790223762393,0.4943660065531731,0.5011688470840454,40
spatialTask_combined,standard,juice,480.0,0.4983984552323818,0.4947511859238148,0.5019207492470741,40
spatialTask_combined,standard,juice,490.0,0.4979661747813225,0.49461612179875375,0.5011614874005318,40
spatialTask_combined,standard,juice,500.0,0.5553703382611275,0.5508800461888314,0.5605710640549659,40
spatialTask_combined,standard,juice,510.0,0.6246853768825531,0.6124396950006485,0.6362863168120384,40
spatialTask_combined,standard,juice,520.0,0.6663208335638047,0.6554191678762435,0.6771754413843155,40
spatialTask_combined,standard,juice,530.0,0.6882699996232986,0.6795902505517006,0.6964463844895363,40
spatialTask_combined,standard,juice,540.0,0.7030933007597924,0.6963974237442017,0.7098102882504463,40
spatialTask_combined,standard,juice,550.0,0.7102801039814949,0.7048068389296531,0.7164151832461357,40
spatialTask_combined,standard,juice,560.0,0.7136728420853615,0.7083146467804908,0.7192532435059548,40
spatialTask_combined,standard,juice,570.0,0.7145808979868888,0.7092440262436867,0.7202024921774864,40
spatialTask_combined,standard,juice,580.0,0.7157349705696106,0.7103838011622429,0.7212842360138894,40
spatialTask_combined,standard,juice,590.0,0.7164895713329316,0.7110175490379333,0.7220429301261901,40
spatialTask_combined,standard,juice,600.0,0.7158663868904114,0.7104597151279449,0.7213132292032242,40
spatialTask_combined,standard,juice,610.0,0.7168439954519272,0.7119468703866005,0.7217606425285339,40
spatialTask_combined,standard,juice,620.0,0.7166114524006844,0.7120569065213204,0.7216003775596619,40
spatialTask_combined,standard,juice,630.0,0.7172680556774139,0.7125435635447502,0.7223623842000961,40
spatialTask_combined,standard,juice,640.0,0.717032240331173,0.7123000666499137,0.7224975943565368,40
spatialTask_combined,standard,juice,650.0,0.7170691639184952,0.7122257068753243,0.7223091289401055,40
spatialTask_combined,standard,juice,660.0,0.7179466724395752,0.7130402833223343,0.7230813264846802,40
spatialTask_combined,standard,juice,670.0,0.7171834230422973,0.711972564458847,0.7224188163876534,40
spatialTask_combined,standard,juice,680.0,0.7172420561313629,0.7119536072015762,0.7228866085410118,40
spatialTask_combined,standard,juice,690.0,0.7171013310551644,0.7122005373239517,0.7227220460772514,40
spatialTask_combined,standard,juice,700.0,0.7175272613763809,0.7127962902188301,0.7230097368359566,40
spatialTask_combined,standard,juice,710.0,0.7174130767583847,0.7122517347335815,0.7229165732860565,40
spatialTask_combined,standard,juice,720.0,0.7173848673701286,0.7123256012797355,0.7227322936058045,40
spatialTask_combined,standard,juice,730.0,0.7165981829166412,0.7117164045572281,0.7219327345490456,40
spatialTask_combined,standard,juice,740.0,0.7161274909973144,0.7113234370946884,0.7216981157660485,40
spatialTask_combined,standard,juice,750.0,0.7158668816089631,0.7108219772577286,0.7211855888366699,40
spatialTask_combined,standard,juice,760.0,0.7152921617031097,0.7105367437005043,0.7205026015639305,40
spatialTask_combined,standard,juice,770.0,0.7156968414783478,0.7112775400280953,0.720872038602829,40
spatialTask_combined,standard,juice,780.0,0.7152582719922066,0.7106947064399719,0.7207955375313759,40
spatialTask_combined,standard,juice,790.0,0.7155636802315712,0.7107718423008919,0.7212510362267495,40
spatialTask_combined,standard,juice,800.0,0.7158372133970261,0.7109799712896347,0.721455043554306,40
spatialTask_combined,standard,juice,810.0,0.7162568360567093,0.7115360260009765,0.7220030277967453,40
spatialTask_combined,standard,juice,820.0,0.71577590405941,0.7107964649796485,0.7214607268571853,40
spatialTask_combined,standard,juice,830.0,0.7155241578817367,0.7104922249913216,0.7211666315793991,40
spatialTask_combined,standard,juice,840.0,0.7158801063895226,0.7109645113348961,0.7213476598262787,40
spatialTask_combined,standard,juice,850.0,0.7153376460075378,0.7104562923312188,0.7205789178609848,40
spatialTask_combined,standard,juice,860.0,0.7154128357768059,0.7106466144323349,0.7208605304360389,40
spatialTask_combined,standard,juice,870.0,0.7156232446432114,0.7109879776835442,0.72120171636343,40
spatialTask_combined,standard,juice,880.0,0.7159678399562835,0.7110419601202012,0.7214249342679977,40
spatialTask_combined,standard,juice,890.0,0.7155373901128769,0.7106621891260148,0.7208693578839303,40
spatialTask_combined,standard,juice,900.0,0.7154835507273674,0.7106447279453277,0.721118976175785,40
spatialTask_combined,standard,juice,910.0,0.7158980026841164,0.7111619502305985,0.7212052941322327,40
spatialTask_combined,standard,juice,920.0,0.7162065491080284,0.7116711094975472,0.7213061645627021,40
spatialTask_combined,standard,juice,930.0,0.7152501165866851,0.7104742169380188,0.7204864218831062,40
spatialTask_combined,standard,juice,940.0,0.7158608764410019,0.7109343990683555,0.7211747497320176,40
spatialTask_combined,standard,juice,950.0,0.7164061695337296,0.711517034471035,0.721447879076004,40
spatialTask_combined,standard,juice,960.0,0.7157902672886849,0.7108294859528541,0.7207422137260437,40
spatialTask_combined,standard,juice,970.0,0.7149811580777168,0.7101845607161522,0.7199566081166268,40
spatialTask_combined,standard,juice,980.0,0.7151376157999039,0.7103183791041374,0.7203102499246598,40
spatialTask_combined,standard,juice,990.0,0.7150833114981652,0.7101296812295914,0.7202969759702682,40
spatialTask_combined,standard,juice,1000.0,0.7157048150897026,0.7108164802193642,0.7208822950720787,40
spatialTask_combined,standard,juice,1010.0,0.7158414572477341,0.7109787479043007,0.7210813850164414,40
spatialTask_combined,standard,juice,1020.0,0.7166615501046181,0.7120054244995118,0.7215980052947998,40
spatialTask_combined,standard,juice,1030.0,0.7161969408392906,0.71136744171381,0.7213362917304039,40
spatialTask_combined,standard,juice,1040.0,0.7163809597492218,0.711300827562809,0.7215824335813522,40
spatialTask_combined,standard,juice,1050.0,0.7166690900921822,0.7113621279597282,0.7219687104225159,40
spatialTask_combined,standard,juice,1060.0,0.715768875181675,0.7106714606285095,0.7213128209114075,40
spatialTask_combined,standard,juice,1070.0,0.7161670684814453,0.7111620172858238,0.7215729385614396,40
spatialTask_combined,standard,juice,1080.0,0.716430701315403,0.7113685205578804,0.7218545630574227,40
spatialTask_combined,standard,juice,1090.0,0.7168296575546265,0.7118549391627311,0.7220119506120681,40
spatialTask_combined,standard,juice,1100.0,0.7164524480700493,0.7116159901022912,0.7216304689645767,40
spatialTask_combined,standard,juice,1110.0,0.7158484667539596,0.711052231490612,0.7214188545942306,40
spatialTask_combined,standard,juice,1120.0,0.71600993424654,0.7113257795572281,0.7212464928627014,40
spatialTask_combined,standard,juice,1130.0,0.7163299709558487,0.7114896774291992,0.7219303399324417,40
spatialTask_combined,standard,juice,1140.0,0.716878879070282,0.7121962636709214,0.7223196417093277,40
spatialTask_combined,standard,juice,1150.0,0.716055515408516,0.7114224508404732,0.7215395420789719,40
spatialTask_combined,standard,juice,1160.0,0.7158679127693176,0.7112467005848885,0.7213989943265915,40
spatialTask_combined,standard,juice,1170.0,0.7162697702646256,0.7115938305854798,0.7216312989592553,40
spatialTask_combined,standard,juice,1180.0,0.7156515404582023,0.7107544556260109,0.7210617378354073,40
spatialTask_combined,standard,juice,1190.0,0.716127397119999,0.7116067558526993,0.7214081346988678,40
spatialTask_combined,standard,juice,1200.0,0.7153319925069809,0.7108377993106842,0.7207229137420654,40
spatialTask_combined,standard,juice,1210.0,0.7165645346045494,0.7122123196721077,0.7219183132052421,40
spatialTask_combined,standard,juice,1220.0,0.7163749352097512,0.7116321206092835,0.7220828473567963,40
spatialTask_combined,standard,juice,1230.0,0.7162291526794433,0.7112946838140488,0.7213234156370163,40
spatialTask_combined,standard,juice,1240.0,0.7159834548830986,0.7112711891531944,0.7208711549639701,40
spatialTask_combined,standard,juice,1250.0,0.7159499421715736,0.7110421553254127,0.7210781186819076,40
spatialTask_combined,standard,juice,1260.0,0.7162250027060508,0.711209499835968,0.7214334040880204,40
spatialTask_combined,standard,juice,1270.0,0.7163771942257882,0.7114059090614319,0.7215261951088905,40
spatialTask_combined,standard,juice,1280.0,0.7172426521778107,0.7121249541640282,0.7226450979709625,40
spatialTask_combined,standard,juice,1290.0,0.716514864563942,0.711625973880291,0.7219168990850449,40
spatialTask_combined,standard,juice,1300.0,0.717121671140194,0.7122675061225892,0.7224604904651641,40
spatialTask_combined,standard,juice,1310.0,0.7171145543456078,0.7124955013394356,0.7221897363662719,40
spatialTask_combined,standard,juice,1320.0,0.7168695673346519,0.7118861109018326,0.7222612231969834,40
spatialTask_combined,standard,juice,1330.0,0.7170757263898849,0.7120241329073906,0.7223408043384552,40
spatialTask_combined,standard,juice,1340.0,0.7163747146725654,0.711480838060379,0.7214086279273033,40
spatialTask_combined,standard,juice,1350.0,0.7163948506116867,0.7114009723067284,0.7217393711209297,40
spatialTask_combined,standard,juice,1360.0,0.7164319887757301,0.7119125440716744,0.7214665740728379,40
spatialTask_combined,standard,juice,1370.0,0.716257567703724,0.7116876527667045,0.7213762894272804,40
spatialTask_combined,standard,juice,1380.0,0.7168219774961472,0.7122854262590408,0.7219074562191963,40
spatialTask_combined,standard,juice,1390.0,0.715788820385933,0.7110845223069191,0.7209497883915901,40
spatialTask_combined,standard,juice,1400.0,0.7154277667403222,0.71033795773983,0.7206274688243866,40
spatialTask_combined,standard,juice,1410.0,0.7153945237398147,0.7105232179164886,0.7203890234231949,40
spatialTask_combined,standard,juice,1420.0,0.7153829723596573,0.7105357736349106,0.7207126453518867,40
spatialTask_combined,standard,juice,1430.0,0.7154721990227699,0.7108795285224915,0.7203879088163376,40
spatialTask_combined,standard,juice,1440.0,0.7156523287296295,0.7109798803925514,0.7207001656293869,40
spatialTask_combined,standard,juice,1450.0,0.7159923061728477,0.7112542539834976,0.7206919893622399,40
spatialTask_combined,standard,juice,1460.0,0.7157202810049057,0.7110373184084893,0.7203552514314652,40
spatialTask_combined,standard,juice,1470.0,0.7150572329759598,0.7101407319307327,0.7198958337306977,40
spatialTask_combined,standard,juice,1480.0,0.7150417819619179,0.7101423889398575,0.7200718477368355,40
spatialTask_combined,standard,juice,1490.0,0.7153658285737038,0.7103864118456841,0.7202916860580444,40
spatialTask_combined,standard,juice,1500.0,0.9653818219900131,0.9632187381386756,0.967824624478817,40
spatialTask_combined,standard,juice,1510.0,0.9590798586606979,0.9561590611934662,0.9620123714208603,40
spatialTask_combined,standard,juice,1520.0,0.9525652214884758,0.9495258256793022,0.9553508430719375,40
spatialTask_combined,standard,juice,1530.0,0.9496540993452072,0.946879705786705,0.9519941538572312,40
spatialTask_combined,standard,juice,1540.0,0.9468781158328057,0.9437739789485932,0.9495211720466614,40
spatialTask_combined,standard,juice,1550.0,0.9440691292285919,0.9409422427415848,0.9470974862575531,40
spatialTask_combined,standard,juice,1560.0,0.9405293375253677,0.9363166034221649,0.9444136887788772,40
spatialTask_combined,standard,juice,1570.0,0.9388400703668595,0.93390701264143,0.9434539631009102,40
spatialTask_combined,standard,juice,1580.0,0.9372657269239426,0.9321143731474877,0.9422519952058792,40
spatialTask_combined,standard,juice,1590.0,0.9352339550852775,0.929515078663826,0.9408227518200875,40
spatialTask_combined,standard,juice,1600.0,0.9325412184000015,0.9257397294044495,0.9390108957886696,40
spatialTask_combined,standard,juice,1610.0,0.9314588293433189,0.9245973899960518,0.9381427139043808,40
spatialTask_combined,standard,juice,1620.0,0.9313203603029251,0.9246414870023727,0.9376568332314491,40
spatialTask_combined,standard,juice,1630.0,0.9314514130353928,0.9241318926215172,0.938230599462986,40
spatialTask_combined,standard,juice,1640.0,0.9312844052910805,0.923407731950283,0.938551451265812,40
spatialTask_combined,standard,juice,1650.0,0.9316711202263832,0.9236448690295219,0.9394757524132729,40
spatialTask_combined,standard,juice,1660.0,0.9334433138370514,0.925487570464611,0.9415032163262367,40
spatialTask_combined,standard,juice,1670.0,0.9348563477396965,0.9265573367476463,0.9430733948946,40
spatialTask_combined,standard,juice,1680.0,0.9349455282092094,0.9261993557214737,0.9434328779578209,40
spatialTask_combined,standard,juice,1690.0,0.9344247460365296,0.9255242392420768,0.9428769052028656,40
spatialTask_combined,standard,juice,1700.0,0.9333933174610138,0.9242448925971984,0.9416469007730484,40
spatialTask_combined,standard,juice,1710.0,0.933319965004921,0.9237450674176216,0.9422866195440293,40
spatialTask_combined,standard,juice,1720.0,0.9333778128027916,0.9235619634389878,0.9424570858478546,40
spatialTask_combined,standard,juice,1730.0,0.9335909962654114,0.9233470529317855,0.9431647226214409,40
spatialTask_combined,standard,juice,1740.0,0.9332543402910233,0.9227427124977112,0.9432271480560303,40
spatialTask_combined,standard,juice,1750.0,0.9329270750284195,0.9223835811018943,0.9430560603737831,40
spatialTask_combined,standard,juice,1760.0,0.9333612084388733,0.9227278888225555,0.9432202577590942,40
spatialTask_combined,standard,juice,1770.0,0.933782859146595,0.9230381071567535,0.9433497115969658,40
spatialTask_combined,standard,juice,1780.0,0.9339789986610413,0.9232097744941712,0.9441529780626297,40
spatialTask_combined,standard,juice,1790.0,0.9342626288533211,0.9231139361858368,0.9449021205306053,40
spatialTask_combined,standard,juice,1800.0,0.934933502972126,0.9234489440917969,0.9460572734475136,40
spatialTask_combined,standard,juice,1810.0,0.9348602205514908,0.9233949095010757,0.9460736513137817,40
spatialTask_combined,standard,juice,1820.0,0.9350305184721946,0.9230726182460784,0.9458637312054634,40
spatialTask_combined,standard,juice,1830.0,0.934871019423008,0.9230977073311806,0.9453634828329086,40
spatialTask_combined,standard,juice,1840.0,0.9346396654844285,0.9224513486027718,0.9452041879296302,40
spatialTask_combined,standard,juice,1850.0,0.9356820374727249,0.9231918841600418,0.9458937272429466,40
spatialTask_combined,standard,juice,1860.0,0.9359555691480637,0.9234841734170913,0.9460082367062569,40
spatialTask_combined,standard,juice,1870.0,0.9360563084483147,0.9239860877394677,0.9461384743452073,40
spatialTask_combined,standard,juice,1880.0,0.9377505764365196,0.9256300076842308,0.9475670695304871,40
spatialTask_combined,standard,juice,1890.0,0.9391491398215294,0.9271958202123642,0.9491775631904602,40
spatialTask_combined,standard,juice,1900.0,0.9401826664805413,0.9283007428050041,0.9503125131130219,40
spatialTask_combined,standard,juice,1910.0,0.9414247244596481,0.9299767136573791,0.9513863861560822,40
spatialTask_combined,standard,juice,1920.0,0.9417358458042144,0.930141992866993,0.9515532195568085,40
spatialTask_combined,standard,juice,1930.0,0.941445529460907,0.9299583703279495,0.9513223156332969,40
spatialTask_combined,standard,juice,1940.0,0.9420824542641639,0.9307670772075654,0.9524450793862342,40
spatialTask_combined,standard,juice,1950.0,0.9418853893876076,0.9305139392614364,0.9522895589470863,40
spatialTask_combined,standard,juice,1960.0,0.9425337493419648,0.9312185123562813,0.9529080241918564,40
spatialTask_combined,standard,juice,1970.0,0.9431146502494812,0.9321890980005264,0.9531804189085961,40
spatialTask_combined,standard,juice,1980.0,0.9437141358852387,0.9334280312061309,0.9532316565513611,40
spatialTask_combined,standard,juice,1990.0,0.9443819895386696,0.9346314385533333,0.9535425841808319,40
spatialTask_combined,standard,juice,2000.0,0.9453017011284828,0.936221906542778,0.9541002318263054,40
spatialTask_combined,standard,juice,2010.0,0.9456642463803291,0.9367090478539467,0.9544082254171371,40
spatialTask_combined,standard,juice,2020.0,0.9454439625144004,0.9369217664003372,0.9541554048657417,40
spatialTask_combined,standard,juice,2030.0,0.9454226613044738,0.9366902515292168,0.9538597032427788,40
spatialTask_combined,standard,juice,2040.0,0.9455372914671898,0.9369954273104668,0.9539916679263115,40
spatialTask_combined,standard,juice,2050.0,0.9455901965498924,0.9369169607758522,0.9541358754038811,40
spatialTask_combined,standard,juice,2060.0,0.9454362288117408,0.9369176253676414,0.9539639264345169,40
spatialTask_combined,standard,juice,2070.0,0.9444430977106094,0.9356390208005905,0.9531753480434417,40
spatialTask_combined,standard,juice,2080.0,0.9436636924743652,0.9348360896110535,0.9528770625591279,40
spatialTask_combined,standard,juice,2090.0,0.942939467728138,0.9339383944869042,0.9522979989647865,40
spatialTask_combined,standard,juice,2100.0,0.9418727964162826,0.9330314859747887,0.9515502378344536,40
spatialTask_combined,standard,juice,2110.0,0.9404483541846276,0.9313452914357185,0.9502644315361977,40
spatialTask_combined,standard,juice,2120.0,0.9392694517970085,0.9300971910357475,0.9493923336267471,40
spatialTask_combined,standard,juice,2130.0,0.9385609030723572,0.9291573002934456,0.948800228536129,40
spatialTask_combined,standard,juice,2140.0,0.9378107205033303,0.9282038539648056,0.9482228726148605,40
spatialTask_combined,standard,juice,2150.0,0.9375796183943749,0.9278581827878952,0.9482128247618675,40
spatialTask_combined,standard,juice,2160.0,0.9361410453915596,0.9257018655538559,0.9472303733229637,40
spatialTask_combined,standard,juice,2170.0,0.9346688687801361,0.9239381700754166,0.9457986384630204,40
spatialTask_combined,standard,juice,2180.0,0.9331850126385689,0.9222686931490898,0.9442213758826256,40
spatialTask_combined,standard,juice,2190.0,0.931069715321064,0.9194735646247864,0.942777469754219,40
spatialTask_combined,standard,juice,2200.0,0.9291530832648277,0.9170083612203598,0.9411847084760666,40
spatialTask_combined,standard,juice,2210.0,0.9268939554691314,0.9144880831241607,0.9390957325696945,40
spatialTask_combined,standard,juice,2220.0,0.9244615018367768,0.91149270683527,0.9376290768384934,40
spatialTask_combined,standard,juice,2230.0,0.922466105222702,0.9092119574546814,0.9353736490011215,40
spatialTask_combined,standard,juice,2240.0,0.9199922770261765,0.9064892962574959,0.9331081092357635,40
spatialTask_combined,standard,juice,2250.0,0.9179680213332176,0.9044823765754699,0.9315875515341758,40
spatialTask_combined,standard,juice,2260.0,0.9159740462899209,0.9022073447704315,0.9299711346626282,40
spatialTask_combined,standard,juice,2270.0,0.9149113833904267,0.9001455411314965,0.9294519335031509,40
spatialTask_combined,standard,juice,2280.0,0.9129193365573883,0.8975142270326615,0.9282218217849731,40
spatialTask_combined,standard,juice,2290.0,0.9108332023024559,0.8952584698796272,0.926291038095951,40
spatialTask_combined,standard,juice,2300.0,0.909485685825348,0.8935313105583191,0.9254119217395782,40
spatialTask_combined,standard,juice,2310.0,0.9081592291593552,0.8920757606625557,0.9242937058210373,40
spatialTask_combined,standard,juice,2320.0,0.9057318434119225,0.8887500792741776,0.922293809056282,40
spatialTask_combined,standard,juice,2330.0,0.9033783435821533,0.8859250977635383,0.9205134108662605,40
spatialTask_combined,standard,juice,2340.0,0.9011187732219696,0.883537033200264,0.9182979166507721,40
spatialTask_combined,standard,juice,2350.0,0.8989425331354142,0.8816015616059303,0.9158898651599884,40
spatialTask_combined,standard,juice,2360.0,0.896906866133213,0.8792679473757744,0.9144940257072449,40
spatialTask_combined,standard,juice,2370.0,0.8944675594568252,0.8764812916517257,0.9115903988480568,40
spatialTask_combined,standard,juice,2380.0,0.8916735410690307,0.8735128894448281,0.9090287759900093,40
spatialTask_combined,standard,juice,2390.0,0.888507729768753,0.8703933700919151,0.9055631890892982,40
spatialTask_combined,standard,juice,2400.0,0.8849112659692764,0.8675594806671143,0.9020902678370476,40
spatialTask_combined,standard,juice,2410.0,0.8822608485817909,0.8649435088038444,0.8989142507314682,40
spatialTask_combined,standard,juice,2420.0,0.8790019229054451,0.8613773241639138,0.8958108305931092,40
spatialTask_combined,standard,juice,2430.0,0.8759595528244972,0.8587525010108947,0.8922446757555008,40
spatialTask_combined,standard,juice,2440.0,0.8726751059293747,0.8558208048343658,0.8884993985295295,40
spatialTask_combined,standard,juice,2450.0,0.8697753146290779,0.8528833538293839,0.8860097646713256,40
spatialTask_combined,standard,juice,2460.0,0.8667153626680374,0.8502476394176484,0.883096843957901,40
spatialTask_combined,standard,juice,2470.0,0.8620757550001145,0.8459324300289154,0.8781589299440384,40
spatialTask_combined,standard,juice,2480.0,0.8571686431765556,0.8403725281357766,0.8740478917956352,40
spatialTask_combined,standard,juice,2490.0,0.853000457584858,0.8361060813069343,0.8698020592331887,40
spatialTask_combined,standard,juice,2500.0,0.8489568218588829,0.8314294502139091,0.8661587104201317,40
spatialTask_combined,standard,juice,2510.0,0.8463895320892334,0.8287253841757775,0.8631447613239288,40
spatialTask_combined,standard,juice,2520.0,0.8445807084441185,0.8265848994255066,0.8610629752278328,40
spatialTask_combined,standard,juice,2530.0,0.8418016776442527,0.8243310272693634,0.8585804998874664,40
spatialTask_combined,standard,juice,2540.0,0.8384376376867294,0.8210878536105156,0.855271777510643,40
spatialTask_combined,standard,juice,2550.0,0.8347623705863952,0.817789189517498,0.8515500903129578,40
spatialTask_combined,standard,juice,2560.0,0.831244507431984,0.8139188393950463,0.8483745262026787,40
spatialTask_combined,standard,juice,2570.0,0.8254075691103935,0.8074353322386741,0.8432449519634246,40
spatialTask_combined,standard,juice,2580.0,0.8193330466747284,0.800900699198246,0.837222409248352,40
spatialTask_combined,standard,juice,2590.0,0.8153047487139702,0.7965500578284264,0.8339358821511269,40
spatialTask_combined,standard,juice,2600.0,0.812280249595642,0.7935550168156624,0.8311727777123451,40
spatialTask_combined,standard,juice,2610.0,0.8094989955425262,0.7900717660784722,0.8289786905050278,40
spatialTask_combined,standard,juice,2620.0,0.8058092072606087,0.7864897578954697,0.8250930920243263,40
spatialTask_combined,standard,juice,2630.0,0.8017744824290276,0.7822827711701393,0.8213947832584381,40
spatialTask_combined,standard,juice,2640.0,0.7984535962343215,0.7785621255636215,0.8178698748350144,40
spatialTask_combined,standard,juice,2650.0,0.7946304649114608,0.7744577825069427,0.8141783058643342,40
spatialTask_combined,standard,juice,2660.0,0.7916930705308914,0.7709481120109558,0.8111668333411217,40
spatialTask_combined,standard,juice,2670.0,0.7884367182850838,0.7677237704396248,0.807681405544281,40
spatialTask_combined,standard,juice,2680.0,0.784508940577507,0.7639912500977516,0.8037229225039482,40
spatialTask_combined,standard,juice,2690.0,0.7802949100732803,0.759390814602375,0.7997628375887871,40
spatialTask_combined,standard,juice,2700.0,0.7773241758346557,0.7568026199936867,0.7964301437139512,40
spatialTask_combined,standard,juice,2710.0,0.7743652448058128,0.7536127805709839,0.7931633561849594,40
spatialTask_combined,standard,juice,2720.0,0.7691758096218109,0.7481329202651977,0.7883370324969292,40
spatialTask_combined,standard,juice,2730.0,0.7666316613554954,0.7456229954957962,0.7857976362109185,40
spatialTask_combined,standard,juice,2740.0,0.7642940118908882,0.7435997575521469,0.7833341047167778,40
spatialTask_combined,standard,juice,2750.0,0.7614049717783928,0.7397976830601692,0.7799172431230545,40
spatialTask_combined,standard,juice,2760.0,0.7557798773050308,0.734044200181961,0.7752751722931862,40
spatialTask_combined,standard,juice,2770.0,0.7516494616866112,0.7305929720401764,0.7706647694110871,40
spatialTask_combined,standard,juice,2780.0,0.7457988023757934,0.7236375391483307,0.7654913678765297,40
spatialTask_combined,standard,juice,2790.0,0.742578211426735,0.7205612689256669,0.7622589394450188,40
spatialTask_combined,standard,juice,2800.0,0.7381167888641358,0.7162697181105614,0.757370936870575,40
spatialTask_combined,standard,juice,2810.0,0.735202032327652,0.7142849400639534,0.7541759788990021,40
spatialTask_combined,standard,juice,2820.0,0.7315194234251976,0.7103789642453193,0.7505049601197242,40
spatialTask_combined,standard,juice,2830.0,0.7277922570705414,0.7075545892119408,0.7467612519860267,40
spatialTask_combined,standard,juice,2840.0,0.724842692911625,0.7040613785386085,0.7436621904373169,40
spatialTask_combined,standard,juice,2850.0,0.7223097398877144,0.7015995293855667,0.7411758705973626,40
spatialTask_combined,standard,juice,2860.0,0.7171731218695641,0.6976077139377594,0.7353067815303802,40
spatialTask_combined,standard,juice,2870.0,0.7146329879760742,0.695418693125248,0.7328767985105514,40
spatialTask_combined,standard,juice,2880.0,0.7118318125605583,0.6925797745585441,0.7306745633482933,40
spatialTask_combined,standard,juice,2890.0,0.710050605237484,0.6898932233452797,0.7293547242879868,40
spatialTask_combined,standard,juice,2900.0,0.7065410062670707,0.6867820829153061,0.7254629090428353,40
spatialTask_combined,standard,juice,2910.0,0.7016533657908439,0.6818930879235268,0.7211989253759384,40
spatialTask_combined,standard,juice,2920.0,0.7003684028983116,0.6806954249739647,0.7196294069290161,40
spatialTask_combined,standard,juice,2930.0,0.6971873328089714,0.6766624674201012,0.7162201464176178,40
spatialTask_combined,standard,juice,2940.0,0.6945377126336097,0.6744723662734031,0.7131688088178635,40
spatialTask_combined,standard,juice,2950.0,0.6915775015950203,0.670252650976181,0.710749939084053,40
spatialTask_combined,standard,juice,2960.0,0.68773303180933,0.6667498841881752,0.706823681294918,40
spatialTask_combined,standard,juice,2970.0,0.685494476556778,0.664292722940445,0.7046468988060951,40
spatialTask_combined,standard,juice,2980.0,0.6825991362333298,0.6617914602160454,0.7016352504491806,40
spatialTask_combined,standard,juice,2990.0,0.6797366857528686,0.65936269313097,0.698507060110569,40
spatialTask_combined,standard,juice,3000.0,0.6751593738794327,0.6544482976198196,0.6947603523731232,40
spatialTask_combined,standard,juice,3010.0,0.673432993888855,0.6527308270335197,0.6930889904499054,40
spatialTask_combined,standard,juice,3020.0,0.6672570124268532,0.6470963582396507,0.6857395082712173,40
spatialTask_combined,standard,juice,3030.0,0.6655686751008034,0.6461398243904114,0.6835629165172576,40
spatialTask_combined,standard,juice,3040.0,0.6650909289717675,0.6460637539625168,0.6832535058259964,40
spatialTask_combined,standard,juice,3050.0,0.6646648734807968,0.6453820630908013,0.6829943805932999,40
spatialTask_combined,standard,juice,3060.0,0.6607404395937919,0.641934123635292,0.6791850551962852,40
spatialTask_combined,standard,juice,3070.0,0.6559694945812226,0.6372221305966377,0.675076873600483,40
spatialTask_combined,standard,juice,3080.0,0.6536815792322159,0.6342695221304894,0.6733852326869965,40
spatialTask_combined,standard,juice,3090.0,0.6483331903815269,0.6281346544623375,0.6674684420228004,40
spatialTask_combined,standard,juice,3100.0,0.6465534999966621,0.6275044336915017,0.6651210948824883,40
spatialTask_combined,standard,juice,3110.0,0.6461062878370285,0.6273581132292747,0.6631150707602501,40
spatialTask_combined,standard,juice,3120.0,0.6440955936908722,0.6255712673068047,0.6619113817811012,40
spatialTask_combined,standard,juice,3130.0,0.6433334693312645,0.6245896771550179,0.6609550416469574,40
spatialTask_combined,standard,juice,3140.0,0.6409618750214576,0.6230261817574501,0.6584915801882744,40
spatialTask_combined,standard,juice,3150.0,0.6377194732427597,0.6212751165032386,0.6539209514856339,40
spatialTask_combined,standard,juice,3160.0,0.6364113137125968,0.6194928541779519,0.6525685444474221,40
spatialTask_combined,standard,juice,3170.0,0.6343830078840256,0.618216547369957,0.6497090652585029,40
spatialTask_combined,standard,juice,3180.0,0.6321836471557617,0.6164448365569115,0.6471699625253677,40
spatialTask_combined,standard,juice,3190.0,0.6283353999257087,0.612213271856308,0.6439416170120239,40
spatialTask_combined,standard,order,0.0,0.5013285145163536,0.4974764041602612,0.5051542341709137,40
spatialTask_combined,standard,order,10.0,0.4991523213684559,0.4954997062683105,0.5029278665781021,40
spatialTask_combined,standard,order,20.0,0.4987922929227352,0.49479386806488035,0.5031157568097114,40
spatialTask_combined,standard,order,30.0,0.49986045956611636,0.49646375998854636,0.5035890817642212,40
spatialTask_combined,standard,order,40.0,0.501448068767786,0.497218856215477,0.5057448968291283,40
spatialTask_combined,standard,order,50.0,0.49985766038298607,0.496169850230217,0.503689919412136,40
spatialTask_combined,standard,order,60.0,0.49894896894693375,0.49469743147492407,0.5034298181533814,40
spatialTask_combined,standard,order,70.0,0.49894014447927476,0.49478490129113195,0.5028345376253128,40
spatialTask_combined,standard,order,80.0,0.500359958410263,0.49617053270339967,0.5044214889407158,40
spatialTask_combined,standard,order,90.0,0.5005853824317456,0.4966773234307766,0.5049496233463288,40
spatialTask_combined,standard,order,100.0,0.49938024654984475,0.4954412117600441,0.5036644458770752,40
spatialTask_combined,standard,order,110.0,0.5010982178151607,0.49703418985009196,0.5055194392800331,40
spatialTask_combined,standard,order,120.0,0.5017150267958641,0.4976275198161602,0.5055930748581886,40
spatialTask_combined,standard,order,130.0,0.5024067223072052,0.49833356961607933,0.5066088393330574,40
spatialTask_combined,standard,order,140.0,0.5029494851827622,0.4985821582376957,0.5071740910410881,40
spatialTask_combined,standard,order,150.0,0.5018839552998543,0.49831471517682074,0.5057323545217514,40
spatialTask_combined,standard,order,160.0,0.5018226571381093,0.49783114418387414,0.5063057750463485,40
spatialTask_combined,standard,order,170.0,0.5019881412386894,0.49829901978373525,0.5057737454771996,40
spatialTask_combined,standard,order,180.0,0.5014547444880009,0.49721861332654954,0.5056203976273537,40
spatialTask_combined,standard,order,190.0,0.5009651280939579,0.4971005193889141,0.5054552555084229,40
spatialTask_combined,standard,order,200.0,0.5012654416263104,0.4975892163813114,0.5053328394889831,40
spatialTask_combined,standard,order,210.0,0.5016219183802605,0.49768266901373864,0.5058371841907501,40
spatialTask_combined,standard,order,220.0,0.5021067231893539,0.49837229698896407,0.5060159802436829,40
spatialTask_combined,standard,order,230.0,0.5018457472324371,0.4983479827642441,0.5058096468448638,40
spatialTask_combined,standard,order,240.0,0.5014004752039909,0.4977595053613186,0.5051092475652694,40
spatialTask_combined,standard,order,250.0,0.5024442501366139,0.49897411838173866,0.5061195746064187,40
spatialTask_combined,standard,order,260.0,0.5002745427191257,0.49620739072561265,0.5041292473673821,40
spatialTask_combined,standard,order,270.0,0.4996950633823872,0.4965191677212715,0.5030736371874809,40
spatialTask_combined,standard,order,280.0,0.5012930475175381,0.49812094643712046,0.5044446423649788,40
spatialTask_combined,standard,order,290.0,0.5013583637773991,0.4977218806743622,0.5050019726157189,40
spatialTask_combined,standard,order,300.0,0.5011700429022312,0.497275061160326,0.5048439204692841,40
spatialTask_combined,standard,order,310.0,0.5009432651102543,0.49714415371417997,0.504491874575615,40
spatialTask_combined,standard,order,320.0,0.5003017380833625,0.49643862545490264,0.5039853066205978,40
spatialTask_combined,standard,order,330.0,0.5007272221148014,0.4977510325610638,0.503510345518589,40
spatialTask_combined,standard,order,340.0,0.5011834152042866,0.4977276802062988,0.5043019577860832,40
spatialTask_combined,standard,order,350.0,0.5020216345787049,0.4990262009203434,0.5050125762820243,40
spatialTask_combined,standard,order,360.0,0.5016496188938617,0.4987728975713253,0.5048111408948899,40
spatialTask_combined,standard,order,370.0,0.5010794900357723,0.49736879840493203,0.5048770472407341,40
spatialTask_combined,standard,order,380.0,0.5041665188968182,0.4997384212911129,0.5086418628692627,40
spatialTask_combined,standard,order,390.0,0.5002255320549012,0.4967273086309433,0.503718014061451,40
spatialTask_combined,standard,order,400.0,0.5018123477697373,0.49880344718694686,0.5047290205955506,40
spatialTask_combined,standard,order,410.0,0.5007243230938911,0.49736157059669495,0.5043297782540321,40
spatialTask_combined,standard,order,420.0,0.5005184158682823,0.49763882979750634,0.5036203414201736,40
spatialTask_combined,standard,order,430.0,0.5014468282461166,0.4975611910223961,0.5052578136324882,40
spatialTask_combined,standard,order,440.0,0.502280107140541,0.49874265491962433,0.5062310934066773,40
spatialTask_combined,standard,order,450.0,0.5027394160628319,0.4988494724035263,0.5068119555711746,40
spatialTask_combined,standard,order,460.0,0.5030670292675495,0.499251938611269,0.5068389177322388,40
spatialTask_combined,standard,order,470.0,0.5037866175174713,0.5000327333807946,0.5076616734266282,40
spatialTask_combined,standard,order,480.0,0.5044754900038242,0.5009302124381065,0.5080064401030541,40
spatialTask_combined,standard,order,490.0,0.5044697858393192,0.5014869272708893,0.5081448704004288,40
spatialTask_combined,standard,order,500.0,0.7201177209615708,0.7157614722847938,0.7243275597691536,40
spatialTask_combined,standard,order,510.0,0.7197024971246719,0.714815753698349,0.724406972527504,40
spatialTask_combined,standard,order,520.0,0.7200028643012046,0.7151390895247459,0.7247092708945274,40
spatialTask_combined,standard,order,530.0,0.7199609637260437,0.7149946808815002,0.7246755301952362,40
spatialTask_combined,standard,order,540.0,0.7192274302244186,0.7144637510180474,0.723798394203186,40
spatialTask_combined,standard,order,550.0,0.7198735997080803,0.7153047248721123,0.7244047179818154,40
spatialTask_combined,standard,order,560.0,0.719475245475769,0.7147047236561775,0.7242747485637665,40
spatialTask_combined,standard,order,570.0,0.7197096332907676,0.7152051135897637,0.7241835221648216,40
spatialTask_combined,standard,order,580.0,0.7194245502352714,0.715039798617363,0.7240824595093727,40
spatialTask_combined,standard,order,590.0,0.7178277015686035,0.7130769923329353,0.7224015101790429,40
spatialTask_combined,standard,order,600.0,0.7181825175881386,0.7135575369000435,0.7228360056877137,40
spatialTask_combined,standard,order,610.0,0.7178781613707542,0.7132508292794227,0.7222950085997581,40
spatialTask_combined,standard,order,620.0,0.7177192404866218,0.7130352973937988,0.7221466511487961,40
spatialTask_combined,standard,order,630.0,0.7173676863312721,0.7127944573760032,0.7216828837990761,40
spatialTask_combined,standard,order,640.0,0.7171331509947777,0.712405326962471,0.7214691743254662,40
spatialTask_combined,standard,order,650.0,0.7171192094683647,0.7123963207006454,0.721794855594635,40
spatialTask_combined,standard,order,660.0,0.7181420534849167,0.7136623367667199,0.7223918244242669,40
spatialTask_combined,standard,order,670.0,0.7171979710459709,0.7125221267342567,0.7217239931225776,40
spatialTask_combined,standard,order,680.0,0.7172440990805626,0.7127164304256439,0.7218920767307282,40
spatialTask_combined,standard,order,690.0,0.7175685137510299,0.7133223980665206,0.7219484061002731,40
spatialTask_combined,standard,order,700.0,0.7172287657856942,0.71266720443964,0.7216404706239701,40
spatialTask_combined,standard,order,710.0,0.7171382933855057,0.7124407514929771,0.7216540291905403,40
spatialTask_combined,standard,order,720.0,0.7162966936826706,0.7116563901305198,0.7207150384783745,40
spatialTask_combined,standard,order,730.0,0.7159978434443474,0.7115147322416305,0.7205036446452141,40
spatialTask_combined,standard,order,740.0,0.7156286969780922,0.7111960560083389,0.7200658053159714,40
spatialTask_combined,standard,order,750.0,0.7162458166480065,0.7117278099060058,0.7206248357892037,40
spatialTask_combined,standard,order,760.0,0.7159599751234055,0.7116850316524506,0.7205226629972458,40
spatialTask_combined,standard,order,770.0,0.715697567164898,0.7113438248634338,0.7203670382499695,40
spatialTask_combined,standard,order,780.0,0.7164245173335075,0.712028120458126,0.7208256289362908,40
spatialTask_combined,standard,order,790.0,0.7166857346892357,0.7119465842843056,0.7211265414953232,40
spatialTask_combined,standard,order,800.0,0.7163157731294632,0.7119774013757706,0.7207150503993034,40
spatialTask_combined,standard,order,810.0,0.7162021294236183,0.7117638349533081,0.7206130862236023,40
spatialTask_combined,standard,order,820.0,0.7160944312810897,0.7115620046854019,0.720662072300911,40
spatialTask_combined,standard,order,830.0,0.7163440197706222,0.7117774605751037,0.7210242286324501,40
spatialTask_combined,standard,order,840.0,0.7153066650032998,0.710737195611,0.7200610384345054,40
spatialTask_combined,standard,order,850.0,0.7156081169843673,0.7111506864428521,0.7200848683714867,40
spatialTask_combined,standard,order,860.0,0.7158018752932549,0.7110974863171577,0.7200623139739036,40
spatialTask_combined,standard,order,870.0,0.7156273320317268,0.7109563231468201,0.7202385798096657,40
spatialTask_combined,standard,order,880.0,0.715606963634491,0.7109418600797653,0.7201560467481614,40
spatialTask_combined,standard,order,890.0,0.7151972591876984,0.710417403280735,0.7198638781905174,40
spatialTask_combined,standard,order,900.0,0.7163902804255485,0.7117136314511299,0.7210481405258179,40
spatialTask_combined,standard,order,910.0,0.7159280449151992,0.7110958755016327,0.7206732928752899,40
spatialTask_combined,standard,order,920.0,0.7157903879880905,0.7110269024968148,0.7203778311610222,40
spatialTask_combined,standard,order,930.0,0.716691541671753,0.7121510878205299,0.7214090764522553,40
spatialTask_combined,standard,order,940.0,0.7156709432601929,0.7112608775496483,0.7203455537557601,40
spatialTask_combined,standard,order,950.0,0.7163108572363853,0.711838036775589,0.7206972420215607,40
spatialTask_combined,standard,order,960.0,0.7159980237483978,0.7116518244147301,0.7204424008727074,40
spatialTask_combined,standard,order,970.0,0.7159197941422463,0.7117129415273666,0.7204091057181359,40
spatialTask_combined,standard,order,980.0,0.7154971420764923,0.7110544562339782,0.7201089963316918,40
spatialTask_combined,standard,order,990.0,0.7157868072390556,0.7114143148064613,0.7203022032976151,40
spatialTask_combined,standard,order,1000.0,0.7156393229961395,0.7110613599419594,0.7199642226099968,40
spatialTask_combined,standard,order,1010.0,0.7156637474894524,0.7109805479645729,0.7202016606926918,40
spatialTask_combined,standard,order,1020.0,0.7156986773014069,0.7113011285662652,0.7199581161141395,40
spatialTask_combined,standard,order,1030.0,0.7165197491645813,0.7121321827173233,0.7209648013114929,40
spatialTask_combined,standard,order,1040.0,0.7162302047014236,0.7116664007306099,0.7207390993833542,40
spatialTask_combined,standard,order,1050.0,0.7162034422159195,0.711760102212429,0.7207726165652275,40
spatialTask_combined,standard,order,1060.0,0.7172223016619682,0.7125729694962502,0.7218952298164367,40
spatialTask_combined,standard,order,1070.0,0.716076223552227,0.7113967433571815,0.7208267092704773,40
spatialTask_combined,standard,order,1080.0,0.7160788461565971,0.7111686438322067,0.7208038821816445,40
spatialTask_combined,standard,order,1090.0,0.7171219602227211,0.7126590281724929,0.7216421604156494,40
spatialTask_combined,standard,order,1100.0,0.7164677605032921,0.7117535918951035,0.7211015656590462,40
spatialTask_combined,standard,order,1110.0,0.7157594040036201,0.7112029612064361,0.7205049797892571,40
spatialTask_combined,standard,order,1120.0,0.7156683847308158,0.7110286965966225,0.7201803267002106,40
spatialTask_combined,standard,order,1130.0,0.716813112795353,0.7120239466428757,0.7214153632521629,40
spatialTask_combined,standard,order,1140.0,0.7165144667029381,0.7117361068725586,0.721111610531807,40
spatialTask_combined,standard,order,1150.0,0.7166701197624207,0.7119167372584343,0.721622659265995,40
spatialTask_combined,standard,order,1160.0,0.7166867554187775,0.711954052746296,0.7214549213647843,40
spatialTask_combined,standard,order,1170.0,0.7163629829883575,0.7116377413272857,0.7210694953799248,40
spatialTask_combined,standard,order,1180.0,0.7165864840149879,0.7116783067584038,0.7211829349398613,40
spatialTask_combined,standard,order,1190.0,0.7160751327872277,0.7113474816083908,0.7205771163105965,40
spatialTask_combined,standard,order,1200.0,0.7157105922698974,0.7110848039388656,0.7203782886266709,40
spatialTask_combined,standard,order,1210.0,0.7157078444957733,0.7112507939338684,0.7202413499355316,40
spatialTask_combined,standard,order,1220.0,0.7155865296721459,0.7109166026115418,0.7202282801270485,40
spatialTask_combined,standard,order,1230.0,0.7157267421483994,0.7112221539020538,0.7203583225607872,40
spatialTask_combined,standard,order,1240.0,0.7160955548286438,0.7113987177610397,0.7208111822605133,40
spatialTask_combined,standard,order,1250.0,0.7154893174767494,0.7107097253203392,0.7201903954148292,40
spatialTask_combined,standard,order,1260.0,0.7151767238974571,0.7105779498815536,0.7199923664331436,40
spatialTask_combined,standard,order,1270.0,0.7157620191574097,0.7111240550875664,0.7204860612750054,40
spatialTask_combined,standard,order,1280.0,0.7154774695634842,0.7107412114739418,0.7202491804957389,40
spatialTask_combined,standard,order,1290.0,0.7158613994717598,0.7109825417399407,0.7206033498048783,40
spatialTask_combined,standard,order,1300.0,0.7158541426062583,0.7109168723225594,0.7206793993711471,40
spatialTask_combined,standard,order,1310.0,0.7157174542546272,0.7108309268951416,0.7204819694161415,40
spatialTask_combined,standard,order,1320.0,0.7150714874267579,0.7101529031991959,0.7198461130261421,40
spatialTask_combined,standard,order,1330.0,0.7158615350723266,0.7109508946537971,0.7205952033400536,40
spatialTask_combined,standard,order,1340.0,0.7155909419059754,0.7106728076934814,0.7203109130263329,40
spatialTask_combined,standard,order,1350.0,0.7152669042348861,0.7103224545717239,0.7200148582458497,40
spatialTask_combined,standard,order,1360.0,0.715543945133686,0.7108098790049553,0.7201610833406449,40
spatialTask_combined,standard,order,1370.0,0.7156708985567093,0.7107125818729401,0.7204482167959213,40
spatialTask_combined,standard,order,1380.0,0.7158908545970917,0.7109715864062309,0.7204524978995324,40
spatialTask_combined,standard,order,1390.0,0.7159297943115235,0.7111094504594803,0.7205871805548668,40
spatialTask_combined,standard,order,1400.0,0.715583036839962,0.7108602538704872,0.7200482577085495,40
spatialTask_combined,standard,order,1410.0,0.7150984615087509,0.7100959986448288,0.7196786016225815,40
spatialTask_combined,standard,order,1420.0,0.715180116891861,0.710409301519394,0.7197119846940041,40
spatialTask_combined,standard,order,1430.0,0.7151565909385681,0.710108083486557,0.7201268583536148,40
spatialTask_combined,standard,order,1440.0,0.7157117068767548,0.7110754698514938,0.7202406242489815,40
spatialTask_combined,standard,order,1450.0,0.7154704615473747,0.7111080005764961,0.719943456351757,40
spatialTask_combined,standard,order,1460.0,0.7152254357933998,0.7105058178305625,0.7197913631796837,40
spatialTask_combined,standard,order,1470.0,0.7148820161819458,0.70990389585495,0.719777449965477,40
spatialTask_combined,standard,order,1480.0,0.7156620934605599,0.7110471427440643,0.7204019293189049,40
spatialTask_combined,standard,order,1490.0,0.7154197573661805,0.7107768043875694,0.7201905891299247,40
spatialTask_combined,standard,order,1500.0,0.9717566013336182,0.9696654632687569,0.9737272217869759,40
spatialTask_combined,standard,order,1510.0,0.9620270356535912,0.9599137887358665,0.963968163728714,40
spatialTask_combined,standard,order,1520.0,0.9586383119225502,0.9567872956395149,0.9604393452405929,40
spatialTask_combined,standard,order,1530.0,0.9583635345101357,0.9566341131925583,0.9601207479834557,40
spatialTask_combined,standard,order,1540.0,0.9592167347669601,0.957227697968483,0.9613595813512802,40
spatialTask_combined,standard,order,1550.0,0.9602417916059494,0.9580980718135834,0.9626113101840019,40
spatialTask_combined,standard,order,1560.0,0.9608746960759162,0.9589211732149124,0.9629559025168419,40
spatialTask_combined,standard,order,1570.0,0.9612820342183113,0.9593207031488419,0.963325808942318,40
spatialTask_combined,standard,order,1580.0,0.9627987712621688,0.9607585176825524,0.9650320023298263,40
spatialTask_combined,standard,order,1590.0,0.9641230255365372,0.9618325725197792,0.9664246380329132,40
spatialTask_combined,standard,order,1600.0,0.9651205241680145,0.9625362202525138,0.967600516974926,40
spatialTask_combined,standard,order,1610.0,0.9656959444284439,0.9630901172757149,0.9682132467627526,40
spatialTask_combined,standard,order,1620.0,0.9666435211896897,0.9641609892249108,0.9691250428557396,40
spatialTask_combined,standard,order,1630.0,0.9676522389054298,0.9652208909392357,0.9703385204076767,40
spatialTask_combined,standard,order,1640.0,0.968366801738739,0.9655024334788322,0.9716074466705322,40
spatialTask_combined,standard,order,1650.0,0.9692250892519951,0.9660457491874694,0.9725368291139602,40
spatialTask_combined,standard,order,1660.0,0.9697728976607323,0.966677300632,0.9729318752884865,40
spatialTask_combined,standard,order,1670.0,0.971054682135582,0.9680939927697182,0.9739431664347649,40
spatialTask_combined,standard,order,1680.0,0.9725132942199707,0.9698518678545952,0.9752089336514473,40
spatialTask_combined,standard,order,1690.0,0.9734577372670173,0.9708682835102082,0.9759877815842628,40
spatialTask_combined,standard,order,1700.0,0.9744456067681313,0.9720128908753395,0.9770511090755463,40
spatialTask_combined,standard,order,1710.0,0.9751869395375252,0.9728057652711868,0.9776910334825516,40
spatialTask_combined,standard,order,1720.0,0.9758725300431251,0.9733459666371346,0.9785269662737847,40
spatialTask_combined,standard,order,1730.0,0.9770621135830879,0.9743399664759635,0.9798101469874382,40
spatialTask_combined,standard,order,1740.0,0.9780265793204308,0.9755736470222474,0.9807493507862091,40
spatialTask_combined,standard,order,1750.0,0.9795351937413216,0.9770546287298203,0.9821970298886299,40
spatialTask_combined,standard,order,1760.0,0.9802729487419128,0.9780897185206413,0.9826547861099243,40
spatialTask_combined,standard,order,1770.0,0.9805131658911705,0.9783108770847321,0.9829044371843338,40
spatialTask_combined,standard,order,1780.0,0.9811285927891731,0.9789638519287109,0.9834363743662834,40
spatialTask_combined,standard,order,1790.0,0.9814772129058837,0.9793409049510956,0.9836483478546143,40
spatialTask_combined,standard,order,1800.0,0.9813989087939262,0.9792309865355492,0.9835830882191658,40
spatialTask_combined,standard,order,1810.0,0.9818507120013237,0.9796112611889839,0.9841304287314415,40
spatialTask_combined,standard,order,1820.0,0.9816374570131302,0.9793412998318672,0.984050840139389,40
spatialTask_combined,standard,order,1830.0,0.9822944745421409,0.9800762221217155,0.9845566466450691,40
spatialTask_combined,standard,order,1840.0,0.9823413580656052,0.9801535427570343,0.9845948174595833,40
spatialTask_combined,standard,order,1850.0,0.98241585791111,0.9802307114005089,0.9845971167087555,40
spatialTask_combined,standard,order,1860.0,0.9824181750416756,0.9800205215811729,0.9847005635499955,40
spatialTask_combined,standard,order,1870.0,0.9826739430427551,0.9803382113575936,0.9849626839160919,40
spatialTask_combined,standard,order,1880.0,0.9830549165606499,0.9807720705866814,0.9853474512696266,40
spatialTask_combined,standard,order,1890.0,0.9834516763687133,0.9812111303210258,0.9857814878225326,40
spatialTask_combined,standard,order,1900.0,0.9837786018848419,0.9814211085438729,0.9862369939684867,40
spatialTask_combined,standard,order,1910.0,0.9840478092432022,0.9815174996852875,0.986606627702713,40
spatialTask_combined,standard,order,1920.0,0.9843305021524429,0.9817735344171524,0.9869776606559754,40
spatialTask_combined,standard,order,1930.0,0.9846527472138404,0.9822834759950638,0.9873021006584167,40
spatialTask_combined,standard,order,1940.0,0.9850901588797569,0.9826842561364174,0.987715819478035,40
spatialTask_combined,standard,order,1950.0,0.9853049278259277,0.9827869474887848,0.9880122244358063,40
spatialTask_combined,standard,order,1960.0,0.985617172718048,0.9831842914223671,0.9882688626646996,40
spatialTask_combined,standard,order,1970.0,0.9860258504748345,0.9837139934301377,0.9885951012372971,40
spatialTask_combined,standard,order,1980.0,0.9865350365638733,0.984345018863678,0.9888677313923836,40
spatialTask_combined,standard,order,1990.0,0.9868204951286316,0.9846353232860565,0.9890572667121887,40
spatialTask_combined,standard,order,2000.0,0.986929114162922,0.9848910674452782,0.9891495361924172,40
spatialTask_combined,standard,order,2010.0,0.9872036308050156,0.9852283462882042,0.9892683267593384,40
spatialTask_combined,standard,order,2020.0,0.9870394200086594,0.9850914016366005,0.989102403819561,40
spatialTask_combined,standard,order,2030.0,0.986569631099701,0.9845320969820023,0.988652317225933,40
spatialTask_combined,standard,order,2040.0,0.9860478579998017,0.9838341981172561,0.988255375623703,40
spatialTask_combined,standard,order,2050.0,0.9858523786067963,0.9836258172988892,0.9881661638617516,40
spatialTask_combined,standard,order,2060.0,0.9856302425265312,0.9833890259265899,0.9878636717796325,40
spatialTask_combined,standard,order,2070.0,0.9857082739472389,0.9835203424096107,0.987911942601204,40
spatialTask_combined,standard,order,2080.0,0.985767126083374,0.9836295917630196,0.9879262238740921,40
spatialTask_combined,standard,order,2090.0,0.986015111207962,0.9838805690407753,0.9880963683128356,40
spatialTask_combined,standard,order,2100.0,0.9861417844891548,0.9840547725558281,0.9882234677672386,40
spatialTask_combined,standard,order,2110.0,0.9860095322132111,0.9839539185166359,0.98805301040411,40
spatialTask_combined,standard,order,2120.0,0.9863510563969612,0.9844138860702515,0.988327580690384,40
spatialTask_combined,standard,order,2130.0,0.986694960296154,0.9849935576319695,0.9884887129068375,40
spatialTask_combined,standard,order,2140.0,0.9871469751000405,0.9855460524559021,0.9887565895915031,40
spatialTask_combined,standard,order,2150.0,0.9873048111796379,0.9858263850212097,0.9888971507549286,40
spatialTask_combined,standard,order,2160.0,0.9874511614441872,0.9859504655003548,0.9890620782971382,40
spatialTask_combined,standard,order,2170.0,0.9874790415167809,0.9858173221349716,0.9891209289431572,40
spatialTask_combined,standard,order,2180.0,0.9874461472034455,0.9857311636209488,0.9891113296151162,40
spatialTask_combined,standard,order,2190.0,0.9874624818563461,0.9856454089283944,0.989279405772686,40
spatialTask_combined,standard,order,2200.0,0.9875732421875,0.9857941970229149,0.9893566623330117,40
spatialTask_combined,standard,order,2210.0,0.9874287426471711,0.9855946183204651,0.9892619520425796,40
spatialTask_combined,standard,order,2220.0,0.9873658269643784,0.9855047136545181,0.98919587880373,40
spatialTask_combined,standard,order,2230.0,0.9875260397791863,0.9858348295092583,0.9893351137638092,40
spatialTask_combined,standard,order,2240.0,0.9875753670930862,0.9857978492975235,0.9894527778029442,40
spatialTask_combined,standard,order,2250.0,0.9875433728098869,0.9856410324573517,0.9894459202885628,40
spatialTask_combined,standard,order,2260.0,0.987522904574871,0.9855751723051072,0.9894882395863533,40
spatialTask_combined,standard,order,2270.0,0.9876228287816048,0.9856210693717002,0.9895795568823814,40
spatialTask_combined,standard,order,2280.0,0.9876918703317642,0.9856207504868507,0.9897013738751411,40
spatialTask_combined,standard,order,2290.0,0.9877156272530556,0.98561732172966,0.9897227689623833,40
spatialTask_combined,standard,order,2300.0,0.9879161402583122,0.9858371838927269,0.9898056864738465,40
spatialTask_combined,standard,order,2310.0,0.9877881497144699,0.9856599882245064,0.9897509276866913,40
spatialTask_combined,standard,order,2320.0,0.9874530076980591,0.9852751955389977,0.9895522177219391,40
spatialTask_combined,standard,order,2330.0,0.9872541099786758,0.9848533153533936,0.9894914403557777,40
spatialTask_combined,standard,order,2340.0,0.9872592598199844,0.9847621187567711,0.9895462468266487,40
spatialTask_combined,standard,order,2350.0,0.9871436208486557,0.9846159845590592,0.9894613429903985,40
spatialTask_combined,standard,order,2360.0,0.9871446087956428,0.9845919087529182,0.9894773468375206,40
spatialTask_combined,standard,order,2370.0,0.9871100321412086,0.9844944193959236,0.9894741475582123,40
spatialTask_combined,standard,order,2380.0,0.9869615256786346,0.9842836245894432,0.9893795728683472,40
spatialTask_combined,standard,order,2390.0,0.9867404043674469,0.9838959544897079,0.9892571553587913,40
spatialTask_combined,standard,order,2400.0,0.9868677079677581,0.9840408101677894,0.9894713655114173,40
spatialTask_combined,standard,order,2410.0,0.9866444110870362,0.9836464911699295,0.9893963232636451,40
spatialTask_combined,standard,order,2420.0,0.9866437539458275,0.9836240395903587,0.9894898727536201,40
spatialTask_combined,standard,order,2430.0,0.9864042237401008,0.9832133904099465,0.9894124269485474,40
spatialTask_combined,standard,order,2440.0,0.9861404806375503,0.9828607052564621,0.9892937630414963,40
spatialTask_combined,standard,order,2450.0,0.9860582992434501,0.9826430395245552,0.9892611920833587,40
spatialTask_combined,standard,order,2460.0,0.9858501151204109,0.9824107021093369,0.9891464486718178,40
spatialTask_combined,standard,order,2470.0,0.9859116807579994,0.9824462801218032,0.989201121032238,40
spatialTask_combined,standard,order,2480.0,0.9857965975999832,0.9822755888104439,0.9891852617263794,40
spatialTask_combined,standard,order,2490.0,0.9857318639755249,0.982176311314106,0.9891565591096878,40
spatialTask_combined,standard,order,2500.0,0.9855706110596657,0.9818475708365441,0.9890700519084931,40
spatialTask_combined,standard,order,2510.0,0.9853078037500381,0.9815940901637077,0.9889264449477195,40
spatialTask_combined,standard,order,2520.0,0.9853937000036239,0.9816498592495918,0.9889443024992943,40
spatialTask_combined,standard,order,2530.0,0.9858156815171242,0.9822303488850593,0.9891763061285019,40
spatialTask_combined,standard,order,2540.0,0.9860240027308464,0.9824305772781372,0.9893487244844437,40
spatialTask_combined,standard,order,2550.0,0.9859700843691825,0.9826119706034661,0.9891871184110641,40
spatialTask_combined,standard,order,2560.0,0.9857204407453537,0.9820883691310882,0.9889074921607971,40
spatialTask_combined,standard,order,2570.0,0.9852632790803909,0.9814300179481507,0.9888935595750808,40
spatialTask_combined,standard,order,2580.0,0.9851187556982041,0.9812503963708877,0.9887720108032226,40
spatialTask_combined,standard,order,2590.0,0.9849559232592583,0.9811250507831574,0.9886466532945632,40
spatialTask_combined,standard,order,2600.0,0.9850334420800209,0.9811734616756439,0.9886424660682678,40
spatialTask_combined,standard,order,2610.0,0.9852056726813316,0.9813085988163948,0.9887909263372421,40
spatialTask_combined,standard,order,2620.0,0.985373567044735,0.9815002351999282,0.9888832196593285,40
spatialTask_combined,standard,order,2630.0,0.9851689293980599,0.9813804477453232,0.9885889172554017,40
spatialTask_combined,standard,order,2640.0,0.9847750693559647,0.9810360103845597,0.988264188170433,40
spatialTask_combined,standard,order,2650.0,0.9847939521074295,0.9812276035547256,0.9880573838949204,40
spatialTask_combined,standard,order,2660.0,0.9847006067633629,0.9812743261456489,0.9877455636858941,40
spatialTask_combined,standard,order,2670.0,0.9841397732496262,0.9805709719657898,0.9874044582247734,40
spatialTask_combined,standard,order,2680.0,0.9842043310403824,0.9807048127055168,0.9874135479331017,40
spatialTask_combined,standard,order,2690.0,0.9838321924209594,0.9802637159824371,0.9871003955602646,40
spatialTask_combined,standard,order,2700.0,0.9829280331730843,0.9790857121348381,0.9864428371191025,40
spatialTask_combined,standard,order,2710.0,0.9822538271546364,0.9780623242259026,0.9861433073878288,40
spatialTask_combined,standard,order,2720.0,0.9810810536146164,0.9763844832777977,0.9853039160370827,40
spatialTask_combined,standard,order,2730.0,0.980311182141304,0.9754744693636894,0.9844829723238945,40
spatialTask_combined,standard,order,2740.0,0.9796580657362938,0.9745725959539413,0.9840284049510956,40
spatialTask_combined,standard,order,2750.0,0.9796019539237022,0.9744224071502685,0.9841621533036232,40
spatialTask_combined,standard,order,2760.0,0.9792576670646668,0.9741476327180862,0.9837317034602165,40
spatialTask_combined,standard,order,2770.0,0.9783851608633996,0.9730055645108223,0.9830695584416389,40
spatialTask_combined,standard,order,2780.0,0.978479391336441,0.9732901856303215,0.983384020626545,40
spatialTask_combined,standard,order,2790.0,0.9778161987662315,0.9725234434008598,0.982798719406128,40
spatialTask_combined,standard,order,2800.0,0.9770646333694458,0.9716789484024048,0.9821427896618843,40
spatialTask_combined,standard,order,2810.0,0.97664944678545,0.9714670285582543,0.9815790832042695,40
spatialTask_combined,standard,order,2820.0,0.9758709162473679,0.9705171242356301,0.9809223979711532,40
spatialTask_combined,standard,order,2830.0,0.9749629467725753,0.9694906994700432,0.9801924481987954,40
spatialTask_combined,standard,order,2840.0,0.9740484610199929,0.968404346704483,0.9794220626354218,40
spatialTask_combined,standard,order,2850.0,0.9728884741663932,0.9673317864537239,0.9782591924071312,40
spatialTask_combined,standard,order,2860.0,0.971886619925499,0.9661662593483925,0.9769757315516472,40
spatialTask_combined,standard,order,2870.0,0.9719018012285232,0.966120183467865,0.9769659548997879,40
spatialTask_combined,standard,order,2880.0,0.9711495518684388,0.9651551827788353,0.976403996348381,40
spatialTask_combined,standard,order,2890.0,0.9705448150634766,0.9642548456788063,0.976004995405674,40
spatialTask_combined,standard,order,2900.0,0.9695613950490951,0.9628398194909096,0.975301331281662,40
spatialTask_combined,standard,order,2910.0,0.9686264008283615,0.9612373098731041,0.9749115660786629,40
spatialTask_combined,standard,order,2920.0,0.9667178839445114,0.9586147472262383,0.9739452868700027,40
spatialTask_combined,standard,order,2930.0,0.9655605345964432,0.9570602521300315,0.972995562851429,40
spatialTask_combined,standard,order,2940.0,0.9640522822737694,0.9551180720329284,0.9722325876355171,40
spatialTask_combined,standard,order,2950.0,0.9622983872890473,0.952940334379673,0.9708295375108719,40
spatialTask_combined,standard,order,2960.0,0.9613897681236268,0.9517554804682732,0.9700141414999962,40
spatialTask_combined,standard,order,2970.0,0.9600220024585724,0.9495975896716118,0.9692206606268883,40
spatialTask_combined,standard,order,2980.0,0.9587106749415397,0.948111554980278,0.9683647215366363,40
spatialTask_combined,standard,order,2990.0,0.9571361854672432,0.9461963340640068,0.9669341817498207,40
spatialTask_combined,standard,order,3000.0,0.9558772966265678,0.9447556719183922,0.9658281117677688,40
spatialTask_combined,standard,order,3010.0,0.953310014307499,0.9409621939063072,0.964073134958744,40
spatialTask_combined,standard,order,3020.0,0.9525932639837265,0.9409549340605736,0.9629058986902237,40
spatialTask_combined,standard,order,3030.0,0.9513143643736839,0.9392332956194878,0.9617842361330986,40
spatialTask_combined,standard,order,3040.0,0.9507301852107048,0.9390422150492668,0.9607737943530082,40
spatialTask_combined,standard,order,3050.0,0.9502134412527085,0.9383626982569695,0.9608071058988571,40
spatialTask_combined,standard,order,3060.0,0.9481413796544075,0.9359530359506607,0.9595693871378899,40
spatialTask_combined,standard,order,3070.0,0.9465165510773659,0.9338736772537232,0.958332346379757,40
spatialTask_combined,standard,order,3080.0,0.9448270902037621,0.9313483387231827,0.9571530938148498,40
spatialTask_combined,standard,order,3090.0,0.9440415143966675,0.9305948287248611,0.9565784618258476,40
spatialTask_combined,standard,order,3100.0,0.9427890002727508,0.9295141205191613,0.9552359655499458,40
spatialTask_combined,standard,order,3110.0,0.9405017137527466,0.9263800054788589,0.953263734281063,40
spatialTask_combined,standard,order,3120.0,0.9395190820097923,0.9248594000935555,0.952555613219738,40
spatialTask_combined,standard,order,3130.0,0.9387668341398239,0.9237322345376014,0.9519897609949112,40
spatialTask_combined,standard,order,3140.0,0.9373429477214813,0.9220038965344429,0.9507819101214409,40
spatialTask_combined,standard,order,3150.0,0.9366664081811905,0.9214761406183243,0.950237737596035,40
spatialTask_combined,standard,order,3160.0,0.9353165850043297,0.9196382567286492,0.9494556695222854,40
spatialTask_combined,standard,order,3170.0,0.9336792379617691,0.9183042362332344,0.9482289716601372,40
spatialTask_combined,standard,order,3180.0,0.932047238945961,0.9156630665063858,0.9469770044088364,40
spatialTask_combined,standard,order,3190.0,0.9310757756233216,0.9150933966040611,0.945595121383667,40
spatialTask_combined,grouped,side,0.0,0.4995677173137665,0.4970199964940548,0.502054238319397,40
spatialTask_combined,grouped,side,10.0,0.4983180910348892,0.4953304439783096,0.5013749390840531,40
spatialTask_combined,grouped,side,20.0,0.496733895689249,0.4924714267253876,0.5006927818059921,40
spatialTask_combined,grouped,side,30.0,0.49773072972893717,0.4940924972295761,0.5012293323874474,40
spatialTask_combined,grouped,side,40.0,0.4983888611197472,0.4945747584104538,0.5019604817032814,40
spatialTask_combined,grouped,side,50.0,0.49827807769179344,0.49455503821372987,0.5017490193247796,40
spatialTask_combined,grouped,side,60.0,0.498348119109869,0.49442403241991995,0.5019825607538223,40
spatialTask_combined,grouped,side,70.0,0.4989103779196739,0.4953011587262154,0.5025661051273346,40
spatialTask_combined,grouped,side,80.0,0.498018579185009,0.494249027967453,0.5017791360616684,40
spatialTask_combined,grouped,side,90.0,0.498492394387722,0.4946297131478786,0.502548485994339,40
spatialTask_combined,grouped,side,100.0,0.49761751741170884,0.4935865066945553,0.5012105479836464,40
spatialTask_combined,grouped,side,110.0,0.4970323950052261,0.49324457719922066,0.5007555767893791,40
spatialTask_combined,grouped,side,120.0,0.4970876544713974,0.49345051124691963,0.5007497698068619,40
spatialTask_combined,grouped,side,130.0,0.49997285678982734,0.4962810918688774,0.5035094186663628,40
spatialTask_combined,grouped,side,140.0,0.4986859388649464,0.49488229155540464,0.5026130244135857,40
spatialTask_combined,grouped,side,150.0,0.49957943633198737,0.4958686478435993,0.5038136318325996,40
spatialTask_combined,grouped,side,160.0,0.49884607195854186,0.49605111256241796,0.5020089969038963,40
spatialTask_combined,grouped,side,170.0,0.49836783185601236,0.49522239789366723,0.5015808209776879,40
spatialTask_combined,grouped,side,180.0,0.49878252670168877,0.4954872325062752,0.5019460573792458,40
spatialTask_combined,grouped,side,190.0,0.5009534761309624,0.4972215875983238,0.5044844433665275,40
spatialTask_combined,grouped,side,200.0,0.49833512827754023,0.495643712580204,0.5010938972234726,40
spatialTask_combined,grouped,side,210.0,0.4983195386826992,0.4946403242647648,0.5020873039960861,40
spatialTask_combined,grouped,side,220.0,0.5006719112396241,0.4974286280572414,0.5037516087293625,40
spatialTask_combined,grouped,side,230.0,0.49859867095947263,0.495179059356451,0.502081997692585,40
spatialTask_combined,grouped,side,240.0,0.49956435710191727,0.4960539273917675,0.5030460402369499,40
spatialTask_combined,grouped,side,250.0,0.5016086287796497,0.49775216057896615,0.5054373934864997,40
spatialTask_combined,grouped,side,260.0,0.5004246704280376,0.49638800546526907,0.5043617591261864,40
spatialTask_combined,grouped,side,270.0,0.4999804116785526,0.49566073194146154,0.50416090041399,40
spatialTask_combined,grouped,side,280.0,0.5014650985598564,0.4981380835175514,0.5048982754349709,40
spatialTask_combined,grouped,side,290.0,0.5000971615314483,0.49626784548163416,0.5040905758738518,40
spatialTask_combined,grouped,side,300.0,0.5012637063860893,0.49730130657553673,0.5051533058285713,40
spatialTask_combined,grouped,side,310.0,0.49884203523397447,0.49529929235577586,0.50243711322546,40
spatialTask_combined,grouped,side,320.0,0.5016270205378532,0.49798876270651815,0.5052102372050286,40
spatialTask_combined,grouped,side,330.0,0.5013140551745892,0.4979539319872856,0.5046176478266716,40
spatialTask_combined,grouped,side,340.0,0.5010403111577034,0.4974612735211849,0.5046745106577873,40
spatialTask_combined,grouped,side,350.0,0.5001847162842751,0.49693952277302744,0.503077195584774,40
spatialTask_combined,grouped,side,360.0,0.4999703459441662,0.4964952163398266,0.5031250953674317,40
spatialTask_combined,grouped,side,370.0,0.4999514050781727,0.4961457885801792,0.5035873726010323,40
spatialTask_combined,grouped,side,380.0,0.49854114279150963,0.4955882117152214,0.5014697521924972,40
spatialTask_combined,grouped,side,390.0,0.4992904931306839,0.4961717173457146,0.5025817900896072,40
spatialTask_combined,grouped,side,400.0,0.5003756292164325,0.49766027107834815,0.503038601577282,40
spatialTask_combined,grouped,side,410.0,0.5010047763586044,0.4975510247051716,0.504264298081398,40
spatialTask_combined,grouped,side,420.0,0.5024431943893433,0.49904400706291197,0.5059163078665734,40
spatialTask_combined,grouped,side,430.0,0.500992202013731,0.4971766509115696,0.5045634895563126,40
spatialTask_combined,grouped,side,440.0,0.5003676913678646,0.49657604843378067,0.5041072502732277,40
spatialTask_combined,grouped,side,450.0,0.5001167580485344,0.496607568860054,0.5034645721316338,40
spatialTask_combined,grouped,side,460.0,0.500746738910675,0.49701745733618735,0.5045777067542077,40
spatialTask_combined,grouped,side,470.0,0.5016096763312816,0.4975579969584942,0.5055613085627556,40
spatialTask_combined,grouped,side,480.0,0.5000831812620163,0.4968264654278755,0.5033563807606697,40
spatialTask_combined,grouped,side,490.0,0.5005423709750175,0.49678715467453005,0.5042979851365089,40
spatialTask_combined,grouped,side,500.0,0.5576505661010742,0.5530627921223641,0.5622963055968284,40
spatialTask_combined,grouped,side,510.0,0.6660073444247245,0.6536111488938332,0.6765204623341561,40
spatialTask_combined,grouped,side,520.0,0.6921728402376175,0.6839919030666352,0.6995226562023162,40
spatialTask_combined,grouped,side,530.0,0.7014466539025307,0.6943398386240005,0.7083581835031509,40
spatialTask_combined,grouped,side,540.0,0.7068781808018685,0.7010083422064781,0.7125487312674522,40
spatialTask_combined,grouped,side,550.0,0.7056865662336349,0.7001817047595977,0.7111961767077446,40
spatialTask_combined,grouped,side,560.0,0.7060706302523613,0.7009180828928947,0.7112730741500854,40
spatialTask_combined,grouped,side,570.0,0.7048632860183716,0.6996546536684036,0.7102384015917778,40
spatialTask_combined,grouped,side,580.0,0.7026806250214577,0.6964539721608162,0.7087114617228508,40
spatialTask_combined,grouped,side,590.0,0.7008557721972466,0.6938652247190475,0.7077676683664322,40
spatialTask_combined,grouped,side,600.0,0.7003369316458702,0.6938266754150391,0.7067528232932091,40
spatialTask_combined,grouped,side,610.0,0.6986757636070251,0.6926638290286065,0.7046797797083855,40
spatialTask_combined,grouped,side,620.0,0.6984925210475922,0.6923794448375702,0.704538856446743,40
spatialTask_combined,grouped,side,630.0,0.6975834712386131,0.6912922874093056,0.7035978525876999,40
spatialTask_combined,grouped,side,640.0,0.6969494685530663,0.6905384838581086,0.70300702303648,40
spatialTask_combined,grouped,side,650.0,0.6957787543535232,0.6891464352607727,0.7022533893585206,40
spatialTask_combined,grouped,side,660.0,0.6946247756481171,0.6880353465676308,0.7008430808782578,40
spatialTask_combined,grouped,side,670.0,0.6928719848394393,0.6861655160784721,0.6993861362338066,40
spatialTask_combined,grouped,side,680.0,0.6929028049111366,0.6861241564154625,0.6993763104081154,40
spatialTask_combined,grouped,side,690.0,0.6923463940620422,0.6860665395855904,0.6982902631163597,40
spatialTask_combined,grouped,side,700.0,0.6922323703765869,0.6861000835895539,0.6983517333865166,40
spatialTask_combined,grouped,side,710.0,0.6913236111402512,0.6847466513514519,0.6979566097259522,40
spatialTask_combined,grouped,side,720.0,0.6900955334305763,0.6836330369114876,0.696444445848465,40
spatialTask_combined,grouped,side,730.0,0.6896562725305557,0.6829244822263718,0.6960575088858605,40
spatialTask_combined,grouped,side,740.0,0.6905900686979294,0.684047232568264,0.696950851380825,40
spatialTask_combined,grouped,side,750.0,0.6885768920183182,0.681866118311882,0.6948484405875206,40
spatialTask_combined,grouped,side,760.0,0.6885123685002327,0.6821644455194473,0.6946598306298256,40
spatialTask_combined,grouped,side,770.0,0.6881795406341553,0.6821068793535232,0.6944027751684189,40
spatialTask_combined,grouped,side,780.0,0.6882247269153595,0.6820275694131851,0.6946486711502076,40
spatialTask_combined,grouped,side,790.0,0.688534353673458,0.6824335426092147,0.6948033779859543,40
spatialTask_combined,grouped,side,800.0,0.6884255960583687,0.6821367636322975,0.6949932649731636,40
spatialTask_combined,grouped,side,810.0,0.6885914102196693,0.6824109196662903,0.6952267870306968,40
spatialTask_combined,grouped,side,820.0,0.6878124713897705,0.6817632719874382,0.6938912957906723,40
spatialTask_combined,grouped,side,830.0,0.6872021824121475,0.6809397891163826,0.6936111956834793,40
spatialTask_combined,grouped,side,840.0,0.686551758646965,0.6798109233379364,0.6931430026888847,40
spatialTask_combined,grouped,side,850.0,0.6866640999913216,0.6799948245286942,0.6932061269879342,40
spatialTask_combined,grouped,side,860.0,0.6863582447171211,0.679747074842453,0.693295818567276,40
spatialTask_combined,grouped,side,870.0,0.6873406767845154,0.6807310834527016,0.6943025216460228,40
spatialTask_combined,grouped,side,880.0,0.6868026837706566,0.6801979452371597,0.6938018664717674,40
spatialTask_combined,grouped,side,890.0,0.6872061133384705,0.680297577381134,0.6940017431974411,40
spatialTask_combined,grouped,side,900.0,0.6866349592804909,0.6799127593636513,0.6936957344412804,40
spatialTask_combined,grouped,side,910.0,0.6864015117287636,0.6793941721320153,0.6934419944882393,40
spatialTask_combined,grouped,side,920.0,0.6869235694408417,0.6800406634807586,0.6939782902598381,40
spatialTask_combined,grouped,side,930.0,0.6870160743594169,0.6799122020602226,0.693895423412323,40
spatialTask_combined,grouped,side,940.0,0.6878603667020797,0.6811173185706139,0.6946491211652756,40
spatialTask_combined,grouped,side,950.0,0.6887075498700141,0.6821363314986228,0.6957454919815064,40
spatialTask_combined,grouped,side,960.0,0.6887253418564796,0.6823639079928399,0.6951581969857216,40
spatialTask_combined,grouped,side,970.0,0.6883975535631179,0.6820173680782318,0.6948282212018967,40
spatialTask_combined,grouped,side,980.0,0.6880111649632454,0.6818582713603973,0.6946105703711509,40
spatialTask_combined,grouped,side,990.0,0.6876977175474167,0.681208373606205,0.6942011043429375,40
spatialTask_combined,grouped,side,1000.0,0.688220676779747,0.6818571433424949,0.6945318073034287,40
spatialTask_combined,grouped,side,1010.0,0.6882588535547256,0.681811873614788,0.6945208862423897,40
spatialTask_combined,grouped,side,1020.0,0.6884053662419319,0.6817945003509521,0.6949297443032265,40
spatialTask_combined,grouped,side,1030.0,0.6876203775405884,0.6811790183186531,0.6940624013543129,40
spatialTask_combined,grouped,side,1040.0,0.687896341085434,0.6811541751027107,0.6944522053003311,40
spatialTask_combined,grouped,side,1050.0,0.6881250441074371,0.6814821928739547,0.6948692381381989,40
spatialTask_combined,grouped,side,1060.0,0.6881841540336608,0.6815661355853081,0.6948817476630211,40
spatialTask_combined,grouped,side,1070.0,0.6876217886805535,0.6812121644616127,0.6940476015210152,40
spatialTask_combined,grouped,side,1080.0,0.6879199340939521,0.681629379093647,0.6942656934261322,40
spatialTask_combined,grouped,side,1090.0,0.6876382201910018,0.680919298529625,0.6943092599511147,40
spatialTask_combined,grouped,side,1100.0,0.687390498816967,0.6809573501348496,0.6935945674777031,40
spatialTask_combined,grouped,side,1110.0,0.687825171649456,0.6815591245889664,0.6939596995711327,40
spatialTask_combined,grouped,side,1120.0,0.6876009777188301,0.6813932999968528,0.6939228370785713,40
spatialTask_combined,grouped,side,1130.0,0.6875532180070877,0.6811440929770469,0.6937184169888496,40
spatialTask_combined,grouped,side,1140.0,0.6874503076076508,0.6810308024287224,0.6936005398631095,40
spatialTask_combined,grouped,side,1150.0,0.6870934769511223,0.6806164488196373,0.6934467703104019,40
spatialTask_combined,grouped,side,1160.0,0.6874558389186859,0.6811545610427856,0.6937205746769906,40
spatialTask_combined,grouped,side,1170.0,0.687611211836338,0.681178018450737,0.6938539326190949,40
spatialTask_combined,grouped,side,1180.0,0.6883984282612801,0.682126259803772,0.6945927783846855,40
spatialTask_combined,grouped,side,1190.0,0.688673521578312,0.6820668920874595,0.6950554475188255,40
spatialTask_combined,grouped,side,1200.0,0.6889846518635749,0.6828498646616936,0.6949257597327232,40
spatialTask_combined,grouped,side,1210.0,0.6889099270105362,0.6825832545757293,0.6951587468385696,40
spatialTask_combined,grouped,side,1220.0,0.6892608687281608,0.6831363320350647,0.6954803436994552,40
spatialTask_combined,grouped,side,1230.0,0.6895487830042839,0.6833318278193474,0.695684963464737,40
spatialTask_combined,grouped,side,1240.0,0.6882988393306733,0.6822225078940392,0.6942973077297211,40
spatialTask_combined,grouped,side,1250.0,0.688452510535717,0.6823601648211479,0.6943887397646904,40
spatialTask_combined,grouped,side,1260.0,0.6878516510128975,0.6818053439259529,0.6939939945936203,40
spatialTask_combined,grouped,side,1270.0,0.6881730526685714,0.6819152653217315,0.6946308076381683,40
spatialTask_combined,grouped,side,1280.0,0.6882852524518966,0.682155816257,0.6943013399839402,40
spatialTask_combined,grouped,side,1290.0,0.6886402577161789,0.6824849247932434,0.6948895961046219,40
spatialTask_combined,grouped,side,1300.0,0.6886217430233955,0.6825818508863449,0.6946749299764633,40
spatialTask_combined,grouped,side,1310.0,0.6887677401304245,0.6825491040945053,0.6950012624263764,40
spatialTask_combined,grouped,side,1320.0,0.6882821306586265,0.6820412933826446,0.6946860611438751,40
spatialTask_combined,grouped,side,1330.0,0.6886403232812881,0.6825932413339615,0.6951346084475517,40
spatialTask_combined,grouped,side,1340.0,0.6886163949966431,0.6824997916817666,0.6948206529021264,40
spatialTask_combined,grouped,side,1350.0,0.6886313408613205,0.6827892243862153,0.6948382228612899,40
spatialTask_combined,grouped,side,1360.0,0.688288600742817,0.6821767836809158,0.6945984661579132,40
spatialTask_combined,grouped,side,1370.0,0.6875793367624283,0.6814094975590705,0.69409688860178,40
spatialTask_combined,grouped,side,1380.0,0.6882084399461746,0.6821011424064636,0.6946029841899872,40
spatialTask_combined,grouped,side,1390.0,0.6877296358346939,0.6816511258482933,0.6942153885960579,40
spatialTask_combined,grouped,side,1400.0,0.6877157926559448,0.6815896660089493,0.693909513950348,40
spatialTask_combined,grouped,side,1410.0,0.68801931142807,0.6821987673640251,0.6940132170915604,40
spatialTask_combined,grouped,side,1420.0,0.6878514423966408,0.6818273454904556,0.6937136262655258,40
spatialTask_combined,grouped,side,1430.0,0.6875396892428398,0.6815870523452758,0.6935941860079765,40
spatialTask_combined,grouped,side,1440.0,0.6881084486842155,0.6822687417268753,0.6940449133515358,40
spatialTask_combined,grouped,side,1450.0,0.6887786939740181,0.6828769013285637,0.6945684269070626,40
spatialTask_combined,grouped,side,1460.0,0.6892090603709221,0.6832949191331863,0.6951278015971184,40
spatialTask_combined,grouped,side,1470.0,0.6894428789615631,0.6836895987391471,0.6950309664011002,40
spatialTask_combined,grouped,side,1480.0,0.6885932713747025,0.6824904799461364,0.6946922406554222,40
spatialTask_combined,grouped,side,1490.0,0.6891339734196663,0.6829252511262893,0.6953282669186592,40
spatialTask_combined,grouped,side,1500.0,0.8988729298114777,0.893933367729187,0.9031943514943123,40
spatialTask_combined,grouped,side,1510.0,0.8945748254656791,0.8903387755155563,0.8983297303318978,40
spatialTask_combined,grouped,side,1520.0,0.8971387937664985,0.8930609792470932,0.9009880974888802,40
spatialTask_combined,grouped,side,1530.0,0.9019987598061562,0.8984550505876541,0.9056435957551002,40
spatialTask_combined,grouped,side,1540.0,0.9053023666143417,0.9018630519509315,0.9087405428290367,40
spatialTask_combined,grouped,side,1550.0,0.9087494999170304,0.9052463367581367,0.9120515793561935,40
spatialTask_combined,grouped,side,1560.0,0.9102088734507561,0.90635517090559,0.9136683985590934,40
spatialTask_combined,grouped,side,1570.0,0.9110683456063271,0.9073653861880302,0.9145784959197044,40
spatialTask_combined,grouped,side,1580.0,0.912197707593441,0.9086427688598633,0.9155324190855026,40
spatialTask_combined,grouped,side,1590.0,0.9144990667700768,0.9108855992555618,0.9181185528635979,40
spatialTask_combined,grouped,side,1600.0,0.9167541190981865,0.9128985986113548,0.920802129805088,40
spatialTask_combined,grouped,side,1610.0,0.9191700458526612,0.9150647625327111,0.9230303660035133,40
spatialTask_combined,grouped,side,1620.0,0.9210729658603668,0.9168801486492157,0.9252083405852318,40
spatialTask_combined,grouped,side,1630.0,0.9219823136925698,0.9173882588744163,0.9263676464557647,40
spatialTask_combined,grouped,side,1640.0,0.9222231388092041,0.9180027097463608,0.9261954769492149,40
spatialTask_combined,grouped,side,1650.0,0.9234419494867325,0.9184871032834053,0.928260152041912,40
spatialTask_combined,grouped,side,1660.0,0.9249414041638374,0.9196499064564705,0.9301202178001404,40
spatialTask_combined,grouped,side,1670.0,0.9263896480202675,0.9207800388336181,0.931799741089344,40
spatialTask_combined,grouped,side,1680.0,0.9288999244570733,0.9231967642903328,0.9344424203038215,40
spatialTask_combined,grouped,side,1690.0,0.9319392085075379,0.9262286275625229,0.9373715057969093,40
spatialTask_combined,grouped,side,1700.0,0.932842367887497,0.9272373154759407,0.9381227150559426,40
spatialTask_combined,grouped,side,1710.0,0.9324678093194961,0.9273952230811119,0.9373302981257439,40
spatialTask_combined,grouped,side,1720.0,0.9329365476965904,0.928519394993782,0.9374142274260521,40
spatialTask_combined,grouped,side,1730.0,0.9336910098791122,0.9290332704782486,0.9382856488227844,40
spatialTask_combined,grouped,side,1740.0,0.9357781186699867,0.9307209819555282,0.9405992701649666,40
spatialTask_combined,grouped,side,1750.0,0.9374256744980812,0.9319181025028229,0.9427967831492424,40
spatialTask_combined,grouped,side,1760.0,0.9393263980746269,0.9343881756067276,0.9444645196199417,40
spatialTask_combined,grouped,side,1770.0,0.9407706886529923,0.9359204679727554,0.9457959085702896,40
spatialTask_combined,grouped,side,1780.0,0.9425473675131798,0.9377447724342346,0.9476058572530747,40
spatialTask_combined,grouped,side,1790.0,0.9435368239879608,0.9387815877795219,0.9482624113559723,40
spatialTask_combined,grouped,side,1800.0,0.9446500167250633,0.9399206504225731,0.9493046894669532,40
spatialTask_combined,grouped,side,1810.0,0.9463424682617188,0.941770775616169,0.9505981788039207,40
spatialTask_combined,grouped,side,1820.0,0.947074468433857,0.9429972529411316,0.95142110735178,40
spatialTask_combined,grouped,side,1830.0,0.946989119052887,0.9430894255638123,0.9512164667248726,40
spatialTask_combined,grouped,side,1840.0,0.9487841933965683,0.9449545860290527,0.9529696077108383,40
spatialTask_combined,grouped,side,1850.0,0.9502895146608352,0.946588671207428,0.9540823891758918,40
spatialTask_combined,grouped,side,1860.0,0.9511905610561371,0.9475369676947594,0.9551461607217788,40
spatialTask_combined,grouped,side,1870.0,0.9526368275284767,0.948401753604412,0.9568691596388816,40
spatialTask_combined,grouped,side,1880.0,0.9538492992520332,0.9493373066186905,0.9581905379891396,40
spatialTask_combined,grouped,side,1890.0,0.954844418168068,0.9503837645053863,0.9588735729455948,40
spatialTask_combined,grouped,side,1900.0,0.9562757149338722,0.9517565220594406,0.9601736828684807,40
spatialTask_combined,grouped,side,1910.0,0.9575237661600113,0.953497751057148,0.9610500901937484,40
spatialTask_combined,grouped,side,1920.0,0.9592921122908592,0.9554616913199425,0.9627078369259834,40
spatialTask_combined,grouped,side,1930.0,0.9602359652519226,0.9560690894722939,0.9640863969922066,40
spatialTask_combined,grouped,side,1940.0,0.9611575841903687,0.9564193606376648,0.965543457865715,40
spatialTask_combined,grouped,side,1950.0,0.9612732589244842,0.9565836116671562,0.965492969751358,40
spatialTask_combined,grouped,side,1960.0,0.9619010701775551,0.9572007685899735,0.9659740835428238,40
spatialTask_combined,grouped,side,1970.0,0.9625460684299469,0.958118288218975,0.9666313245892525,40
spatialTask_combined,grouped,side,1980.0,0.962803928554058,0.958499726653099,0.966768604516983,40
spatialTask_combined,grouped,side,1990.0,0.9637758746743202,0.9594965413212776,0.9679287910461426,40
spatialTask_combined,grouped,side,2000.0,0.9646427527070045,0.9604379132390022,0.9686139836907387,40
spatialTask_combined,grouped,side,2010.0,0.9649804875254631,0.9609293714165688,0.9690117701888085,40
spatialTask_combined,grouped,side,2020.0,0.9654339104890823,0.9613418892025948,0.9694852605462074,40
spatialTask_combined,grouped,side,2030.0,0.9665068611502647,0.9624617040157318,0.970622880756855,40
spatialTask_combined,grouped,side,2040.0,0.9672412812709809,0.9633992671966553,0.9713013097643852,40
spatialTask_combined,grouped,side,2050.0,0.9678760096430779,0.9639594227075576,0.9716774150729179,40
spatialTask_combined,grouped,side,2060.0,0.9685464352369308,0.9645282104611397,0.9725466668605804,40
spatialTask_combined,grouped,side,2070.0,0.9693079307675362,0.9653501108288765,0.9732246920466423,40
spatialTask_combined,grouped,side,2080.0,0.9698578864336014,0.965633437037468,0.9738574653863907,40
spatialTask_combined,grouped,side,2090.0,0.9708537563681603,0.9669796004891396,0.9746629118919372,40
spatialTask_combined,grouped,side,2100.0,0.9712490364909172,0.9676577538251877,0.9748534619808197,40
spatialTask_combined,grouped,side,2110.0,0.9714363247156144,0.9678359255194664,0.975078335404396,40
spatialTask_combined,grouped,side,2120.0,0.9718524262309074,0.9679348066449165,0.975476199388504,40
spatialTask_combined,grouped,side,2130.0,0.9726349517703057,0.9687101945281029,0.9762195110321045,40
spatialTask_combined,grouped,side,2140.0,0.97329480946064,0.9692293599247932,0.9769823089241981,40
spatialTask_combined,grouped,side,2150.0,0.9742169931530953,0.9702513173222542,0.9779200062155724,40
spatialTask_combined,grouped,side,2160.0,0.9749323204159737,0.9709864661097527,0.9786118030548095,40
spatialTask_combined,grouped,side,2170.0,0.9754216596484184,0.9714357301592826,0.9791651591658592,40
spatialTask_combined,grouped,side,2180.0,0.9755401223897934,0.9717013165354729,0.9791648700833321,40
spatialTask_combined,grouped,side,2190.0,0.9758055150508881,0.9720221102237702,0.9794768482446671,40
spatialTask_combined,grouped,side,2200.0,0.9761395588517189,0.9726807862520218,0.9797195836901664,40
spatialTask_combined,grouped,side,2210.0,0.9769679218530655,0.9736613556742668,0.9804899141192436,40
spatialTask_combined,grouped,side,2220.0,0.9772571250796318,0.9740982055664062,0.9806249976158142,40
spatialTask_combined,grouped,side,2230.0,0.9777880817651748,0.9748632133007049,0.9809299916028976,40
spatialTask_combined,grouped,side,2240.0,0.9785572096705437,0.9757516846060753,0.9814576417207718,40
spatialTask_combined,grouped,side,2250.0,0.9792453646659851,0.976537273824215,0.9820753738284111,40
spatialTask_combined,grouped,side,2260.0,0.9799934640526772,0.9772734045982361,0.9828133106231689,40
spatialTask_combined,grouped,side,2270.0,0.9806403532624245,0.9779032647609711,0.9834064245223999,40
spatialTask_combined,grouped,side,2280.0,0.9810851231217385,0.9783190712332726,0.9838807940483093,40
spatialTask_combined,grouped,side,2290.0,0.9813573971390724,0.9786267846822738,0.9841670751571655,40
spatialTask_combined,grouped,side,2300.0,0.9815095335245132,0.9785949036478996,0.9844048857688904,40
spatialTask_combined,grouped,side,2310.0,0.9815418973565102,0.9784998401999474,0.9846011444926261,40
spatialTask_combined,grouped,side,2320.0,0.981633847951889,0.9785774648189545,0.9847849324345589,40
spatialTask_combined,grouped,side,2330.0,0.9815883025527,0.9784078121185302,0.9849346041679382,40
spatialTask_combined,grouped,side,2340.0,0.9817596569657325,0.9786286041140556,0.9849874302744865,40
spatialTask_combined,grouped,side,2350.0,0.982168810069561,0.978986443579197,0.9854042902588844,40
spatialTask_combined,grouped,side,2360.0,0.982410018146038,0.9791186511516571,0.985660320520401,40
spatialTask_combined,grouped,side,2370.0,0.9825034961104393,0.9792116045951843,0.9857817202806473,40
spatialTask_combined,grouped,side,2380.0,0.9824725732207298,0.9793188437819481,0.9856479808688163,40
spatialTask_combined,grouped,side,2390.0,0.9827629715204239,0.9795626655220986,0.9858843132853508,40
spatialTask_combined,grouped,side,2400.0,0.983019794523716,0.9797736182808876,0.9861424624919891,40
spatialTask_combined,grouped,side,2410.0,0.9832476884126663,0.9800125509500504,0.9863408267498016,40
spatialTask_combined,grouped,side,2420.0,0.9832742542028428,0.9801151171326637,0.9862610504031182,40
spatialTask_combined,grouped,side,2430.0,0.9837310582399368,0.980673386156559,0.9867891252040863,40
spatialTask_combined,grouped,side,2440.0,0.984258858859539,0.9812563106417656,0.9871846050024032,40
spatialTask_combined,grouped,side,2450.0,0.9844654679298401,0.981632199883461,0.9872972905635834,40
spatialTask_combined,grouped,side,2460.0,0.9847548097372055,0.9821024015545845,0.9874771654605865,40
spatialTask_combined,grouped,side,2470.0,0.9848603889346123,0.9822282001376152,0.9875592708587646,40
spatialTask_combined,grouped,side,2480.0,0.9852092921733856,0.9825769618153573,0.9878258243203163,40
spatialTask_combined,grouped,side,2490.0,0.9855303972959518,0.9830343753099442,0.9880722150206566,40
spatialTask_combined,grouped,side,2500.0,0.9855403363704681,0.9831215649843216,0.9880113959312439,40
spatialTask_combined,grouped,side,2510.0,0.9849489673972129,0.9825071811676025,0.9875083684921264,40
spatialTask_combined,grouped,side,2520.0,0.9850904598832131,0.9826463595032692,0.987678462266922,40
spatialTask_combined,grouped,side,2530.0,0.9849900215864181,0.9825235649943351,0.9875402465462685,40
spatialTask_combined,grouped,side,2540.0,0.9852212339639663,0.9826175183057785,0.9879722490906715,40
spatialTask_combined,grouped,side,2550.0,0.9857143253087998,0.9832103088498115,0.9883589580655098,40
spatialTask_combined,grouped,side,2560.0,0.9861630141735077,0.9836059212684631,0.9887149408459663,40
spatialTask_combined,grouped,side,2570.0,0.9859313637018203,0.9831720277667045,0.9885556876659394,40
spatialTask_combined,grouped,side,2580.0,0.9858727976679802,0.98327157497406,0.9883979216217995,40
spatialTask_combined,grouped,side,2590.0,0.9863258317112923,0.9837549805641175,0.9888548880815506,40
spatialTask_combined,grouped,side,2600.0,0.9868671163916588,0.9842197865247726,0.98941720277071,40
spatialTask_combined,grouped,side,2610.0,0.9871151998639107,0.9844914600253105,0.9896677732467651,40
spatialTask_combined,grouped,side,2620.0,0.9874274477362632,0.984864667057991,0.9899441227316856,40
spatialTask_combined,grouped,side,2630.0,0.9876851812005043,0.9852934733033181,0.9900529891252517,40
spatialTask_combined,grouped,side,2640.0,0.9878981694579124,0.9855255708098412,0.9901969239115715,40
spatialTask_combined,grouped,side,2650.0,0.9882654249668121,0.9859337136149406,0.9904813274741173,40
spatialTask_combined,grouped,side,2660.0,0.9889095723628998,0.9866496920585632,0.9910663589835167,40
spatialTask_combined,grouped,side,2670.0,0.9891052022576332,0.9868329703807831,0.9912590518593788,40
spatialTask_combined,grouped,side,2680.0,0.9896196991205215,0.9875793054699897,0.9915649875998497,40
spatialTask_combined,grouped,side,2690.0,0.9898901402950286,0.9878405854105949,0.9918179959058762,40
spatialTask_combined,grouped,side,2700.0,0.989789554476738,0.9876715630292893,0.9918552547693252,40
spatialTask_combined,grouped,side,2710.0,0.9899957478046417,0.987876184284687,0.9919769674539566,40
spatialTask_combined,grouped,side,2720.0,0.990480101108551,0.9885388106107712,0.9923636868596077,40
spatialTask_combined,grouped,side,2730.0,0.9905345395207406,0.9887253314256668,0.9923715516924858,40
spatialTask_combined,grouped,side,2740.0,0.9904575362801552,0.9885168343782424,0.9923706516623497,40
spatialTask_combined,grouped,side,2750.0,0.9903467014431954,0.9882438629865646,0.9923088446259498,40
spatialTask_combined,grouped,side,2760.0,0.9907778561115265,0.9886981174349785,0.9926482439041138,40
spatialTask_combined,grouped,side,2770.0,0.9907735794782638,0.9886829718947411,0.9926330596208572,40
spatialTask_combined,grouped,side,2780.0,0.9908603340387344,0.9888266369700431,0.9926958546042443,40
spatialTask_combined,grouped,side,2790.0,0.9909891143441201,0.9890524432063103,0.9929213285446167,40
spatialTask_combined,grouped,side,2800.0,0.991088779270649,0.9892115622758866,0.9929178416728973,40
spatialTask_combined,grouped,side,2810.0,0.9911237090826035,0.989324776828289,0.9928413614630699,40
spatialTask_combined,grouped,side,2820.0,0.9912969693541527,0.9895507365465164,0.9930243402719497,40
spatialTask_combined,grouped,side,2830.0,0.9914037331938743,0.9896989524364471,0.9931119590997696,40
spatialTask_combined,grouped,side,2840.0,0.9914560824632644,0.9897837340831757,0.9931144565343857,40
spatialTask_combined,grouped,side,2850.0,0.9912994176149368,0.9895511999726295,0.9929559051990509,40
spatialTask_combined,grouped,side,2860.0,0.991489152610302,0.989864207804203,0.9930151969194412,40
spatialTask_combined,grouped,side,2870.0,0.9917534187436103,0.9901792988181114,0.9932708963751793,40
spatialTask_combined,grouped,side,2880.0,0.9918129086494446,0.9902121528983117,0.993271978199482,40
spatialTask_combined,grouped,side,2890.0,0.9923116713762283,0.9906766384840011,0.9937577918171883,40
spatialTask_combined,grouped,side,2900.0,0.9924291625618935,0.9908156782388687,0.9939107060432434,40
spatialTask_combined,grouped,side,2910.0,0.9927034690976143,0.9911214202642441,0.9942501351237297,40
spatialTask_combined,grouped,side,2920.0,0.9925966814160347,0.9909852653741836,0.9941389352083206,40
spatialTask_combined,grouped,side,2930.0,0.9926120653748512,0.990982000529766,0.9941755637526513,40
spatialTask_combined,grouped,side,2940.0,0.9929589092731476,0.9913958072662353,0.9944193974137306,40
spatialTask_combined,grouped,side,2950.0,0.9931306913495064,0.9915967613458634,0.9945631787180901,40
spatialTask_combined,grouped,side,2960.0,0.9930809691548348,0.991632217168808,0.9944898024201393,40
spatialTask_combined,grouped,side,2970.0,0.9930556327104568,0.9914348885416985,0.994566510617733,40
spatialTask_combined,grouped,side,2980.0,0.9929854571819305,0.9912474930286408,0.9945348903536797,40
spatialTask_combined,grouped,side,2990.0,0.992889629304409,0.9910894706845284,0.994525383412838,40
spatialTask_combined,grouped,side,3000.0,0.9929024368524552,0.9910653486847878,0.9946165069937706,40
spatialTask_combined,grouped,side,3010.0,0.9926862418651581,0.9908379599452019,0.994447435438633,40
spatialTask_combined,grouped,side,3020.0,0.9928921192884446,0.9912451088428498,0.9945404216647148,40
spatialTask_combined,grouped,side,3030.0,0.9931613296270371,0.9915719211101532,0.9947373241186142,40
spatialTask_combined,grouped,side,3040.0,0.9934160903096199,0.9919180676341057,0.9948737740516662,40
spatialTask_combined,grouped,side,3050.0,0.9939456567168236,0.9923991739749909,0.9953248754143715,40
spatialTask_combined,grouped,side,3060.0,0.9940929979085922,0.9925818428397178,0.9954457566142082,40
spatialTask_combined,grouped,side,3070.0,0.9943262457847595,0.9928367972373963,0.995708116889,40
spatialTask_combined,grouped,side,3080.0,0.9940642416477203,0.9926614940166474,0.9954611420631408,40
spatialTask_combined,grouped,side,3090.0,0.9940630778670311,0.9926739305257797,0.9953996166586876,40
spatialTask_combined,grouped,side,3100.0,0.9945689484477043,0.9930046543478965,0.9958174809813499,40
spatialTask_combined,grouped,side,3110.0,0.994719623029232,0.9931793689727784,0.9959878340363503,40
spatialTask_combined,grouped,side,3120.0,0.9946164101362228,0.9932530149817467,0.9958435744047165,40
spatialTask_combined,grouped,side,3130.0,0.9945011481642723,0.9929536387324334,0.9958227470517158,40
spatialTask_combined,grouped,side,3140.0,0.9948395758867263,0.9933189883828163,0.9961077779531479,40
spatialTask_combined,grouped,side,3150.0,0.9948858737945556,0.9934203803539277,0.9962304875254631,40
spatialTask_combined,grouped,side,3160.0,0.9951254919171333,0.9936741158366204,0.9963762730360031,40
spatialTask_combined,grouped,side,3170.0,0.9951545551419259,0.9938659414649009,0.9962985202670097,40
spatialTask_combined,grouped,side,3180.0,0.9945474714040756,0.9933693438768387,0.9957339882850647,40
spatialTask_combined,grouped,side,3190.0,0.9947306960821152,0.9934963658452034,0.9959300071001053,40
spatialTask_combined,grouped,juice,0.0,0.4975795954465866,0.4953287973999977,0.4999209471046925,40
spatialTask_combined,grouped,juice,10.0,0.49999459758400916,0.4974171623587608,0.5029838025569916,40
spatialTask_combined,grouped,juice,20.0,0.4989782139658928,0.4957136906683445,0.5024002626538276,40
spatialTask_combined,grouped,juice,30.0,0.49862864017486574,0.4947456642985344,0.5026832342147827,40
spatialTask_combined,grouped,juice,40.0,0.49745683670043944,0.49296660497784617,0.5017372950911522,40
spatialTask_combined,grouped,juice,50.0,0.49823744744062426,0.4943589322268963,0.502115149796009,40
spatialTask_combined,grouped,juice,60.0,0.49771964326500895,0.4934784539043903,0.5024703353643417,40
spatialTask_combined,grouped,juice,70.0,0.49830944612622263,0.49442086592316625,0.5022922143340111,40
spatialTask_combined,grouped,juice,80.0,0.4995341420173645,0.495471965521574,0.5038627952337265,40
spatialTask_combined,grouped,juice,90.0,0.49988146871328354,0.4959492698311806,0.5043310493230819,40
spatialTask_combined,grouped,juice,100.0,0.4989901140332222,0.4955912813544273,0.502813084423542,40
spatialTask_combined,grouped,juice,110.0,0.4987073391675949,0.4949615731835365,0.5029917538166047,40
spatialTask_combined,grouped,juice,120.0,0.4994011878967285,0.49546154513955115,0.5037356093525887,40
spatialTask_combined,grouped,juice,130.0,0.5002590969204903,0.49633209556341173,0.5044178515672684,40
spatialTask_combined,grouped,juice,140.0,0.5010332457721234,0.4972121618688107,0.5046377941966057,40
spatialTask_combined,grouped,juice,150.0,0.49976504892110823,0.49648522958159447,0.5029633522033692,40
spatialTask_combined,grouped,juice,160.0,0.4992863468825817,0.49586557745933535,0.5029780268669128,40
spatialTask_combined,grouped,juice,170.0,0.498336361348629,0.4952471233904362,0.501874540746212,40
spatialTask_combined,grouped,juice,180.0,0.4977485381066799,0.4944543480873108,0.5009526908397675,40
spatialTask_combined,grouped,juice,190.0,0.4989368125796318,0.4954269029200077,0.5024560645222664,40
spatialTask_combined,grouped,juice,200.0,0.4981397666037083,0.4946135632693768,0.5016150429844857,40
spatialTask_combined,grouped,juice,210.0,0.4995683029294014,0.4963101834058762,0.5029451355338097,40
spatialTask_combined,grouped,juice,220.0,0.5006445921957493,0.49765096306800843,0.5037257492542266,40
spatialTask_combined,grouped,juice,230.0,0.49890129566192626,0.4958760753273964,0.5021645709872246,40
spatialTask_combined,grouped,juice,240.0,0.500260391831398,0.49742807224392893,0.5030723556876182,40
spatialTask_combined,grouped,juice,250.0,0.4996541038155556,0.49639217257499696,0.5026955842971802,40
spatialTask_combined,grouped,juice,260.0,0.5003781825304031,0.4969024047255516,0.5039609476923943,40
spatialTask_combined,grouped,juice,270.0,0.5000670768320561,0.4972458556294441,0.5030619010329247,40
spatialTask_combined,grouped,juice,280.0,0.4999243959784508,0.49653848111629484,0.5033469513058663,40
spatialTask_combined,grouped,juice,290.0,0.5010906822979451,0.49794776514172556,0.5043268293142319,40
spatialTask_combined,grouped,juice,300.0,0.5021416299045086,0.4989401541650295,0.5052007287740707,40
spatialTask_combined,grouped,juice,310.0,0.5022083006799221,0.4989446647465229,0.5052805796265603,40
spatialTask_combined,grouped,juice,320.0,0.5008231088519096,0.49716473147273066,0.5042347565293313,40
spatialTask_combined,grouped,juice,330.0,0.5012764059007168,0.49821018278598783,0.5041716828942299,40
spatialTask_combined,grouped,juice,340.0,0.502083545178175,0.4985729865729809,0.5052231550216675,40
spatialTask_combined,grouped,juice,350.0,0.5018372185528278,0.49836987257003784,0.5051044881343841,40
spatialTask_combined,grouped,juice,360.0,0.5008942678570747,0.497528450936079,0.5041179925203323,40
spatialTask_combined,grouped,juice,370.0,0.5003217972815037,0.49742010682821275,0.5032586440443992,40
spatialTask_combined,grouped,juice,380.0,0.5019429005682469,0.49862532392144204,0.505463844537735,40
spatialTask_combined,grouped,juice,390.0,0.5021854810416698,0.49908829256892207,0.505442912876606,40
spatialTask_combined,grouped,juice,400.0,0.5006665185093879,0.4974433571100235,0.5036277428269387,40
spatialTask_combined,grouped,juice,410.0,0.49889459908008577,0.49514137357473376,0.5024351745843887,40
spatialTask_combined,grouped,juice,420.0,0.5014257937669754,0.4984030336141586,0.5044684574007988,40
spatialTask_combined,grouped,juice,430.0,0.49905581697821616,0.4965440921485424,0.5013695955276489,40
spatialTask_combined,grouped,juice,440.0,0.4987864397466183,0.49559804126620294,0.501720167696476,40
spatialTask_combined,grouped,juice,450.0,0.4991218872368336,0.49588597267866136,0.5025927692651748,40
spatialTask_combined,grouped,juice,460.0,0.5007827021181583,0.49777394682168963,0.5037647366523743,40
spatialTask_combined,grouped,juice,470.0,0.49850949496030805,0.495347598940134,0.5015555307269096,40
spatialTask_combined,grouped,juice,480.0,0.49880581349134445,0.4952865794301033,0.5021472692489624,40
spatialTask_combined,grouped,juice,490.0,0.50146289691329,0.4984214350581169,0.5046218052506447,40
spatialTask_combined,grouped,juice,500.0,0.5518396377563477,0.54608154296875,0.5575225740671158,40
spatialTask_combined,grouped,juice,510.0,0.6157910272479057,0.6039999440312386,0.6286973237991333,40
spatialTask_combined,grouped,juice,520.0,0.6546408280730247,0.643389044702053,0.6654532685875892,40
spatialTask_combined,grouped,juice,530.0,0.6726704403758049,0.6618929982185364,0.6829724431037902,40
spatialTask_combined,grouped,juice,540.0,0.6867131590843201,0.6782479718327522,0.6951756358146668,40
spatialTask_combined,grouped,juice,550.0,0.6923572555184364,0.6849224850535393,0.7002079859375954,40
spatialTask_combined,grouped,juice,560.0,0.6951328262686729,0.6875811442732811,0.7025146678090095,40
spatialTask_combined,grouped,juice,570.0,0.6920067086815834,0.6837206676602363,0.7002628803253174,40
spatialTask_combined,grouped,juice,580.0,0.6915591821074486,0.6828542813658715,0.70004144012928,40
spatialTask_combined,grouped,juice,590.0,0.6908705070614815,0.6826345965266227,0.6990446954965591,40
spatialTask_combined,grouped,juice,600.0,0.6902775436639785,0.6814957574009896,0.6986684963107109,40
spatialTask_combined,grouped,juice,610.0,0.6887756690382958,0.6801046445965767,0.6968745499849319,40
spatialTask_combined,grouped,juice,620.0,0.6882751524448395,0.6798153251409531,0.6961123272776604,40
spatialTask_combined,grouped,juice,630.0,0.6881826117634773,0.6800344824790955,0.6957058399915695,40
spatialTask_combined,grouped,juice,640.0,0.6873280644416809,0.6788079530000687,0.6954380467534065,40
spatialTask_combined,grouped,juice,650.0,0.6863765224814415,0.6776935398578644,0.6943449601531029,40
spatialTask_combined,grouped,juice,660.0,0.6859414920210838,0.677204416692257,0.6936396643519401,40
spatialTask_combined,grouped,juice,670.0,0.6856039315462112,0.676854918897152,0.693340539932251,40
spatialTask_combined,grouped,juice,680.0,0.6839986592531204,0.6759271085262298,0.6916442692279816,40
spatialTask_combined,grouped,juice,690.0,0.6829839691519737,0.6749270334839821,0.6908674716949463,40
spatialTask_combined,grouped,juice,700.0,0.682124824821949,0.6737927794456482,0.689938622713089,40
spatialTask_combined,grouped,juice,710.0,0.6815859869122505,0.6728459030389786,0.6896852433681488,40
spatialTask_combined,grouped,juice,720.0,0.6817474797368049,0.672881692647934,0.6898342177271843,40
spatialTask_combined,grouped,juice,730.0,0.6807049453258515,0.6723803773522377,0.688660952448845,40
spatialTask_combined,grouped,juice,740.0,0.680613549053669,0.6717078432440757,0.6888805001974105,40
spatialTask_combined,grouped,juice,750.0,0.6802705004811287,0.6713766843080521,0.6884674847126007,40
spatialTask_combined,grouped,juice,760.0,0.6806258514523507,0.6717180356383323,0.6884222194552422,40
spatialTask_combined,grouped,juice,770.0,0.679987744987011,0.6711619332432747,0.6881189480423927,40
spatialTask_combined,grouped,juice,780.0,0.6793108567595482,0.6707739621400833,0.6873669385910034,40
spatialTask_combined,grouped,juice,790.0,0.6799865156412125,0.6714405015110969,0.6878253981471062,40
spatialTask_combined,grouped,juice,800.0,0.6802168041467667,0.6715313553810119,0.6882528856396675,40
spatialTask_combined,grouped,juice,810.0,0.6791635394096375,0.6699442073702813,0.687588906288147,40
spatialTask_combined,grouped,juice,820.0,0.6785480260849,0.6694235920906066,0.6872370153665542,40
spatialTask_combined,grouped,juice,830.0,0.6784557268023491,0.6693626075983048,0.6867816701531411,40
spatialTask_combined,grouped,juice,840.0,0.6781113669276237,0.6681988328695297,0.6868384912610054,40
spatialTask_combined,grouped,juice,850.0,0.6772750198841095,0.6679196119308471,0.6857514068484306,40
spatialTask_combined,grouped,juice,860.0,0.6774133563041687,0.6684192255139351,0.6856099084019661,40
spatialTask_combined,grouped,juice,870.0,0.6776263818144799,0.668776398897171,0.6859098613262177,40
spatialTask_combined,grouped,juice,880.0,0.6779404938220978,0.6692512616515159,0.6864610224962234,40
spatialTask_combined,grouped,juice,890.0,0.6777084618806839,0.6689578160643578,0.686170719563961,40
spatialTask_combined,grouped,juice,900.0,0.6776315972208977,0.6688527971506119,0.6864307731389999,40
spatialTask_combined,grouped,juice,910.0,0.677378922700882,0.6681263104081154,0.6860077142715454,40
spatialTask_combined,grouped,juice,920.0,0.6772484764456749,0.6682497516274453,0.6853065386414527,40
spatialTask_combined,grouped,juice,930.0,0.6773111626505852,0.6685121402144432,0.6849018633365631,40
spatialTask_combined,grouped,juice,940.0,0.6767923280596733,0.6679857283830642,0.6842476770281791,40
spatialTask_combined,grouped,juice,950.0,0.6769225880503654,0.6683516874909401,0.6845465913414955,40
spatialTask_combined,grouped,juice,960.0,0.6772869870066642,0.6688750147819519,0.6850386917591095,40
spatialTask_combined,grouped,juice,970.0,0.6773860111832619,0.6692802965641022,0.6849579244852066,40
spatialTask_combined,grouped,juice,980.0,0.6773706629872323,0.6686499670147896,0.6851575776934624,40
spatialTask_combined,grouped,juice,990.0,0.6783017501235008,0.6696225821971893,0.686096079647541,40
spatialTask_combined,grouped,juice,1000.0,0.6783782064914703,0.669756355881691,0.6856492400169373,40
spatialTask_combined,grouped,juice,1010.0,0.6786403462290764,0.6698945924639702,0.6862043976783753,40
spatialTask_combined,grouped,juice,1020.0,0.6790213227272034,0.6703993201255798,0.6868811175227165,40
spatialTask_combined,grouped,juice,1030.0,0.6790331929922104,0.6704825639724732,0.686899508535862,40
spatialTask_combined,grouped,juice,1040.0,0.6788073763251304,0.6700956553220749,0.6868479773402214,40
spatialTask_combined,grouped,juice,1050.0,0.6786903396248818,0.6702281683683395,0.6862984046339988,40
spatialTask_combined,grouped,juice,1060.0,0.6795087561011315,0.6706380352377892,0.6875318184494972,40
spatialTask_combined,grouped,juice,1070.0,0.678933461010456,0.6704781651496887,0.6868569254875183,40
spatialTask_combined,grouped,juice,1080.0,0.6792341649532319,0.671003969013691,0.6870992690324783,40
spatialTask_combined,grouped,juice,1090.0,0.6799514427781105,0.6719237998127937,0.6878342390060425,40
spatialTask_combined,grouped,juice,1100.0,0.6788075506687165,0.6708001226186753,0.6862819448113442,40
spatialTask_combined,grouped,juice,1110.0,0.6796925783157348,0.6716867953538894,0.6877762973308563,40
spatialTask_combined,grouped,juice,1120.0,0.6792336970567703,0.671086947619915,0.68726015239954,40
spatialTask_combined,grouped,juice,1130.0,0.6784649387001991,0.6703688696026802,0.686361488699913,40
spatialTask_combined,grouped,juice,1140.0,0.6780978217720985,0.6695273801684379,0.6862087085843086,40
spatialTask_combined,grouped,juice,1150.0,0.6785633370280266,0.6702411130070687,0.6864512905478477,40
spatialTask_combined,grouped,juice,1160.0,0.6783294141292572,0.6701144993305206,0.6861661553382874,40
spatialTask_combined,grouped,juice,1170.0,0.6786216005682946,0.6707714751362801,0.6862518101930618,40
spatialTask_combined,grouped,juice,1180.0,0.678401292860508,0.6706367075443268,0.6858038738369941,40
spatialTask_combined,grouped,juice,1190.0,0.678448709845543,0.6704389154911041,0.6863380461931229,40
spatialTask_combined,grouped,juice,1200.0,0.6775476962327958,0.6698033154010773,0.6851970717310906,40
spatialTask_combined,grouped,juice,1210.0,0.6769513487815857,0.6690598338842392,0.6847365587949753,40
spatialTask_combined,grouped,juice,1220.0,0.6764884874224663,0.6682275608181953,0.6842927083373069,40
spatialTask_combined,grouped,juice,1230.0,0.6771199390292167,0.6689625725150108,0.6849578559398651,40
spatialTask_combined,grouped,juice,1240.0,0.6774438381195068,0.6694061741232872,0.6853637456893921,40
spatialTask_combined,grouped,juice,1250.0,0.6781544432044029,0.6700359344482422,0.6858704432845115,40
spatialTask_combined,grouped,juice,1260.0,0.6782628133893013,0.6696888521313668,0.6862579494714737,40
spatialTask_combined,grouped,juice,1270.0,0.6784173488616944,0.6702378675341606,0.6863288506865501,40
spatialTask_combined,grouped,juice,1280.0,0.6785288602113724,0.6701348185539245,0.686600062251091,40
spatialTask_combined,grouped,juice,1290.0,0.6785561233758927,0.6700591042637825,0.6865568131208419,40
spatialTask_combined,grouped,juice,1300.0,0.6793383300304413,0.6707240521907807,0.6873143747448921,40
spatialTask_combined,grouped,juice,1310.0,0.6797318264842034,0.6713854849338532,0.687664870917797,40
spatialTask_combined,grouped,juice,1320.0,0.6791354522109032,0.6709355786442757,0.6871418282389641,40
spatialTask_combined,grouped,juice,1330.0,0.679205022752285,0.6708572685718537,0.6872428193688392,40
spatialTask_combined,grouped,juice,1340.0,0.6787961602210999,0.6703984245657921,0.686825592815876,40
spatialTask_combined,grouped,juice,1350.0,0.679302978515625,0.6711897030472755,0.6874841466546059,40
spatialTask_combined,grouped,juice,1360.0,0.6802535355091095,0.6718001440167427,0.688424451649189,40
spatialTask_combined,grouped,juice,1370.0,0.6802927926182747,0.6720674484968185,0.6884002074599266,40
spatialTask_combined,grouped,juice,1380.0,0.6802257880568504,0.6718126997351647,0.6885549172759056,40
spatialTask_combined,grouped,juice,1390.0,0.6796180874109268,0.671204499900341,0.6878099858760833,40
spatialTask_combined,grouped,juice,1400.0,0.6802536636590958,0.6713378131389618,0.6886108085513115,40
spatialTask_combined,grouped,juice,1410.0,0.6804520949721337,0.6718594953417778,0.6886264607310295,40
spatialTask_combined,grouped,juice,1420.0,0.6801105126738548,0.6717656150460243,0.688305614888668,40
spatialTask_combined,grouped,juice,1430.0,0.6789598122239113,0.6706267774105072,0.6872320175170898,40
spatialTask_combined,grouped,juice,1440.0,0.6790180325508117,0.6705743268132209,0.6877944052219391,40
spatialTask_combined,grouped,juice,1450.0,0.6799426317214966,0.6712948456406593,0.6881733268499375,40
spatialTask_combined,grouped,juice,1460.0,0.6796288207173348,0.671070522069931,0.6879745841026306,40
spatialTask_combined,grouped,juice,1470.0,0.6798915147781373,0.6718046471476555,0.6881076961755752,40
spatialTask_combined,grouped,juice,1480.0,0.6790368661284447,0.6712866365909577,0.6870229735970497,40
spatialTask_combined,grouped,juice,1490.0,0.6794513940811158,0.6718087077140809,0.6875348404049874,40
spatialTask_combined,grouped,juice,1500.0,0.9013650089502334,0.8968430191278458,0.905794520676136,40
spatialTask_combined,grouped,juice,1510.0,0.8987621858716011,0.8945796683430671,0.9028212651610374,40
spatialTask_combined,grouped,juice,1520.0,0.8979575574398041,0.8939096227288246,0.9020130187273026,40
spatialTask_combined,grouped,juice,1530.0,0.8988747820258141,0.894967234134674,0.9027379542589188,40
spatialTask_combined,grouped,juice,1540.0,0.8987108528614044,0.8941587328910827,0.9030004546046257,40
spatialTask_combined,grouped,juice,1550.0,0.8970219731330872,0.8925502181053162,0.901688677072525,40
spatialTask_combined,grouped,juice,1560.0,0.8941124230623245,0.8889043524861335,0.8995301619172096,40
spatialTask_combined,grouped,juice,1570.0,0.8918113067746163,0.8863106951117515,0.8973469063639641,40
spatialTask_combined,grouped,juice,1580.0,0.8893485352396965,0.8826216846704483,0.8955963164567947,40
spatialTask_combined,grouped,juice,1590.0,0.8862908467650413,0.8778039917349816,0.8938694074749947,40
spatialTask_combined,grouped,juice,1600.0,0.8851884126663208,0.875852856040001,0.8934930264949799,40
spatialTask_combined,grouped,juice,1610.0,0.8845841974020004,0.8748811900615692,0.8927045419812203,40
spatialTask_combined,grouped,juice,1620.0,0.8843186631798744,0.8748162895441055,0.892502048611641,40
spatialTask_combined,grouped,juice,1630.0,0.8857497721910477,0.876013258099556,0.894399993121624,40
spatialTask_combined,grouped,juice,1640.0,0.8850846067070961,0.8742152020335198,0.8950536161661148,40
spatialTask_combined,grouped,juice,1650.0,0.8849275946617127,0.8742329090833664,0.8951614603400231,40
spatialTask_combined,grouped,juice,1660.0,0.8861019849777222,0.8752188891172409,0.896455205976963,40
spatialTask_combined,grouped,juice,1670.0,0.8864600971341133,0.8757728919386863,0.8965439200401306,40
spatialTask_combined,grouped,juice,1680.0,0.8869108706712723,0.8758139744400978,0.8973672568798066,40
spatialTask_combined,grouped,juice,1690.0,0.8854031279683113,0.8738623723387718,0.896561236679554,40
spatialTask_combined,grouped,juice,1700.0,0.8852062493562698,0.8733281672000885,0.8963751494884491,40
spatialTask_combined,grouped,juice,1710.0,0.8855620920658112,0.8733233958482742,0.8970466330647469,40
spatialTask_combined,grouped,juice,1720.0,0.8852952614426612,0.8727627947926522,0.8970031246542931,40
spatialTask_combined,grouped,juice,1730.0,0.8861165478825569,0.8734862744808197,0.8978238880634308,40
spatialTask_combined,grouped,juice,1740.0,0.8855656281113624,0.873319748044014,0.8973054036498069,40
spatialTask_combined,grouped,juice,1750.0,0.8866432622075081,0.875009086728096,0.8980492234230042,40
spatialTask_combined,grouped,juice,1760.0,0.888269504904747,0.8769636616110802,0.8994377002120018,40
spatialTask_combined,grouped,juice,1770.0,0.8878049865365029,0.8768597289919853,0.8989380374550819,40
spatialTask_combined,grouped,juice,1780.0,0.888169938325882,0.8768682941794396,0.8989873707294465,40
spatialTask_combined,grouped,juice,1790.0,0.8875257477164269,0.8762755215167999,0.8987190872430801,40
spatialTask_combined,grouped,juice,1800.0,0.8876770868897438,0.8760996922850609,0.8986435279250145,40
spatialTask_combined,grouped,juice,1810.0,0.8899713933467865,0.8780657336115837,0.9008632078766823,40
spatialTask_combined,grouped,juice,1820.0,0.8922545269131661,0.8796674400568009,0.9039768934249878,40
spatialTask_combined,grouped,juice,1830.0,0.8936357811093331,0.8808689996600151,0.9052012532949447,40
spatialTask_combined,grouped,juice,1840.0,0.8939246580004692,0.8804500222206115,0.9059726402163506,40
spatialTask_combined,grouped,juice,1850.0,0.8959844291210175,0.8828690066933632,0.9082827091217041,40
spatialTask_combined,grouped,juice,1860.0,0.8964214339852333,0.8835460841655731,0.9083810955286026,40
spatialTask_combined,grouped,juice,1870.0,0.8967842295765877,0.8836376413702964,0.9088936880230903,40
spatialTask_combined,grouped,juice,1880.0,0.8972960978746414,0.8839864760637284,0.9095006927847862,40
spatialTask_combined,grouped,juice,1890.0,0.8990253448486328,0.8856163293123245,0.911531338095665,40
spatialTask_combined,grouped,juice,1900.0,0.9012141034007073,0.8876490861177444,0.9136826783418656,40
spatialTask_combined,grouped,juice,1910.0,0.9018514841794968,0.8877421632409096,0.9150027617812156,40
spatialTask_combined,grouped,juice,1920.0,0.9013997822999954,0.887363800406456,0.9146977737545967,40
spatialTask_combined,grouped,juice,1930.0,0.9015270560979843,0.8875248253345489,0.9146185949444771,40
spatialTask_combined,grouped,juice,1940.0,0.9023704111576081,0.8886530712246895,0.9154030621051789,40
spatialTask_combined,grouped,juice,1950.0,0.9044241160154343,0.8908327579498291,0.9169678643345833,40
spatialTask_combined,grouped,juice,1960.0,0.9042407155036927,0.8905171409249306,0.9167343571782112,40
spatialTask_combined,grouped,juice,1970.0,0.9042359501123428,0.8910561725497246,0.916704049706459,40
spatialTask_combined,grouped,juice,1980.0,0.9054239347577095,0.892517663538456,0.9175246849656105,40
spatialTask_combined,grouped,juice,1990.0,0.907076758146286,0.894454500079155,0.9190107345581054,40
spatialTask_combined,grouped,juice,2000.0,0.9075853914022446,0.8955411687493324,0.9190745517611504,40
spatialTask_combined,grouped,juice,2010.0,0.9070201545953751,0.8952032014727592,0.9182416871190071,40
spatialTask_combined,grouped,juice,2020.0,0.9063861653208732,0.8946549400687218,0.918061776459217,40
spatialTask_combined,grouped,juice,2030.0,0.9052856296300889,0.8926720470190048,0.9170591101050377,40
spatialTask_combined,grouped,juice,2040.0,0.9055279687047004,0.8932046055793762,0.9177308216691017,40
spatialTask_combined,grouped,juice,2050.0,0.9055086612701416,0.8926066562533379,0.9180061593651772,40
spatialTask_combined,grouped,juice,2060.0,0.9054741576313973,0.8929462775588035,0.9178737312555313,40
spatialTask_combined,grouped,juice,2070.0,0.903838436305523,0.8914336711168289,0.9162518739700317,40
spatialTask_combined,grouped,juice,2080.0,0.9027338474988937,0.8901375144720077,0.9153781533241272,40
spatialTask_combined,grouped,juice,2090.0,0.9018802240490913,0.8890855833888054,0.914708137512207,40
spatialTask_combined,grouped,juice,2100.0,0.9011353269219399,0.8883512556552887,0.9141519591212273,40
spatialTask_combined,grouped,juice,2110.0,0.9006383568048477,0.8880992397665978,0.9137065559625626,40
spatialTask_combined,grouped,juice,2120.0,0.9009891763329506,0.8886798396706581,0.9141384974122048,40
spatialTask_combined,grouped,juice,2130.0,0.8991071701049804,0.8860411792993546,0.9126289799809456,40
spatialTask_combined,grouped,juice,2140.0,0.8961575552821159,0.882114727795124,0.910455846786499,40
spatialTask_combined,grouped,juice,2150.0,0.8938927575945854,0.8795459657907486,0.9084685787558555,40
spatialTask_combined,grouped,juice,2160.0,0.8916028350591659,0.8766685649752617,0.9061596408486366,40
spatialTask_combined,grouped,juice,2170.0,0.8901191011071206,0.8745885089039802,0.9050952285528183,40
spatialTask_combined,grouped,juice,2180.0,0.8893404185771943,0.8735795736312866,0.9043964520096779,40
spatialTask_combined,grouped,juice,2190.0,0.8867347240447998,0.8704605683684349,0.9019938468933105,40
spatialTask_combined,grouped,juice,2200.0,0.8828879460692406,0.8667010441422462,0.8985353738069535,40
spatialTask_combined,grouped,juice,2210.0,0.8800084963440895,0.8633931636810303,0.8964670911431313,40
spatialTask_combined,grouped,juice,2220.0,0.8778236046433449,0.8614836141467095,0.8943665370345115,40
spatialTask_combined,grouped,juice,2230.0,0.8755872592329978,0.8592167586088181,0.8921777352690696,40
spatialTask_combined,grouped,juice,2240.0,0.874043895304203,0.8573911800980568,0.8910279080271721,40
spatialTask_combined,grouped,juice,2250.0,0.8721334666013718,0.8546117663383483,0.8903079062700272,40
spatialTask_combined,grouped,juice,2260.0,0.8696066036820411,0.8515062242746353,0.8889581292867661,40
spatialTask_combined,grouped,juice,2270.0,0.8670823588967324,0.8486533492803574,0.8868054449558258,40
spatialTask_combined,grouped,juice,2280.0,0.8652711480855941,0.8465050131082534,0.8850718885660172,40
spatialTask_combined,grouped,juice,2290.0,0.8616607025265693,0.8426407456398011,0.8811622306704521,40
spatialTask_combined,grouped,juice,2300.0,0.8594360083341599,0.8404721707105637,0.8790826573967934,40
spatialTask_combined,grouped,juice,2310.0,0.8564523696899414,0.8370174333453179,0.8768251553177834,40
spatialTask_combined,grouped,juice,2320.0,0.8527745112776757,0.8331961780786514,0.8728173613548279,40
spatialTask_combined,grouped,juice,2330.0,0.8492346599698066,0.82907585054636,0.8702035829424858,40
spatialTask_combined,grouped,juice,2340.0,0.8451540559530258,0.8248668447136879,0.866004291176796,40
spatialTask_combined,grouped,juice,2350.0,0.8420088395476342,0.8216921791434288,0.8624217599630356,40
spatialTask_combined,grouped,juice,2360.0,0.8385212853550911,0.818904060125351,0.8579646900296212,40
spatialTask_combined,grouped,juice,2370.0,0.8352393388748169,0.8167606323957444,0.8545813098549843,40
spatialTask_combined,grouped,juice,2380.0,0.8316258788108826,0.8134310379624367,0.8505687177181244,40
spatialTask_combined,grouped,juice,2390.0,0.8282443076372147,0.8098200604319572,0.8471545666456223,40
spatialTask_combined,grouped,juice,2400.0,0.823663766682148,0.8050539001822472,0.8425112009048462,40
spatialTask_combined,grouped,juice,2410.0,0.8191494762897491,0.8002686530351639,0.8380492717027664,40
spatialTask_combined,grouped,juice,2420.0,0.8150755777955055,0.7966659784317016,0.8336247652769089,40
spatialTask_combined,grouped,juice,2430.0,0.8107091799378395,0.79215187728405,0.8297471508383751,40
spatialTask_combined,grouped,juice,2440.0,0.807028415799141,0.7877489909529686,0.826187127828598,40
spatialTask_combined,grouped,juice,2450.0,0.8024140477180481,0.7824776411056519,0.8218902260065079,40
spatialTask_combined,grouped,juice,2460.0,0.7973677322268486,0.7769834116101265,0.8175112694501877,40
spatialTask_combined,grouped,juice,2470.0,0.7936540141701698,0.7723706960678101,0.8145518496632576,40
spatialTask_combined,grouped,juice,2480.0,0.7893149062991143,0.7678658932447433,0.8106609955430031,40
spatialTask_combined,grouped,juice,2490.0,0.7851705387234688,0.7635558605194092,0.8069371849298477,40
spatialTask_combined,grouped,juice,2500.0,0.7817526698112488,0.7596118733286857,0.8035740241408348,40
spatialTask_combined,grouped,juice,2510.0,0.7776587545871735,0.755227841436863,0.7992227733135223,40
spatialTask_combined,grouped,juice,2520.0,0.7735811442136764,0.7512315809726715,0.7954086169600487,40
spatialTask_combined,grouped,juice,2530.0,0.7701372250914573,0.7490399569272995,0.7912459522485733,40
spatialTask_combined,grouped,juice,2540.0,0.7658456161618232,0.7451040089130402,0.7865803465247154,40
spatialTask_combined,grouped,juice,2550.0,0.7619873866438865,0.7410356000065803,0.7832892253994942,40
spatialTask_combined,grouped,juice,2560.0,0.7595308631658554,0.738282497227192,0.7813412144780159,40
spatialTask_combined,grouped,juice,2570.0,0.7531815901398659,0.7311659321188927,0.7763305217027664,40
spatialTask_combined,grouped,juice,2580.0,0.7468888580799102,0.7240576520562172,0.77120371311903,40
spatialTask_combined,grouped,juice,2590.0,0.740194283425808,0.7164187893271446,0.7655158519744873,40
spatialTask_combined,grouped,juice,2600.0,0.7357665881514549,0.711765569448471,0.7607902616262436,40
spatialTask_combined,grouped,juice,2610.0,0.7303125113248825,0.7055121406912803,0.7555295705795289,40
spatialTask_combined,grouped,juice,2620.0,0.7265123099088668,0.7014408230781555,0.7515120267868042,40
spatialTask_combined,grouped,juice,2630.0,0.7203248903155327,0.6948300346732139,0.7463101521134377,40
spatialTask_combined,grouped,juice,2640.0,0.7178121641278267,0.691816046833992,0.7440480589866638,40
spatialTask_combined,grouped,juice,2650.0,0.7139490127563477,0.6879571750760078,0.7398178935050964,40
spatialTask_combined,grouped,juice,2660.0,0.7103669941425323,0.6838755175471306,0.7365061342716217,40
spatialTask_combined,grouped,juice,2670.0,0.7064643979072571,0.679978321492672,0.7326412692666053,40
spatialTask_combined,grouped,juice,2680.0,0.7033218100667,0.678363399207592,0.7277922675013542,40
spatialTask_combined,grouped,juice,2690.0,0.6981835201382637,0.6730754658579826,0.723672804236412,40
spatialTask_combined,grouped,juice,2700.0,0.69349025785923,0.6680206298828125,0.7188205540180206,40
spatialTask_combined,grouped,juice,2710.0,0.689682137966156,0.6634955734014512,0.7147991210222244,40
spatialTask_combined,grouped,juice,2720.0,0.6853403732180595,0.6600345283746719,0.7111648723483086,40
spatialTask_combined,grouped,juice,2730.0,0.6809658810496331,0.6558566108345986,0.7060251042246819,40
spatialTask_combined,grouped,juice,2740.0,0.6784215852618217,0.6544644281268119,0.7029836013913154,40
spatialTask_combined,grouped,juice,2750.0,0.6735542804002762,0.6495890587568283,0.6973517686128616,40
spatialTask_combined,grouped,juice,2760.0,0.668084305524826,0.6429705172777176,0.6926183059811593,40
spatialTask_combined,grouped,juice,2770.0,0.6634069323539734,0.6374214977025986,0.6878361687064171,40
spatialTask_combined,grouped,juice,2780.0,0.6589987568557263,0.6339218571782113,0.6843370884656906,40
spatialTask_combined,grouped,juice,2790.0,0.6552351467311383,0.6298808366060257,0.6812826827168464,40
spatialTask_combined,grouped,juice,2800.0,0.6503007605671882,0.6254654094576836,0.6760713025927544,40
spatialTask_combined,grouped,juice,2810.0,0.6479808606207371,0.6230892583727836,0.6735982015728951,40
spatialTask_combined,grouped,juice,2820.0,0.642691096663475,0.61755850315094,0.6677634179592132,40
spatialTask_combined,grouped,juice,2830.0,0.637254674732685,0.6121358841657638,0.6622405618429184,40
spatialTask_combined,grouped,juice,2840.0,0.632336150854826,0.6077904641628266,0.6559230893850326,40
spatialTask_combined,grouped,juice,2850.0,0.6285071834921837,0.6044278711080551,0.6514985248446464,40
spatialTask_combined,grouped,juice,2860.0,0.6237569019198418,0.600483737885952,0.6458106487989426,40
spatialTask_combined,grouped,juice,2870.0,0.6197415746748447,0.5965731754899025,0.6426832571625709,40
spatialTask_combined,grouped,juice,2880.0,0.616463626921177,0.5921531081199646,0.6397628724575043,40
spatialTask_combined,grouped,juice,2890.0,0.6128038495779038,0.5877612292766571,0.6373297587037087,40
spatialTask_combined,grouped,juice,2900.0,0.6088751368224621,0.5851206630468369,0.6326145112514495,40
spatialTask_combined,grouped,juice,2910.0,0.6022787295281887,0.5788116127252578,0.6265990912914277,40
spatialTask_combined,grouped,juice,2920.0,0.5981564812362195,0.5740604683756828,0.6240451678633689,40
spatialTask_combined,grouped,juice,2930.0,0.5948314450681209,0.5689374893903733,0.6208283931016921,40
spatialTask_combined,grouped,juice,2940.0,0.5922665975987911,0.5659324899315834,0.6187896981835365,40
spatialTask_combined,grouped,juice,2950.0,0.5897937387228012,0.5636159867048264,0.6173202753067016,40
spatialTask_combined,grouped,juice,2960.0,0.5853490918874741,0.5570705577731132,0.6127870231866837,40
spatialTask_combined,grouped,juice,2970.0,0.5830698788166047,0.5555942997336387,0.6104183733463288,40
spatialTask_combined,grouped,juice,2980.0,0.5819954372942447,0.555140021443367,0.6089864656329155,40
spatialTask_combined,grouped,juice,2990.0,0.5787959024310112,0.5514154568314552,0.6050878062844276,40
spatialTask_combined,grouped,juice,3000.0,0.5717494778335095,0.5445981532335281,0.597021771967411,40
spatialTask_combined,grouped,juice,3010.0,0.5670272082090377,0.5398247927427292,0.592459286749363,40
spatialTask_combined,grouped,juice,3020.0,0.5624885134398937,0.536811637878418,0.5875693365931511,40
spatialTask_combined,grouped,juice,3030.0,0.5575600974261761,0.5319331809878349,0.5831898555159569,40
spatialTask_combined,grouped,juice,3040.0,0.5559945657849312,0.5309428319334983,0.5815122038125992,40
spatialTask_combined,grouped,juice,3050.0,0.5542680256068706,0.5291136980056763,0.5799581110477448,40
spatialTask_combined,grouped,juice,3060.0,0.5506572723388672,0.5247933954000473,0.577472434937954,40
spatialTask_combined,grouped,juice,3070.0,0.5431533321738243,0.5187588796019554,0.569415207207203,40
spatialTask_combined,grouped,juice,3080.0,0.539922795444727,0.5146052598953247,0.5662678882479668,40
spatialTask_combined,grouped,juice,3090.0,0.5369518131017685,0.5110614567995071,0.5637168511748314,40
spatialTask_combined,grouped,juice,3100.0,0.5336117416620254,0.509273248910904,0.5595361843705177,40
spatialTask_combined,grouped,juice,3110.0,0.5321206159889698,0.5069395259022713,0.5583242163062095,40
spatialTask_combined,grouped,juice,3120.0,0.5280145220458508,0.5022025421261788,0.5535183236002922,40
spatialTask_combined,grouped,juice,3130.0,0.5246658600866795,0.4999439507722855,0.5499883189797401,40
spatialTask_combined,grouped,juice,3140.0,0.5213197931647301,0.49602946266531944,0.5471321836113929,40
spatialTask_combined,grouped,juice,3150.0,0.5199472941458225,0.49499307870864867,0.5446169644594192,40
spatialTask_combined,grouped,juice,3160.0,0.5176615633070469,0.493555024266243,0.5422610253095627,40
spatialTask_combined,grouped,juice,3170.0,0.5166869185864925,0.49362693950533865,0.5389805167913437,40
spatialTask_combined,grouped,juice,3180.0,0.5153159156441689,0.49267964735627173,0.5370224565267563,40
spatialTask_combined,grouped,juice,3190.0,0.5163593426346779,0.49370841681957245,0.5386258944869041,40
spatialTask_combined,grouped,order,0.0,0.50232317969203,0.4991377018392086,0.5059174790978431,40
spatialTask_combined,grouped,order,10.0,0.4998179167509079,0.4962944440543652,0.5031525745987893,40
spatialTask_combined,grouped,order,20.0,0.4984357088804245,0.49458392783999444,0.5022795051336288,40
spatialTask_combined,grouped,order,30.0,0.5003194689750672,0.4960250839591026,0.5040691837668418,40
spatialTask_combined,grouped,order,40.0,0.5011567652225495,0.4971375323832035,0.5053172916173935,40
spatialTask_combined,grouped,order,50.0,0.49843633398413656,0.4941285066306591,0.5025201976299286,40
spatialTask_combined,grouped,order,60.0,0.49983577653765676,0.4954847231507301,0.503943245112896,40
spatialTask_combined,grouped,order,70.0,0.49728809371590615,0.4931736707687378,0.5011748850345612,40
spatialTask_combined,grouped,order,80.0,0.4990838199853897,0.4948611997067928,0.5033446997404099,40
spatialTask_combined,grouped,order,90.0,0.49834157079458236,0.4938791297376156,0.5027927279472351,40
spatialTask_combined,grouped,order,100.0,0.4969608403742313,0.4926189176738262,0.5013828173279762,40
spatialTask_combined,grouped,order,110.0,0.49794708043336866,0.49412806853652,0.5022553548216819,40
spatialTask_combined,grouped,order,120.0,0.4998380072414875,0.4955293044447899,0.5042940020561218,40
spatialTask_combined,grouped,order,130.0,0.499599327147007,0.49527538418769834,0.5036464393138885,40
spatialTask_combined,grouped,order,140.0,0.4993364460766315,0.49472001045942304,0.5034700229763984,40
spatialTask_combined,grouped,order,150.0,0.500010433793068,0.49622424989938735,0.5036162972450257,40
spatialTask_combined,grouped,order,160.0,0.499852380156517,0.49610408022999763,0.5035323888063431,40
spatialTask_combined,grouped,order,170.0,0.5007683657109737,0.4969254948198795,0.5047511488199234,40
spatialTask_combined,grouped,order,180.0,0.49968738928437234,0.495047365128994,0.5045319020748138,40
spatialTask_combined,grouped,order,190.0,0.49803331419825553,0.4939535841345787,0.5027833268046379,40
spatialTask_combined,grouped,order,200.0,0.5007254108786583,0.49711327329277993,0.504310005903244,40
spatialTask_combined,grouped,order,210.0,0.5007792845368385,0.49662508741021155,0.5049902498722076,40
spatialTask_combined,grouped,order,220.0,0.4988782428205013,0.49451937302947047,0.5031917214393615,40
spatialTask_combined,grouped,order,230.0,0.5014108940958977,0.4973629914224148,0.5058254912495613,40
spatialTask_combined,grouped,order,240.0,0.5012664258480072,0.4976273596286774,0.5049541503190994,40
spatialTask_combined,grouped,order,250.0,0.5003273114562035,0.49689109027385714,0.503642626106739,40
spatialTask_combined,grouped,order,260.0,0.501112574338913,0.49740641936659813,0.5048647522926331,40
spatialTask_combined,grouped,order,270.0,0.4997590884566307,0.49669715836644174,0.5029558584094047,40
spatialTask_combined,grouped,order,280.0,0.5015079580247402,0.49796949699521065,0.5048647537827492,40
spatialTask_combined,grouped,order,290.0,0.5018887296319008,0.4987672813236713,0.5048703968524932,40
spatialTask_combined,grouped,order,300.0,0.5018024936318397,0.49866877049207686,0.504782435297966,40
spatialTask_combined,grouped,order,310.0,0.50300357863307,0.4993798404932022,0.5063794940710068,40
spatialTask_combined,grouped,order,320.0,0.5026105657219887,0.4994198322296143,0.5059028789401054,40
spatialTask_combined,grouped,order,330.0,0.502187280356884,0.4992879889905453,0.504998168349266,40
spatialTask_combined,grouped,order,340.0,0.5023676581680775,0.4994317047297955,0.505065131187439,40
spatialTask_combined,grouped,order,350.0,0.5014365196228028,0.4987304866313934,0.5042254731059075,40
spatialTask_combined,grouped,order,360.0,0.5018471442162991,0.49838910475373266,0.5051984712481499,40
spatialTask_combined,grouped,order,370.0,0.5024109490215778,0.49868488907814024,0.5058356955647468,40
spatialTask_combined,grouped,order,380.0,0.5044592157006264,0.5008222579956054,0.5082886710762977,40
spatialTask_combined,grouped,order,390.0,0.5024281501770019,0.49961379915475845,0.5053618893027305,40
spatialTask_combined,grouped,order,400.0,0.5021622434258461,0.49942005798220634,0.5049249157309532,40
spatialTask_combined,grouped,order,410.0,0.5032437860965728,0.499750879406929,0.5068354561924935,40
spatialTask_combined,grouped,order,420.0,0.5042054489254951,0.500866961479187,0.5075036585330963,40
spatialTask_combined,grouped,order,430.0,0.5035832650959492,0.4999480351805687,0.5071701437234879,40
spatialTask_combined,grouped,order,440.0,0.5047287173569203,0.5008726745843888,0.5087299436330796,40
spatialTask_combined,grouped,order,450.0,0.5047683119773865,0.5011999815702438,0.5082296416163444,40
spatialTask_combined,grouped,order,460.0,0.5025087714195251,0.4991571046411991,0.5057181760668754,40
spatialTask_combined,grouped,order,470.0,0.5048540189862252,0.5012026697397232,0.5082040369510651,40
spatialTask_combined,grouped,order,480.0,0.5044334314763546,0.5007955431938171,0.5080450668931007,40
spatialTask_combined,grouped,order,490.0,0.5042002782225609,0.5007091999053955,0.5074781507253647,40
spatialTask_combined,grouped,order,500.0,0.7193344220519066,0.7153395667672158,0.7238185793161392,40
spatialTask_combined,grouped,order,510.0,0.7179365918040276,0.7137669935822487,0.7225551187992096,40
spatialTask_combined,grouped,order,520.0,0.7142464607954025,0.7089824706315995,0.7195524200797081,40
spatialTask_combined,grouped,order,530.0,0.7114284962415696,0.7056979283690452,0.7175813466310501,40
spatialTask_combined,grouped,order,540.0,0.7103125542402268,0.7052889987826347,0.7156838670372963,40
spatialTask_combined,grouped,order,550.0,0.7084686279296875,0.7038909643888474,0.7137559249997139,40
spatialTask_combined,grouped,order,560.0,0.7068083226680756,0.7014242798089981,0.7126488029956818,40
spatialTask_combined,grouped,order,570.0,0.7056385457515717,0.7002727940678597,0.7114329159259796,40
spatialTask_combined,grouped,order,580.0,0.7038804605603218,0.6984691008925438,0.7098794013261795,40
spatialTask_combined,grouped,order,590.0,0.7019574180245399,0.6961063161492348,0.7086283773183822,40
spatialTask_combined,grouped,order,600.0,0.7017279908061027,0.6957329198718071,0.7084233492612839,40
spatialTask_combined,grouped,order,610.0,0.6995136380195618,0.6940930888056756,0.7058560743927955,40
spatialTask_combined,grouped,order,620.0,0.6987173035740852,0.6928230658173561,0.7053206950426102,40
spatialTask_combined,grouped,order,630.0,0.6970117017626762,0.6910555392503739,0.7037707597017289,40
spatialTask_combined,grouped,order,640.0,0.696171946823597,0.689758351445198,0.7031045153737068,40
spatialTask_combined,grouped,order,650.0,0.6952545374631882,0.6885108843445777,0.7023174166679382,40
spatialTask_combined,grouped,order,660.0,0.694165688753128,0.6879332318902016,0.7013082817196846,40
spatialTask_combined,grouped,order,670.0,0.6929704129695893,0.6863260433077812,0.6999417379498482,40
spatialTask_combined,grouped,order,680.0,0.6924681916832924,0.6860102966427803,0.6994448468089104,40
spatialTask_combined,grouped,order,690.0,0.6922343507409096,0.6860414847731591,0.6990361139178276,40
spatialTask_combined,grouped,order,700.0,0.6917710155248642,0.6852557316422463,0.6988077521324157,40
spatialTask_combined,grouped,order,710.0,0.6910706996917725,0.6843076199293137,0.6986050099134445,40
spatialTask_combined,grouped,order,720.0,0.6896757468581199,0.6826511919498444,0.6972689628601074,40
spatialTask_combined,grouped,order,730.0,0.6890987291932106,0.6820315644145012,0.6966390311717987,40
spatialTask_combined,grouped,order,740.0,0.68887919485569,0.6818262368440628,0.6963107943534851,40
spatialTask_combined,grouped,order,750.0,0.6880070850253105,0.6809726059436798,0.6953680843114853,40
spatialTask_combined,grouped,order,760.0,0.6888518273830414,0.6818721994757653,0.6962812542915344,40
spatialTask_combined,grouped,order,770.0,0.6889207169413567,0.6818891435861587,0.696287502348423,40
spatialTask_combined,grouped,order,780.0,0.6885296732187272,0.6816697761416435,0.6959104776382447,40
spatialTask_combined,grouped,order,790.0,0.6874735459685326,0.6805023789405823,0.6947694793343544,40
spatialTask_combined,grouped,order,800.0,0.6872808933258057,0.6802230253815651,0.6943736374378204,40
spatialTask_combined,grouped,order,810.0,0.6871310487389565,0.6799201413989067,0.6943540379405022,40
spatialTask_combined,grouped,order,820.0,0.6865393698215485,0.6794255882501602,0.6940920785069465,40
spatialTask_combined,grouped,order,830.0,0.6865655079483985,0.6794695630669594,0.6941354483366012,40
spatialTask_combined,grouped,order,840.0,0.6857369765639305,0.6786109536886216,0.6932519614696503,40
spatialTask_combined,grouped,order,850.0,0.6857928395271301,0.6786341398954392,0.6932783544063568,40
spatialTask_combined,grouped,order,860.0,0.6858800798654556,0.6787098318338394,0.6933981761336326,40
spatialTask_combined,grouped,order,870.0,0.6859146267175674,0.678622019290924,0.6931971445679664,40
spatialTask_combined,grouped,order,880.0,0.6854555577039718,0.6781801700592041,0.6930168032646179,40
spatialTask_combined,grouped,order,890.0,0.6864446938037873,0.6794050022959709,0.6938212305307389,40
spatialTask_combined,grouped,order,900.0,0.6870200410485268,0.6799356892704964,0.6943011179566383,40
spatialTask_combined,grouped,order,910.0,0.687587970495224,0.6804152220487595,0.695086446404457,40
spatialTask_combined,grouped,order,920.0,0.6875540882349014,0.6800510793924331,0.6954159632325172,40
spatialTask_combined,grouped,order,930.0,0.687275841832161,0.6797619864344597,0.6948387071490287,40
spatialTask_combined,grouped,order,940.0,0.6864107578992844,0.6788271352648735,0.6941556140780449,40
spatialTask_combined,grouped,order,950.0,0.6864565402269364,0.6788769349455833,0.6940861448645592,40
spatialTask_combined,grouped,order,960.0,0.6865648001432418,0.6790909692645073,0.6943430453538895,40
spatialTask_combined,grouped,order,970.0,0.6870165094733238,0.6795148909091949,0.6946543142199516,40
spatialTask_combined,grouped,order,980.0,0.6872215211391449,0.6795862495899201,0.6951619952917099,40
spatialTask_combined,grouped,order,990.0,0.6876565665006638,0.6800325781106948,0.6954468458890914,40
spatialTask_combined,grouped,order,1000.0,0.6879694208502769,0.6806752160191536,0.6957524538040161,40
spatialTask_combined,grouped,order,1010.0,0.6881447225809098,0.680656512081623,0.6957771465182304,40
spatialTask_combined,grouped,order,1020.0,0.688173021376133,0.6808308437466621,0.6958002805709839,40
spatialTask_combined,grouped,order,1030.0,0.6880168423056603,0.6810487985610962,0.6953235477209091,40
spatialTask_combined,grouped,order,1040.0,0.687750069797039,0.680850625038147,0.6949448674917221,40
spatialTask_combined,grouped,order,1050.0,0.687474562227726,0.6803762093186378,0.6948349803686142,40
spatialTask_combined,grouped,order,1060.0,0.6868914097547532,0.6796413019299508,0.6941685751080513,40
spatialTask_combined,grouped,order,1070.0,0.6876913994550705,0.6805556669831276,0.6949649780988694,40
spatialTask_combined,grouped,order,1080.0,0.6870126262307167,0.6798826932907105,0.6941615641117096,40
spatialTask_combined,grouped,order,1090.0,0.6872489705681801,0.6798279762268067,0.694356520473957,40
spatialTask_combined,grouped,order,1100.0,0.6873236075043678,0.6798279106616973,0.6947546988725662,40
spatialTask_combined,grouped,order,1110.0,0.6872472539544106,0.6802124485373497,0.6940376907587051,40
spatialTask_combined,grouped,order,1120.0,0.6873081088066101,0.6802975758910179,0.6942767009139061,40
spatialTask_combined,grouped,order,1130.0,0.6879384815692902,0.6808711811900139,0.6948135063052178,40
spatialTask_combined,grouped,order,1140.0,0.6871539562940597,0.6799371391534805,0.694363409280777,40
spatialTask_combined,grouped,order,1150.0,0.6879539415240288,0.6809034004807473,0.6951235443353653,40
spatialTask_combined,grouped,order,1160.0,0.6883766993880271,0.6809803307056427,0.6956991538405418,40
spatialTask_combined,grouped,order,1170.0,0.6881218731403351,0.6807117819786072,0.6953579470515251,40
spatialTask_combined,grouped,order,1180.0,0.6880033403635025,0.6809569209814071,0.6950661838054657,40
spatialTask_combined,grouped,order,1190.0,0.688034699857235,0.6810374170541763,0.6950920656323433,40
spatialTask_combined,grouped,order,1200.0,0.6876042082905769,0.6804849103093147,0.6947385028004647,40
spatialTask_combined,grouped,order,1210.0,0.6875610321760177,0.6801134273409843,0.6948498755693435,40
spatialTask_combined,grouped,order,1220.0,0.687234565615654,0.6802756890654564,0.6943265616893768,40
spatialTask_combined,grouped,order,1230.0,0.687148217856884,0.679817445576191,0.6947979792952538,40
spatialTask_combined,grouped,order,1240.0,0.6874557077884674,0.680061973631382,0.6949090838432312,40
spatialTask_combined,grouped,order,1250.0,0.687352967262268,0.6797662556171418,0.6949610218405724,40
spatialTask_combined,grouped,order,1260.0,0.6865900084376335,0.6790808111429214,0.6941018119454384,40
spatialTask_combined,grouped,order,1270.0,0.6867626577615737,0.6791809514164925,0.694154466688633,40
spatialTask_combined,grouped,order,1280.0,0.686555527150631,0.6789290979504585,0.6940592184662819,40
spatialTask_combined,grouped,order,1290.0,0.6865283474326134,0.6794117003679275,0.6939410075545311,40
spatialTask_combined,grouped,order,1300.0,0.6863577559590339,0.679506017267704,0.6936523273587227,40
spatialTask_combined,grouped,order,1310.0,0.6869071781635284,0.6800711154937744,0.6940186649560929,40
spatialTask_combined,grouped,order,1320.0,0.6868580371141434,0.6801717787981033,0.6939894333481789,40
spatialTask_combined,grouped,order,1330.0,0.6865068405866623,0.6797938510775566,0.6935989007353782,40
spatialTask_combined,grouped,order,1340.0,0.6872058048844337,0.6802324786782264,0.6946049332618713,40
spatialTask_combined,grouped,order,1350.0,0.6873246908187867,0.6807035505771637,0.6943900749087334,40
spatialTask_combined,grouped,order,1360.0,0.6868353947997093,0.6805499717593193,0.6937365844845772,40
spatialTask_combined,grouped,order,1370.0,0.6871301829814911,0.6806922808289528,0.6939985275268554,40
spatialTask_combined,grouped,order,1380.0,0.6872302457690239,0.6805336326360703,0.6942263424396515,40
spatialTask_combined,grouped,order,1390.0,0.6871789425611496,0.680215585231781,0.6943293407559394,40
spatialTask_combined,grouped,order,1400.0,0.6871440410614014,0.6800416380167007,0.6944081872701645,40
spatialTask_combined,grouped,order,1410.0,0.6873032286763191,0.6802204295992851,0.6944117426872254,40
spatialTask_combined,grouped,order,1420.0,0.6887836202979087,0.6817984789609909,0.6957176923751831,40
spatialTask_combined,grouped,order,1430.0,0.6882489711046219,0.6811394840478897,0.6954408690333367,40
spatialTask_combined,grouped,order,1440.0,0.6881943628191948,0.6812896341085434,0.6952760994434357,40
spatialTask_combined,grouped,order,1450.0,0.6885165244340896,0.6813955679535866,0.6956604853272438,40
spatialTask_combined,grouped,order,1460.0,0.6876231551170349,0.6806518912315369,0.6947017595171928,40
spatialTask_combined,grouped,order,1470.0,0.6873617365956306,0.6804995223879814,0.6942842572927475,40
spatialTask_combined,grouped,order,1480.0,0.6877149000763894,0.681128716468811,0.6944137200713157,40
spatialTask_combined,grouped,order,1490.0,0.6873469308018685,0.6804548531770707,0.6941988334059715,40
spatialTask_combined,grouped,order,1500.0,0.9018852189183235,0.8975425317883492,0.905914443731308,40
spatialTask_combined,grouped,order,1510.0,0.8995001643896103,0.8950863599777221,0.9033626943826676,40
spatialTask_combined,grouped,order,1520.0,0.9014072820544243,0.8968206092715263,0.9052215844392777,40
spatialTask_combined,grouped,order,1530.0,0.9050518691539764,0.9012067422270775,0.9086350440979004,40
spatialTask_combined,grouped,order,1540.0,0.9081502571702004,0.9040538176894188,0.9119962379336357,40
spatialTask_combined,grouped,order,1550.0,0.9106452181935311,0.9069934487342834,0.9140257343649865,40
spatialTask_combined,grouped,order,1560.0,0.9131077066063881,0.9093928575515747,0.9166738137602806,40
spatialTask_combined,grouped,order,1570.0,0.9147607997059822,0.9106235459446907,0.9184541791677475,40
spatialTask_combined,grouped,order,1580.0,0.9168205499649048,0.9128531366586685,0.9206813529133797,40
spatialTask_combined,grouped,order,1590.0,0.918244169652462,0.9141460150480271,0.9224256962537766,40
spatialTask_combined,grouped,order,1600.0,0.9195267006754875,0.9156231999397277,0.9236305013298989,40
spatialTask_combined,grouped,order,1610.0,0.9216944649815559,0.9177357301115989,0.9260084584355355,40
spatialTask_combined,grouped,order,1620.0,0.9241006419062614,0.9201390117406845,0.9283222436904908,40
spatialTask_combined,grouped,order,1630.0,0.925762140750885,0.9218305259943008,0.930157795548439,40
spatialTask_combined,grouped,order,1640.0,0.9269163712859154,0.922453387081623,0.931839482486248,40
spatialTask_combined,grouped,order,1650.0,0.9276011899113655,0.9223723948001862,0.9328434690833092,40
spatialTask_combined,grouped,order,1660.0,0.928406523168087,0.9230356693267823,0.9334662690758705,40
spatialTask_combined,grouped,order,1670.0,0.9298650592565536,0.9249667301774025,0.9346972227096557,40
spatialTask_combined,grouped,order,1680.0,0.9333816602826118,0.9290844365954399,0.9374450773000718,40
spatialTask_combined,grouped,order,1690.0,0.9354984045028687,0.9309404939413071,0.9397267952561379,40
spatialTask_combined,grouped,order,1700.0,0.9361681208014488,0.9315043821930885,0.9404038771986961,40
spatialTask_combined,grouped,order,1710.0,0.9383464932441712,0.9336771592497826,0.9426830053329468,40
spatialTask_combined,grouped,order,1720.0,0.938810071349144,0.9344058901071548,0.9429145842790604,40
spatialTask_combined,grouped,order,1730.0,0.9395131602883339,0.9355176836252213,0.9432467326521874,40
spatialTask_combined,grouped,order,1740.0,0.9405116438865662,0.9366928696632385,0.9442548736929893,40
spatialTask_combined,grouped,order,1750.0,0.9410341620445252,0.9367040827870369,0.9451918855309487,40
spatialTask_combined,grouped,order,1760.0,0.9422642305493355,0.9379634872078896,0.9467331454157829,40
spatialTask_combined,grouped,order,1770.0,0.9439748108386994,0.9399170085787774,0.9484096765518188,40
spatialTask_combined,grouped,order,1780.0,0.946060349047184,0.9418351635336876,0.9502093464136123,40
spatialTask_combined,grouped,order,1790.0,0.9477202594280243,0.9438623622059822,0.951582470536232,40
spatialTask_combined,grouped,order,1800.0,0.9485892847180366,0.9449874147772789,0.9523837193846703,40
spatialTask_combined,grouped,order,1810.0,0.948683513700962,0.9451020121574402,0.9526175171136856,40
spatialTask_combined,grouped,order,1820.0,0.9492035374045372,0.9452726691961288,0.9532655075192451,40
spatialTask_combined,grouped,order,1830.0,0.9505296245217323,0.9467560932040214,0.9545216470956802,40
spatialTask_combined,grouped,order,1840.0,0.9515660881996155,0.9476725235581398,0.955432015657425,40
spatialTask_combined,grouped,order,1850.0,0.9523901820182801,0.9482648134231567,0.9561477825045586,40
spatialTask_combined,grouped,order,1860.0,0.9549306645989418,0.9506316587328911,0.9587650567293167,40
spatialTask_combined,grouped,order,1870.0,0.9569414138793946,0.9529309198260307,0.9607238173484802,40
spatialTask_combined,grouped,order,1880.0,0.9584784671664238,0.9548060774803162,0.9619373321533203,40
spatialTask_combined,grouped,order,1890.0,0.9590127438306808,0.9552287206053733,0.9627326637506485,40
spatialTask_combined,grouped,order,1900.0,0.958972193300724,0.9550784856081009,0.9626325279474258,40
spatialTask_combined,grouped,order,1910.0,0.9596376851201057,0.9557317912578582,0.9634026333689689,40
spatialTask_combined,grouped,order,1920.0,0.9608649238944054,0.9572111621499062,0.9646623566746712,40
spatialTask_combined,grouped,order,1930.0,0.9622885629534721,0.958789373934269,0.9660582080483436,40
spatialTask_combined,grouped,order,1940.0,0.9635315522551536,0.9600514993071556,0.9672908842563629,40
spatialTask_combined,grouped,order,1950.0,0.9644354283809662,0.9606981992721557,0.9682010471820831,40
spatialTask_combined,grouped,order,1960.0,0.964158234000206,0.960333551466465,0.9680126309394836,40
spatialTask_combined,grouped,order,1970.0,0.9637568384408951,0.9599466323852539,0.9677233606576919,40
spatialTask_combined,grouped,order,1980.0,0.9636749297380447,0.9601094141602516,0.9675673350691796,40
spatialTask_combined,grouped,order,1990.0,0.9629485040903092,0.9589820489287376,0.96660875082016,40
spatialTask_combined,grouped,order,2000.0,0.9625772729516029,0.958562083542347,0.9662241727113724,40
spatialTask_combined,grouped,order,2010.0,0.9623024448752403,0.9584999948740005,0.9658207491040229,40
spatialTask_combined,grouped,order,2020.0,0.9628035381436348,0.9588969990611076,0.9664181783795357,40
spatialTask_combined,grouped,order,2030.0,0.9639445692300797,0.9603238180279732,0.9673691526055336,40
spatialTask_combined,grouped,order,2040.0,0.9642692774534225,0.9605212822556496,0.967915517091751,40
spatialTask_combined,grouped,order,2050.0,0.9648535683751106,0.9610018372535706,0.9686130300164223,40
spatialTask_combined,grouped,order,2060.0,0.9648399338126182,0.9608160644769669,0.9687313556671142,40
spatialTask_combined,grouped,order,2070.0,0.9655251488089561,0.9617380529642106,0.9692943468689919,40
spatialTask_combined,grouped,order,2080.0,0.9653033629059792,0.9617110535502433,0.9689197346568108,40
spatialTask_combined,grouped,order,2090.0,0.9652007147669792,0.9615047499537468,0.9687880396842956,40
spatialTask_combined,grouped,order,2100.0,0.9650719821453094,0.9612104788422584,0.9689479827880859,40
spatialTask_combined,grouped,order,2110.0,0.9653107687830925,0.9613612696528435,0.9694087892770767,40
spatialTask_combined,grouped,order,2120.0,0.9657032892107964,0.9616899952292443,0.9698067039251328,40
spatialTask_combined,grouped,order,2130.0,0.9668671578168869,0.9627955883741379,0.9710292667150497,40
spatialTask_combined,grouped,order,2140.0,0.9673702374100686,0.9633155658841133,0.9713363707065582,40
spatialTask_combined,grouped,order,2150.0,0.9679500162601471,0.96408701390028,0.9717002853751182,40
spatialTask_combined,grouped,order,2160.0,0.968764229118824,0.965241140127182,0.9725135505199433,40
spatialTask_combined,grouped,order,2170.0,0.9694149762392044,0.965908020734787,0.973066172003746,40
spatialTask_combined,grouped,order,2180.0,0.9702055841684342,0.9669137075543404,0.9735412895679474,40
spatialTask_combined,grouped,order,2190.0,0.9715086951851845,0.9684218525886535,0.9746823966503143,40
spatialTask_combined,grouped,order,2200.0,0.9720116868615151,0.9690574511885643,0.9753430709242821,40
spatialTask_combined,grouped,order,2210.0,0.9722616463899613,0.9689250111579895,0.9758328318595886,40
spatialTask_combined,grouped,order,2220.0,0.9724073931574821,0.9687262773513794,0.9760302901268005,40
spatialTask_combined,grouped,order,2230.0,0.9729371309280396,0.9692899405956268,0.9767307698726654,40
spatialTask_combined,grouped,order,2240.0,0.9730386063456535,0.9692952111363411,0.976932542026043,40
spatialTask_combined,grouped,order,2250.0,0.9733241602778435,0.969524222612381,0.977266038954258,40
spatialTask_combined,grouped,order,2260.0,0.9728407204151154,0.9690829604864121,0.9766086101531982,40
spatialTask_combined,grouped,order,2270.0,0.9724848747253418,0.9689455538988113,0.9759481579065323,40
spatialTask_combined,grouped,order,2280.0,0.9720824956893921,0.96862011551857,0.9755722880363464,40
spatialTask_combined,grouped,order,2290.0,0.9718273654580116,0.9683538943529129,0.9753708705306053,40
spatialTask_combined,grouped,order,2300.0,0.9717860996723175,0.9682564631104469,0.975484375655651,40
spatialTask_combined,grouped,order,2310.0,0.9719609215855598,0.9684409186244011,0.975703077018261,40
spatialTask_combined,grouped,order,2320.0,0.9721859723329545,0.9686906784772873,0.9758279159665108,40
spatialTask_combined,grouped,order,2330.0,0.972319895029068,0.9688577190041542,0.9759329304099083,40
spatialTask_combined,grouped,order,2340.0,0.9724698543548584,0.9688093662261963,0.9761331230401993,40
spatialTask_combined,grouped,order,2350.0,0.9722763210535049,0.9681143194437027,0.9764549747109413,40
spatialTask_combined,grouped,order,2360.0,0.9724648520350456,0.9679905757308006,0.9766058310866356,40
spatialTask_combined,grouped,order,2370.0,0.9723474636673928,0.9676329925656318,0.9766440391540527,40
spatialTask_combined,grouped,order,2380.0,0.9724151879549027,0.9677337199449539,0.9768010139465332,40
spatialTask_combined,grouped,order,2390.0,0.9719668060541153,0.9670977562665939,0.9766815841197968,40
spatialTask_combined,grouped,order,2400.0,0.9721656620502472,0.9674125194549561,0.9769319951534271,40
spatialTask_combined,grouped,order,2410.0,0.972311569750309,0.9674711123108863,0.9771406143903733,40
spatialTask_combined,grouped,order,2420.0,0.9724855065345764,0.9674401536583901,0.9772903680801391,40
spatialTask_combined,grouped,order,2430.0,0.9723201677203178,0.9673257082700729,0.9771957710385323,40
spatialTask_combined,grouped,order,2440.0,0.9721048027276993,0.9667503163218498,0.9771209269762039,40
spatialTask_combined,grouped,order,2450.0,0.9721575930714608,0.9665310144424438,0.9773816064000129,40
spatialTask_combined,grouped,order,2460.0,0.9720089375972748,0.9661888048052788,0.9773009091615676,40
spatialTask_combined,grouped,order,2470.0,0.9714951246976853,0.9657604619860649,0.9768695205450058,40
spatialTask_combined,grouped,order,2480.0,0.9712916120886803,0.965477642416954,0.9767397195100784,40
spatialTask_combined,grouped,order,2490.0,0.9713660389184952,0.9654351055622101,0.977017393708229,40
spatialTask_combined,grouped,order,2500.0,0.97145936191082,0.9656420707702636,0.9769980043172837,40
spatialTask_combined,grouped,order,2510.0,0.9714673027396202,0.9654211610555649,0.9770502761006356,40
spatialTask_combined,grouped,order,2520.0,0.9718451544642448,0.9658829674124718,0.9774188563227654,40
spatialTask_combined,grouped,order,2530.0,0.9721261635422707,0.9661307379603385,0.9776500195264817,40
spatialTask_combined,grouped,order,2540.0,0.9720848262310028,0.9663666561245918,0.9774871274828911,40
spatialTask_combined,grouped,order,2550.0,0.9715856373310089,0.966052670776844,0.9768604129552841,40
spatialTask_combined,grouped,order,2560.0,0.9707547560334205,0.965289643406868,0.9760869383811951,40
spatialTask_combined,grouped,order,2570.0,0.9705553784966469,0.9651252418756485,0.9757575407624245,40
spatialTask_combined,grouped,order,2580.0,0.9706287935376168,0.9654574975371361,0.9758028596639633,40
spatialTask_combined,grouped,order,2590.0,0.9709855571389199,0.9657594755291938,0.976218318939209,40
spatialTask_combined,grouped,order,2600.0,0.970716081559658,0.9654719412326813,0.9760830789804459,40
spatialTask_combined,grouped,order,2610.0,0.9692659452557564,0.9635624542832375,0.9750899866223335,40
spatialTask_combined,grouped,order,2620.0,0.9687327980995178,0.96295215934515,0.9744179353117943,40
spatialTask_combined,grouped,order,2630.0,0.9679055228829384,0.9617247328162193,0.973737382888794,40
spatialTask_combined,grouped,order,2640.0,0.967051537334919,0.9608883872628212,0.9730781286954879,40
spatialTask_combined,grouped,order,2650.0,0.9671881839632988,0.9612120136618614,0.9731144264340401,40
spatialTask_combined,grouped,order,2660.0,0.9683969795703888,0.9620942324399948,0.974435256421566,40
spatialTask_combined,grouped,order,2670.0,0.9687264531850814,0.9625588461756707,0.9749282583594322,40
spatialTask_combined,grouped,order,2680.0,0.9689184442162514,0.9630113527178764,0.9751128748059272,40
spatialTask_combined,grouped,order,2690.0,0.9690201267600059,0.9629556581377983,0.9750330582261085,40
spatialTask_combined,grouped,order,2700.0,0.9681927621364593,0.9619869783520698,0.9743751779198646,40
spatialTask_combined,grouped,order,2710.0,0.9672821283340454,0.960420486330986,0.9736845701932907,40
spatialTask_combined,grouped,order,2720.0,0.9657275289297104,0.9584313750267028,0.9725133880972863,40
spatialTask_combined,grouped,order,2730.0,0.9643387854099273,0.9571543186903,0.9712755158543587,40
spatialTask_combined,grouped,order,2740.0,0.9632439851760864,0.9559061080217361,0.9703395619988442,40
spatialTask_combined,grouped,order,2750.0,0.9621914729475975,0.9545495063066483,0.9696226954460144,40
spatialTask_combined,grouped,order,2760.0,0.9613081872463226,0.9540545642375946,0.9686643227934837,40
spatialTask_combined,grouped,order,2770.0,0.9603865966200829,0.9533345580101014,0.9678133085370064,40
spatialTask_combined,grouped,order,2780.0,0.959207908809185,0.9518040910363197,0.9666968926787376,40
spatialTask_combined,grouped,order,2790.0,0.9587347999215126,0.9512797296047211,0.9664256110787391,40
spatialTask_combined,grouped,order,2800.0,0.9578825309872627,0.9499396875500679,0.9656823515892029,40
spatialTask_combined,grouped,order,2810.0,0.9576944097876549,0.9500543415546417,0.9654564291238785,40
spatialTask_combined,grouped,order,2820.0,0.9563926383852959,0.9483943775296211,0.964463871717453,40
spatialTask_combined,grouped,order,2830.0,0.9555143743753434,0.94722940325737,0.9636914625763893,40
spatialTask_combined,grouped,order,2840.0,0.9544886603951455,0.9462797358632088,0.9624478191137313,40
spatialTask_combined,grouped,order,2850.0,0.9533495813608169,0.9451864555478096,0.9612877368927002,40
spatialTask_combined,grouped,order,2860.0,0.951770743727684,0.9436595946550369,0.960070115327835,40
spatialTask_combined,grouped,order,2870.0,0.9508942484855651,0.942701281607151,0.9591263115406037,40
spatialTask_combined,grouped,order,2880.0,0.9497325792908669,0.941293229162693,0.9581968382000923,40
spatialTask_combined,grouped,order,2890.0,0.9490074142813683,0.9402420490980148,0.9575987756252289,40
spatialTask_combined,grouped,order,2900.0,0.9473565325140954,0.9379596665501595,0.9564132168889046,40
spatialTask_combined,grouped,order,2910.0,0.9463421642780304,0.9366189435124397,0.9559264421463013,40
spatialTask_combined,grouped,order,2920.0,0.9454176768660545,0.9348356053233147,0.9554441168904304,40
spatialTask_combined,grouped,order,2930.0,0.9436717256903648,0.9325213834643364,0.9541153341531754,40
spatialTask_combined,grouped,order,2940.0,0.9420380860567092,0.9303692162036896,0.953245609998703,40
spatialTask_combined,grouped,order,2950.0,0.9399367183446884,0.9274191200733185,0.9514609828591347,40
spatialTask_combined,grouped,order,2960.0,0.93815927952528,0.925483264029026,0.9502742484211921,40
spatialTask_combined,grouped,order,2970.0,0.9375896975398064,0.9241568103432656,0.9502127885818481,40
spatialTask_combined,grouped,order,2980.0,0.935512226819992,0.9214182943105698,0.9489001497626305,40
spatialTask_combined,grouped,order,2990.0,0.9341296821832656,0.9201755106449128,0.947826324403286,40
spatialTask_combined,grouped,order,3000.0,0.9327658683061599,0.9178215965628624,0.9471855133771896,40
spatialTask_combined,grouped,order,3010.0,0.9314326182007789,0.9162111178040504,0.9457482308149338,40
spatialTask_combined,grouped,order,3020.0,0.9294507890939713,0.9141980960965157,0.9436108142137527,40
spatialTask_combined,grouped,order,3030.0,0.9284340918064118,0.9134742543101311,0.942156583070755,40
spatialTask_combined,grouped,order,3040.0,0.9280623883008957,0.9129804655909538,0.9416824787855148,40
spatialTask_combined,grouped,order,3050.0,0.9262977495789528,0.9117571577429772,0.9396453499794006,40
spatialTask_combined,grouped,order,3060.0,0.9242133244872093,0.9091080516576767,0.9381387382745743,40
spatialTask_combined,grouped,order,3070.0,0.9203383669257164,0.9047748073935509,0.9344545274972915,40
spatialTask_combined,grouped,order,3080.0,0.919161431491375,0.9020833551883698,0.9341250047087669,40
spatialTask_combined,grouped,order,3090.0,0.9168246075510978,0.8999806419014931,0.9316392824053764,40
spatialTask_combined,grouped,order,3100.0,0.9152708947658539,0.8982786923646927,0.9302725076675415,40
spatialTask_combined,grouped,order,3110.0,0.9133732199668885,0.895881412923336,0.9289941534399986,40
spatialTask_combined,grouped,order,3120.0,0.9120293810963631,0.894684249162674,0.9276475429534912,40
spatialTask_combined,grouped,order,3130.0,0.9118919357657432,0.8947804763913154,0.9279465019702912,40
spatialTask_combined,grouped,order,3140.0,0.9112061500549317,0.8951912224292755,0.9274289205670356,40
spatialTask_combined,grouped,order,3150.0,0.9111123904585838,0.894882483780384,0.9272445544600487,40
spatialTask_combined,grouped,order,3160.0,0.909471009671688,0.8922606021165848,0.9262169852852822,40
spatialTask_combined,grouped,order,3170.0,0.906842015683651,0.889049020409584,0.9241008788347245,40
spatialTask_combined,grouped,order,3180.0,0.9037381067872048,0.8851895824074745,0.9214261308312416,40
spatialTask_combined,grouped,order,3190.0,0.9043307304382324,0.8859184071421623,0.9218255132436752,40
spatialTask_combined,value_matched,side,0.0,0.5003581993281842,0.4965673178434372,0.5040680602192879,40
spatialTask_combined,value_matched,side,10.0,0.4961712874472141,0.492259307205677,0.5002204850316048,40
spatialTask_combined,value_matched,side,20.0,0.4976729691028595,0.4937939912080765,0.5014599174261093,40
spatialTask_combined,value_matched,side,30.0,0.49768337085843084,0.49426437094807624,0.5012757003307342,40
spatialTask_combined,value_matched,side,40.0,0.4974544957280159,0.49360465332865716,0.5011068537831307,40
spatialTask_combined,value_matched,side,50.0,0.4974063068628311,0.4938828259706497,0.500935609638691,40
spatialTask_combined,value_matched,side,60.0,0.4953659787774086,0.49157760441303255,0.4996188260614872,40
spatialTask_combined,value_matched,side,70.0,0.4971981607377529,0.4929648384451866,0.5011346071958542,40
spatialTask_combined,value_matched,side,80.0,0.498609359562397,0.494758852571249,0.5024991407990456,40
spatialTask_combined,value_matched,side,90.0,0.4976505182683468,0.4940084032714367,0.5011045351624489,40
spatialTask_combined,value_matched,side,100.0,0.4968359999358654,0.49255379661917686,0.501518115401268,40
spatialTask_combined,value_matched,side,110.0,0.4989364519715309,0.4951885141432285,0.5025690361857414,40
spatialTask_combined,value_matched,side,120.0,0.4982574202120304,0.49510269314050676,0.5012745708227158,40
spatialTask_combined,value_matched,side,130.0,0.4973667323589325,0.4939017236232758,0.5011255502700805,40
spatialTask_combined,value_matched,side,140.0,0.49511704221367836,0.49156263172626496,0.4988406985998154,40
spatialTask_combined,value_matched,side,150.0,0.4968073435127735,0.4930330887436867,0.5005960449576378,40
spatialTask_combined,value_matched,side,160.0,0.4965501867234707,0.4929682657122612,0.5005969613790512,40
spatialTask_combined,value_matched,side,170.0,0.49820475429296496,0.49462375342845916,0.5022054955363273,40
spatialTask_combined,value_matched,side,180.0,0.4989816926419735,0.49532717317342756,0.5030413791537285,40
spatialTask_combined,value_matched,side,190.0,0.49931394383311273,0.4956055611371994,0.502911226451397,40
spatialTask_combined,value_matched,side,200.0,0.4979148007929325,0.4944977149367332,0.5016439989209175,40
spatialTask_combined,value_matched,side,210.0,0.4983382374048233,0.494342665374279,0.5026158273220063,40
spatialTask_combined,value_matched,side,220.0,0.49989105239510534,0.4956322468817234,0.504270800948143,40
spatialTask_combined,value_matched,side,230.0,0.4974373668432236,0.49315861612558365,0.5018792510032654,40
spatialTask_combined,value_matched,side,240.0,0.49975980818271637,0.4956246316432953,0.504082165658474,40
spatialTask_combined,value_matched,side,250.0,0.5022055767476559,0.4980811648070812,0.5059564426541329,40
spatialTask_combined,value_matched,side,260.0,0.5008582077920437,0.49708927422761917,0.5044921711087227,40
spatialTask_combined,value_matched,side,270.0,0.500509575009346,0.4967353202402592,0.5046818077564239,40
spatialTask_combined,value_matched,side,280.0,0.502314280718565,0.498434291779995,0.5062250226736069,40
spatialTask_combined,value_matched,side,290.0,0.4995029181241989,0.49610393568873407,0.5033464074134827,40
spatialTask_combined,value_matched,side,300.0,0.5039160147309303,0.4995002217590809,0.5084699705243111,40
spatialTask_combined,value_matched,side,310.0,0.5005143605172634,0.4963832005858421,0.5046599373221398,40
spatialTask_combined,value_matched,side,320.0,0.5018602073192596,0.49768689051270487,0.5055674329400063,40
spatialTask_combined,value_matched,side,330.0,0.5014033734798431,0.497703180462122,0.505006356537342,40
spatialTask_combined,value_matched,side,340.0,0.5012960627675056,0.49807068333029747,0.5048859924077987,40
spatialTask_combined,value_matched,side,350.0,0.5008610688149929,0.4974496439099312,0.5040625914931297,40
spatialTask_combined,value_matched,side,360.0,0.49986087456345557,0.49615461453795434,0.5036043643951416,40
spatialTask_combined,value_matched,side,370.0,0.49682305231690405,0.49283409118652344,0.5004579737782479,40
spatialTask_combined,value_matched,side,380.0,0.49976036697626114,0.4960122935473919,0.503799407184124,40
spatialTask_combined,value_matched,side,390.0,0.5004440382122993,0.49654254987835883,0.5046068921685218,40
spatialTask_combined,value_matched,side,400.0,0.49995157122612,0.495651563256979,0.5043240934610367,40
spatialTask_combined,value_matched,side,410.0,0.500982541590929,0.497046160697937,0.504823625087738,40
spatialTask_combined,value_matched,side,420.0,0.5012506760656834,0.497293708473444,0.5047401741147042,40
spatialTask_combined,value_matched,side,430.0,0.4987336441874504,0.4948749303817749,0.5024501949548721,40
spatialTask_combined,value_matched,side,440.0,0.49976561591029167,0.495327178388834,0.5041909039020538,40
spatialTask_combined,value_matched,side,450.0,0.49990933313965796,0.4957734577357769,0.5042573347687721,40
spatialTask_combined,value_matched,side,460.0,0.4994755335152149,0.49527366980910303,0.5038861200213433,40
spatialTask_combined,value_matched,side,470.0,0.4996031031012535,0.49507162645459174,0.5040653824806214,40
spatialTask_combined,value_matched,side,480.0,0.5002315089106559,0.4952904976904392,0.5047432824969291,40
spatialTask_combined,value_matched,side,490.0,0.49886410012841226,0.494929763674736,0.5027343779802322,40
spatialTask_combined,value_matched,side,500.0,0.5596533864736557,0.5558659061789513,0.563417749106884,40
spatialTask_combined,value_matched,side,510.0,0.6857218444347382,0.6732127338647842,0.698019590973854,40
spatialTask_combined,value_matched,side,520.0,0.71690813601017,0.7075016781687736,0.7254896104335785,40
spatialTask_combined,value_matched,side,530.0,0.7291570916771889,0.7220114797353745,0.7363168016076088,40
spatialTask_combined,value_matched,side,540.0,0.7346487134695053,0.7290664196014405,0.7406636148691177,40
spatialTask_combined,value_matched,side,550.0,0.7356105968356133,0.7303323432803154,0.7413432657718658,40
spatialTask_combined,value_matched,side,560.0,0.7363500103354454,0.7313165545463562,0.7417082563042641,40
spatialTask_combined,value_matched,side,570.0,0.7364850357174874,0.7311997845768928,0.7420080453157425,40
spatialTask_combined,value_matched,side,580.0,0.7367821782827377,0.7311914920806885,0.7423899501562119,40
spatialTask_combined,value_matched,side,590.0,0.736568009853363,0.7309072434902191,0.7424721986055374,40
spatialTask_combined,value_matched,side,600.0,0.7369297847151757,0.731132909655571,0.7428216338157654,40
spatialTask_combined,value_matched,side,610.0,0.7368141934275627,0.731270794570446,0.7424843877553939,40
spatialTask_combined,value_matched,side,620.0,0.7367061153054237,0.7312123402953148,0.7422915413975716,40
spatialTask_combined,value_matched,side,630.0,0.7370788216590881,0.7316426709294319,0.7424491435289383,40
spatialTask_combined,value_matched,side,640.0,0.7370905905961991,0.7317250937223434,0.7426259189844131,40
spatialTask_combined,value_matched,side,650.0,0.737401294708252,0.7317553192377091,0.7428486570715904,40
spatialTask_combined,value_matched,side,660.0,0.7370165824890137,0.7313850507140159,0.7425375014543534,40
spatialTask_combined,value_matched,side,670.0,0.7363557025790215,0.7308545589447022,0.7419314220547676,40
spatialTask_combined,value_matched,side,680.0,0.7367033779621124,0.7310707792639732,0.7421820044517518,40
spatialTask_combined,value_matched,side,690.0,0.736514513194561,0.7308844357728959,0.7420405879616737,40
spatialTask_combined,value_matched,side,700.0,0.7370817065238953,0.7313233941793442,0.7427585408091545,40
spatialTask_combined,value_matched,side,710.0,0.7377039477229118,0.7323760211467742,0.7432645499706269,40
spatialTask_combined,value_matched,side,720.0,0.7370537146925926,0.7314754635095596,0.7425904721021652,40
spatialTask_combined,value_matched,side,730.0,0.7362839668989182,0.7305542588233948,0.7419623166322709,40
spatialTask_combined,value_matched,side,740.0,0.7361185073852539,0.7306108757853508,0.7418275892734527,40
spatialTask_combined,value_matched,side,750.0,0.7360518485307693,0.7304012224078178,0.7418219387531281,40
spatialTask_combined,value_matched,side,760.0,0.7361364677548409,0.7305779159069061,0.7417291939258576,40
spatialTask_combined,value_matched,side,770.0,0.7361593872308732,0.730424416065216,0.7417237147688865,40
spatialTask_combined,value_matched,side,780.0,0.7361181795597076,0.7307341158390045,0.7414377778768539,40
spatialTask_combined,value_matched,side,790.0,0.736235934495926,0.7306244239211083,0.7418748706579208,40
spatialTask_combined,value_matched,side,800.0,0.7352791130542755,0.7298145815730095,0.7409713700413704,40
spatialTask_combined,value_matched,side,810.0,0.7358828738331795,0.730082893371582,0.7417109787464142,40
spatialTask_combined,value_matched,side,820.0,0.7353350088000298,0.7295078188180923,0.741353452205658,40
spatialTask_combined,value_matched,side,830.0,0.7358050912618637,0.7301723703742027,0.7417770773172379,40
spatialTask_combined,value_matched,side,840.0,0.7352819859981536,0.7295298561453819,0.7412657395005227,40
spatialTask_combined,value_matched,side,850.0,0.7360468149185181,0.7304549887776375,0.7418190017342567,40
spatialTask_combined,value_matched,side,860.0,0.736313796043396,0.7307188510894775,0.7421766996383667,40
spatialTask_combined,value_matched,side,870.0,0.7369116097688675,0.7313116088509559,0.74273831397295,40
spatialTask_combined,value_matched,side,880.0,0.7367110818624496,0.7311885207891464,0.7425442531704902,40
spatialTask_combined,value_matched,side,890.0,0.7367008209228516,0.7311232522130012,0.7426707193255424,40
spatialTask_combined,value_matched,side,900.0,0.7362837836146354,0.730926251411438,0.7422151789069176,40
spatialTask_combined,value_matched,side,910.0,0.7361183255910874,0.7306286275386811,0.7421007543802262,40
spatialTask_combined,value_matched,side,920.0,0.7358635470271111,0.7303207114338874,0.7414513230323792,40
spatialTask_combined,value_matched,side,930.0,0.735776786506176,0.7301876693964005,0.7413103252649307,40
spatialTask_combined,value_matched,side,940.0,0.7365566298365593,0.7312796041369438,0.741826954483986,40
spatialTask_combined,value_matched,side,950.0,0.7360294759273529,0.7304656207561493,0.7415547505021095,40
spatialTask_combined,value_matched,side,960.0,0.7363910228013992,0.7309034302830696,0.741815721988678,40
spatialTask_combined,value_matched,side,970.0,0.7364764556288719,0.7311565384268761,0.741987356543541,40
spatialTask_combined,value_matched,side,980.0,0.7362998872995377,0.7309043526649475,0.7416138291358948,40
spatialTask_combined,value_matched,side,990.0,0.7370268747210502,0.7315854489803314,0.7424949198961258,40
spatialTask_combined,value_matched,side,1000.0,0.7369371011853219,0.7315596356987953,0.7425136953592301,40
spatialTask_combined,value_matched,side,1010.0,0.7368972316384316,0.7315620988607406,0.7423167631030083,40
spatialTask_combined,value_matched,side,1020.0,0.736819614470005,0.7312749356031418,0.7426526606082916,40
spatialTask_combined,value_matched,side,1030.0,0.737547992169857,0.7319719970226288,0.7432920098304748,40
spatialTask_combined,value_matched,side,1040.0,0.7368521064519882,0.7313963934779167,0.7424569457769394,40
spatialTask_combined,value_matched,side,1050.0,0.7363801822066307,0.7308079928159714,0.7420291557908059,40
spatialTask_combined,value_matched,side,1060.0,0.7365740165114403,0.7310053154826164,0.7423285156488418,40
spatialTask_combined,value_matched,side,1070.0,0.73674496114254,0.7312197744846344,0.7424273431301117,40
spatialTask_combined,value_matched,side,1080.0,0.7362532496452332,0.7308291584253311,0.7421870648860931,40
spatialTask_combined,value_matched,side,1090.0,0.7366127237677574,0.7310831397771835,0.742099940776825,40
spatialTask_combined,value_matched,side,1100.0,0.7360689982771873,0.7305084422230721,0.7417009845376015,40
spatialTask_combined,value_matched,side,1110.0,0.7362807810306549,0.7308148220181465,0.7419248908758164,40
spatialTask_combined,value_matched,side,1120.0,0.7362700507044793,0.7306297689676284,0.7422276243567467,40
spatialTask_combined,value_matched,side,1130.0,0.7363497242331505,0.7307990431785584,0.7423218488693237,40
spatialTask_combined,value_matched,side,1140.0,0.7362940669059753,0.7308298245072364,0.7417310237884521,40
spatialTask_combined,value_matched,side,1150.0,0.7364085927605629,0.7308433175086975,0.7419099941849708,40
spatialTask_combined,value_matched,side,1160.0,0.7367425546050071,0.7312948167324066,0.7425146490335465,40
spatialTask_combined,value_matched,side,1170.0,0.7369862839579582,0.73177639991045,0.7426420658826828,40
spatialTask_combined,value_matched,side,1180.0,0.7368899852037429,0.7315484762191773,0.7427653655409813,40
spatialTask_combined,value_matched,side,1190.0,0.7374624893069267,0.7320894971489906,0.743071873486042,40
spatialTask_combined,value_matched,side,1200.0,0.7373578310012817,0.7319701090455055,0.7430115297436715,40
spatialTask_combined,value_matched,side,1210.0,0.7377838507294655,0.7323686048388481,0.7433377206325531,40
spatialTask_combined,value_matched,side,1220.0,0.7371608063578605,0.7316354632377624,0.7427928373217583,40
spatialTask_combined,value_matched,side,1230.0,0.7370168596506119,0.7315402969717979,0.7426501423120498,40
spatialTask_combined,value_matched,side,1240.0,0.7366803914308548,0.7311772421002388,0.7422567680478096,40
spatialTask_combined,value_matched,side,1250.0,0.736359889805317,0.7306380242109298,0.7421797007322312,40
spatialTask_combined,value_matched,side,1260.0,0.7362477347254753,0.7306837543845177,0.7420233070850373,40
spatialTask_combined,value_matched,side,1270.0,0.7359743177890777,0.7302854210138321,0.7421062931418418,40
spatialTask_combined,value_matched,side,1280.0,0.7364520281553268,0.7307925000786781,0.7420955330133439,40
spatialTask_combined,value_matched,side,1290.0,0.7367107927799225,0.7312770813703537,0.7423264250159264,40
spatialTask_combined,value_matched,side,1300.0,0.7366395413875579,0.7314112648367882,0.7420784085988998,40
spatialTask_combined,value_matched,side,1310.0,0.7363297522068024,0.7308434903621673,0.7422347098588944,40
spatialTask_combined,value_matched,side,1320.0,0.7363291412591935,0.7309479653835297,0.7419808343052864,40
spatialTask_combined,value_matched,side,1330.0,0.7365536540746689,0.7312802985310555,0.742410047352314,40
spatialTask_combined,value_matched,side,1340.0,0.7364185765385628,0.7310941070318222,0.742176753282547,40
spatialTask_combined,value_matched,side,1350.0,0.7364312380552291,0.7309431895613671,0.7423684954643249,40
spatialTask_combined,value_matched,side,1360.0,0.7359021723270416,0.7305086493492127,0.7418553352355957,40
spatialTask_combined,value_matched,side,1370.0,0.7355431124567986,0.7302113249897957,0.741491973400116,40
spatialTask_combined,value_matched,side,1380.0,0.7359091982245445,0.7307502403855324,0.741722984611988,40
spatialTask_combined,value_matched,side,1390.0,0.7357728198170662,0.73058912307024,0.7415489554405212,40
spatialTask_combined,value_matched,side,1400.0,0.7361890941858291,0.7310627728700638,0.7418016359210015,40
spatialTask_combined,value_matched,side,1410.0,0.735979151725769,0.7308273002505302,0.7417232438921928,40
spatialTask_combined,value_matched,side,1420.0,0.7365609139204026,0.7311103999614715,0.7424308136105537,40
spatialTask_combined,value_matched,side,1430.0,0.7363684296607971,0.7308794721961022,0.7423988938331604,40
spatialTask_combined,value_matched,side,1440.0,0.7369928359985352,0.7315307304263114,0.7429114893078804,40
spatialTask_combined,value_matched,side,1450.0,0.7360324114561081,0.7306124538183212,0.7422567591071129,40
spatialTask_combined,value_matched,side,1460.0,0.7367934003472328,0.731487026810646,0.74270651191473,40
spatialTask_combined,value_matched,side,1470.0,0.7353709876537323,0.7298863962292671,0.7415410101413726,40
spatialTask_combined,value_matched,side,1480.0,0.7358536869287491,0.730240772664547,0.7421068266034127,40
spatialTask_combined,value_matched,side,1490.0,0.7358322203159332,0.7304924815893173,0.7417782470583916,40
spatialTask_combined,value_matched,side,1500.0,0.9825170487165451,0.9807971447706223,0.9841591730713845,40
spatialTask_combined,value_matched,side,1510.0,0.973460941016674,0.9716734081506729,0.975397278368473,40
spatialTask_combined,value_matched,side,1520.0,0.9697636023163796,0.9677678346633911,0.9717063590884208,40
spatialTask_combined,value_matched,side,1530.0,0.970263509452343,0.9681222930550575,0.9725374609231949,40
spatialTask_combined,value_matched,side,1540.0,0.9712597206234932,0.9689845621585846,0.9739171892404557,40
spatialTask_combined,value_matched,side,1550.0,0.9715081244707108,0.9693120703101158,0.9738391548395157,40
spatialTask_combined,value_matched,side,1560.0,0.9716678008437156,0.9692683517932892,0.974087829887867,40
spatialTask_combined,value_matched,side,1570.0,0.9720737636089325,0.9696017503738403,0.9744885087013244,40
spatialTask_combined,value_matched,side,1580.0,0.9726407781243325,0.969949746131897,0.9752446562051773,40
spatialTask_combined,value_matched,side,1590.0,0.9728385373950005,0.9701196163892746,0.9755756258964539,40
spatialTask_combined,value_matched,side,1600.0,0.974035021662712,0.9714517459273339,0.9769700020551682,40
spatialTask_combined,value_matched,side,1610.0,0.9751484796404839,0.9725350007414818,0.9782608419656753,40
spatialTask_combined,value_matched,side,1620.0,0.9754941582679748,0.9728721171617508,0.9784617960453034,40
spatialTask_combined,value_matched,side,1630.0,0.9758286163210869,0.9733725294470787,0.9784438669681549,40
spatialTask_combined,value_matched,side,1640.0,0.9764985352754593,0.9740840762853622,0.9789961457252503,40
spatialTask_combined,value_matched,side,1650.0,0.9771268308162689,0.9748366430401803,0.9794884726405144,40
spatialTask_combined,value_matched,side,1660.0,0.9781078055500985,0.9760011896491051,0.980435349047184,40
spatialTask_combined,value_matched,side,1670.0,0.9785936176776886,0.9761728033423424,0.9812204524874687,40
spatialTask_combined,value_matched,side,1680.0,0.9796075910329819,0.9768781259655952,0.9821689024567604,40
spatialTask_combined,value_matched,side,1690.0,0.9805120944976806,0.9780736282467842,0.9829603463411332,40
spatialTask_combined,value_matched,side,1700.0,0.9816018238663673,0.9792430356144906,0.9840491786599159,40
spatialTask_combined,value_matched,side,1710.0,0.9820824548602104,0.979621884226799,0.9846013695001602,40
spatialTask_combined,value_matched,side,1720.0,0.982745885848999,0.9802865013480186,0.9853170812129974,40
spatialTask_combined,value_matched,side,1730.0,0.9832644432783126,0.9808801397681236,0.985727672278881,40
spatialTask_combined,value_matched,side,1740.0,0.9838605850934983,0.9816185727715492,0.9862207502126694,40
spatialTask_combined,value_matched,side,1750.0,0.9842614144086838,0.98218934237957,0.9863982424139977,40
spatialTask_combined,value_matched,side,1760.0,0.9849247351288796,0.9828935921192169,0.9869397506117821,40
spatialTask_combined,value_matched,side,1770.0,0.9854998156428337,0.9835212141275406,0.9874855414032936,40
spatialTask_combined,value_matched,side,1780.0,0.9858731627464294,0.984053622186184,0.9875856295228005,40
spatialTask_combined,value_matched,side,1790.0,0.986054265499115,0.9841163888573646,0.987947404384613,40
spatialTask_combined,value_matched,side,1800.0,0.986876018345356,0.9850621774792672,0.9886137112975121,40
spatialTask_combined,value_matched,side,1810.0,0.9873144045472145,0.9855856627225876,0.9890527799725533,40
spatialTask_combined,value_matched,side,1820.0,0.9876161620020867,0.9859997853636742,0.9892642870545387,40
spatialTask_combined,value_matched,side,1830.0,0.987779289484024,0.9862213641405105,0.9893953919410705,40
spatialTask_combined,value_matched,side,1840.0,0.9878728911280632,0.98631481975317,0.9894587218761444,40
spatialTask_combined,value_matched,side,1850.0,0.988146747648716,0.9864840969443321,0.9898507446050644,40
spatialTask_combined,value_matched,side,1860.0,0.9886114969849586,0.9869134590029717,0.9903099402785301,40
spatialTask_combined,value_matched,side,1870.0,0.988838404417038,0.9872328147292138,0.9905239522457123,40
spatialTask_combined,value_matched,side,1880.0,0.9885901376605034,0.9869630724191666,0.9902425840497017,40
spatialTask_combined,value_matched,side,1890.0,0.9887212753295899,0.9870085164904594,0.9904959708452225,40
spatialTask_combined,value_matched,side,1900.0,0.9889919564127923,0.9872647017240525,0.9907808557152749,40
spatialTask_combined,value_matched,side,1910.0,0.9891798764467239,0.9874475404620171,0.9910545647144318,40
spatialTask_combined,value_matched,side,1920.0,0.9895211562514306,0.9878579109907151,0.9913886606693267,40
spatialTask_combined,value_matched,side,1930.0,0.9897950008511543,0.9882231056690216,0.9915991067886353,40
spatialTask_combined,value_matched,side,1940.0,0.9902843788266182,0.9887341693043709,0.9919526591897011,40
spatialTask_combined,value_matched,side,1950.0,0.9907273381948472,0.9892828240990639,0.9923198774456978,40
spatialTask_combined,value_matched,side,1960.0,0.9908035591244697,0.9893447980284691,0.992445194721222,40
spatialTask_combined,value_matched,side,1970.0,0.9910003006458282,0.9895113646984101,0.9925963133573532,40
spatialTask_combined,value_matched,side,1980.0,0.9913341537117958,0.989805220067501,0.9928980320692062,40
spatialTask_combined,value_matched,side,1990.0,0.9912729218602181,0.9896232843399048,0.9930131569504738,40
spatialTask_combined,value_matched,side,2000.0,0.9911901310086251,0.9894570425152779,0.9929726883769036,40
spatialTask_combined,value_matched,side,2010.0,0.9908673584461212,0.9890459239482879,0.9926708623766899,40
spatialTask_combined,value_matched,side,2020.0,0.9911013320088387,0.9894095212221146,0.9928113803267479,40
spatialTask_combined,value_matched,side,2030.0,0.9910765036940574,0.9894114539027214,0.9927406340837479,40
spatialTask_combined,value_matched,side,2040.0,0.9912084817886353,0.9896104991436004,0.992911659181118,40
spatialTask_combined,value_matched,side,2050.0,0.9914051622152329,0.989831767976284,0.9930126637220382,40
spatialTask_combined,value_matched,side,2060.0,0.9917757168412209,0.99039626121521,0.9932431414723396,40
spatialTask_combined,value_matched,side,2070.0,0.9921487346291542,0.990859642624855,0.9934915751218796,40
spatialTask_combined,value_matched,side,2080.0,0.9922938004136086,0.9910208791494369,0.9936222568154335,40
spatialTask_combined,value_matched,side,2090.0,0.9926775217056274,0.9914200738072395,0.9939687639474869,40
spatialTask_combined,value_matched,side,2100.0,0.9925748139619828,0.9913300260901451,0.9938116922974587,40
spatialTask_combined,value_matched,side,2110.0,0.9928363800048828,0.9916908249258996,0.9940189868211746,40
spatialTask_combined,value_matched,side,2120.0,0.9928179755806923,0.9916717186570168,0.993972310423851,40
spatialTask_combined,value_matched,side,2130.0,0.9930065348744392,0.9918538108468056,0.9941730335354805,40
spatialTask_combined,value_matched,side,2140.0,0.9930629134178162,0.9918004602193833,0.9942502200603485,40
spatialTask_combined,value_matched,side,2150.0,0.9930949538946152,0.9917164802551269,0.9943590670824051,40
spatialTask_combined,value_matched,side,2160.0,0.9932424038648605,0.9918347507715225,0.99457987844944,40
spatialTask_combined,value_matched,side,2170.0,0.9934172183275223,0.9919703707098961,0.994791553914547,40
spatialTask_combined,value_matched,side,2180.0,0.9935698315501214,0.9922201246023178,0.9949209704995156,40
spatialTask_combined,value_matched,side,2190.0,0.9936958819627761,0.9924104034900665,0.9949703693389893,40
spatialTask_combined,value_matched,side,2200.0,0.9937575876712799,0.992454218864441,0.9950227081775666,40
spatialTask_combined,value_matched,side,2210.0,0.9939307853579521,0.9927156150341034,0.9951424032449723,40
spatialTask_combined,value_matched,side,2220.0,0.9940341636538506,0.9928489848971367,0.9951534405350685,40
spatialTask_combined,value_matched,side,2230.0,0.9940979287028313,0.9928730428218842,0.9951893389225006,40
spatialTask_combined,value_matched,side,2240.0,0.9941500812768936,0.9929334029555321,0.9952773541212082,40
spatialTask_combined,value_matched,side,2250.0,0.9942928239703178,0.9931318819522857,0.9954059034585953,40
spatialTask_combined,value_matched,side,2260.0,0.9943969994783401,0.9931797787547112,0.995545357465744,40
spatialTask_combined,value_matched,side,2270.0,0.9944478124380112,0.9933143630623817,0.9955420508980751,40
spatialTask_combined,value_matched,side,2280.0,0.9945077031850815,0.9933872163295746,0.9956002652645111,40
spatialTask_combined,value_matched,side,2290.0,0.994600236415863,0.9934972569346427,0.9956588223576546,40
spatialTask_combined,value_matched,side,2300.0,0.9945675760507584,0.9934506252408027,0.9956370189785957,40
spatialTask_combined,value_matched,side,2310.0,0.9945483610033989,0.993423493206501,0.9956469893455505,40
spatialTask_combined,value_matched,side,2320.0,0.9944773867726326,0.9932835444808006,0.9956658244132995,40
spatialTask_combined,value_matched,side,2330.0,0.9944661423563957,0.9933011531829834,0.9956386223435402,40
spatialTask_combined,value_matched,side,2340.0,0.9944530323147773,0.9931381210684777,0.9957148715853691,40
spatialTask_combined,value_matched,side,2350.0,0.994618883728981,0.9933462738990784,0.9958618566393852,40
spatialTask_combined,value_matched,side,2360.0,0.9947550162672997,0.9934367835521698,0.9959578409790992,40
spatialTask_combined,value_matched,side,2370.0,0.9948797509074211,0.9936213433742523,0.9960267215967178,40
spatialTask_combined,value_matched,side,2380.0,0.9948785230517387,0.9936932981014251,0.996067400276661,40
spatialTask_combined,value_matched,side,2390.0,0.9947771027684211,0.9936002105474472,0.9959388002753258,40
spatialTask_combined,value_matched,side,2400.0,0.99478789716959,0.9935864463448525,0.9959689751267433,40
spatialTask_combined,value_matched,side,2410.0,0.9948606207966805,0.9936641901731491,0.9960386365652084,40
spatialTask_combined,value_matched,side,2420.0,0.9948705509305,0.9936245411634446,0.996087497472763,40
spatialTask_combined,value_matched,side,2430.0,0.9949117362499237,0.9936647340655327,0.9960527017712593,40
spatialTask_combined,value_matched,side,2440.0,0.9950168445706368,0.9938231542706489,0.9960930898785592,40
spatialTask_combined,value_matched,side,2450.0,0.9951929122209549,0.9940473198890686,0.9962064787745476,40
spatialTask_combined,value_matched,side,2460.0,0.9952761232852936,0.9941819593310356,0.9962630063295365,40
spatialTask_combined,value_matched,side,2470.0,0.9953715309500695,0.9943083062767982,0.9963345125317573,40
spatialTask_combined,value_matched,side,2480.0,0.9954006731510162,0.9943226054310799,0.9964421764016151,40
spatialTask_combined,value_matched,side,2490.0,0.9954438507556915,0.9943695187568664,0.9964404627680779,40
spatialTask_combined,value_matched,side,2500.0,0.9954943940043449,0.9944801464676857,0.9964350149035454,40
spatialTask_combined,value_matched,side,2510.0,0.9955983847379685,0.9946067959070206,0.99649658203125,40
spatialTask_combined,value_matched,side,2520.0,0.9956187382340431,0.9946311250329017,0.9965304747223854,40
spatialTask_combined,value_matched,side,2530.0,0.9957211524248123,0.9947251349687576,0.9966285526752472,40
spatialTask_combined,value_matched,side,2540.0,0.9957224234938622,0.9947195693850517,0.9966336086392402,40
spatialTask_combined,value_matched,side,2550.0,0.9957947418093681,0.9948054403066635,0.9966976836323738,40
spatialTask_combined,value_matched,side,2560.0,0.9957874834537506,0.9948929786682129,0.9966855555772781,40
spatialTask_combined,value_matched,side,2570.0,0.9959345132112503,0.9950506940484047,0.9968048080801963,40
spatialTask_combined,value_matched,side,2580.0,0.9960307672619819,0.9952365651726722,0.9968057051301003,40
spatialTask_combined,value_matched,side,2590.0,0.9960754156112671,0.9952974945306778,0.9968406349420548,40
spatialTask_combined,value_matched,side,2600.0,0.9960339218378067,0.9952463507652283,0.9968476802110672,40
spatialTask_combined,value_matched,side,2610.0,0.9961054548621178,0.9953408122062684,0.9968811243772506,40
spatialTask_combined,value_matched,side,2620.0,0.9960522949695587,0.9952446416020393,0.9968500107526779,40
spatialTask_combined,value_matched,side,2630.0,0.9960852667689324,0.9952996537089348,0.9968610092997551,40
spatialTask_combined,value_matched,side,2640.0,0.9961581110954285,0.9954048663377761,0.9969362884759903,40
spatialTask_combined,value_matched,side,2650.0,0.9962518990039826,0.9955398589372635,0.9970185443758964,40
spatialTask_combined,value_matched,side,2660.0,0.996234318614006,0.9954674214124679,0.9970194518566131,40
spatialTask_combined,value_matched,side,2670.0,0.9962225541472435,0.9954360216856003,0.9970272555947304,40
spatialTask_combined,value_matched,side,2680.0,0.996335668861866,0.995563255250454,0.9971134245395661,40
spatialTask_combined,value_matched,side,2690.0,0.9964303001761436,0.9957324683666229,0.9971444115042687,40
spatialTask_combined,value_matched,side,2700.0,0.9965664356946945,0.9959222823381424,0.9972561582922935,40
spatialTask_combined,value_matched,side,2710.0,0.9966175988316536,0.9959611013531685,0.9973050490021705,40
spatialTask_combined,value_matched,side,2720.0,0.9965122938156128,0.9958528399467468,0.9972284719347954,40
spatialTask_combined,value_matched,side,2730.0,0.9965640261769295,0.9959175020456315,0.997245192527771,40
spatialTask_combined,value_matched,side,2740.0,0.996595150232315,0.9959347680211067,0.9972845941781998,40
spatialTask_combined,value_matched,side,2750.0,0.996646873652935,0.9960199400782586,0.9973322212696075,40
spatialTask_combined,value_matched,side,2760.0,0.9966894403100014,0.9960345178842545,0.9973771125078201,40
spatialTask_combined,value_matched,side,2770.0,0.996637587249279,0.9959664285182953,0.9973356768488884,40
spatialTask_combined,value_matched,side,2780.0,0.9967949628829956,0.9961285471916199,0.9974713176488876,40
spatialTask_combined,value_matched,side,2790.0,0.9969079092144966,0.9962568879127502,0.9975653126835823,40
spatialTask_combined,value_matched,side,2800.0,0.9969798177480698,0.9963640511035919,0.9976287364959717,40
spatialTask_combined,value_matched,side,2810.0,0.997063148021698,0.9964335143566132,0.9977133274078369,40
spatialTask_combined,value_matched,side,2820.0,0.997042790055275,0.9963893875479698,0.9977025121450425,40
spatialTask_combined,value_matched,side,2830.0,0.9971279725432396,0.9965280741453171,0.9977564841508866,40
spatialTask_combined,value_matched,side,2840.0,0.9971699744462967,0.9965590581297874,0.9977944985032081,40
spatialTask_combined,value_matched,side,2850.0,0.9971191048622131,0.996494072675705,0.9977497518062591,40
spatialTask_combined,value_matched,side,2860.0,0.9972020670771599,0.9965873271226883,0.9977938786149025,40
spatialTask_combined,value_matched,side,2870.0,0.9972753301262856,0.9966876477003097,0.997865317761898,40
spatialTask_combined,value_matched,side,2880.0,0.997348715364933,0.9967700347304345,0.9979290455579758,40
spatialTask_combined,value_matched,side,2890.0,0.9974012836813927,0.996819444000721,0.9979792222380638,40
spatialTask_combined,value_matched,side,2900.0,0.9974432095885277,0.9968835636973381,0.9979939162731171,40
spatialTask_combined,value_matched,side,2910.0,0.9975163206458092,0.9969610258936882,0.9980721086263656,40
spatialTask_combined,value_matched,side,2920.0,0.9975688457489014,0.9970063462853431,0.9981121450662613,40
spatialTask_combined,value_matched,side,2930.0,0.9975997596979141,0.9970276862382889,0.9981418088078499,40
spatialTask_combined,value_matched,side,2940.0,0.9975784212350846,0.9970303133130074,0.9981177434325218,40
spatialTask_combined,value_matched,side,2950.0,0.9976504519581795,0.9971144199371338,0.9981749504804611,40
spatialTask_combined,value_matched,side,2960.0,0.9976300284266472,0.9970718204975129,0.9981705322861671,40
spatialTask_combined,value_matched,side,2970.0,0.997650857269764,0.9971041649580001,0.9982054203748703,40
spatialTask_combined,value_matched,side,2980.0,0.9977126970887185,0.997174821794033,0.9982628569006919,40
spatialTask_combined,value_matched,side,2990.0,0.9978271037340164,0.9973357632756233,0.9983088716864585,40
spatialTask_combined,value_matched,side,3000.0,0.9979618340730667,0.9975222468376159,0.9984007626771927,40
spatialTask_combined,value_matched,side,3010.0,0.9981279909610749,0.9977326989173889,0.9985399350523949,40
spatialTask_combined,value_matched,side,3020.0,0.9979827225208282,0.9974955931305886,0.9984560862183571,40
spatialTask_combined,value_matched,side,3030.0,0.9980128854513168,0.9975401848554611,0.9984690830111503,40
spatialTask_combined,value_matched,side,3040.0,0.9980823650956154,0.9976408243179321,0.9985092803835869,40
spatialTask_combined,value_matched,side,3050.0,0.9980918899178505,0.9976408034563065,0.9984959423542022,40
spatialTask_combined,value_matched,side,3060.0,0.9981656819581985,0.9977764368057251,0.998553928732872,40
spatialTask_combined,value_matched,side,3070.0,0.9981970191001892,0.9978323325514793,0.9985631719231606,40
spatialTask_combined,value_matched,side,3080.0,0.9981648653745652,0.9977907136082649,0.9985389545559883,40
spatialTask_combined,value_matched,side,3090.0,0.9981239274144172,0.9977059051394462,0.9985356733202935,40
spatialTask_combined,value_matched,side,3100.0,0.9980832889676094,0.9976191714406013,0.9985221937298775,40
spatialTask_combined,value_matched,side,3110.0,0.9980416610836983,0.9975771084427834,0.9985114857554436,40
spatialTask_combined,value_matched,side,3120.0,0.9979697316884995,0.9974622666835785,0.9984603121876716,40
spatialTask_combined,value_matched,side,3130.0,0.9979905933141708,0.997487586736679,0.9984730288386345,40
spatialTask_combined,value_matched,side,3140.0,0.9982198625802994,0.9977233201265335,0.9986983805894851,40
spatialTask_combined,value_matched,side,3150.0,0.9982795506715775,0.9978000745177269,0.9987408563494682,40
spatialTask_combined,value_matched,side,3160.0,0.9982067763805389,0.9977400317788124,0.9986548528075219,40
spatialTask_combined,value_matched,side,3170.0,0.9982703030109406,0.997791337966919,0.9987396717071533,40
spatialTask_combined,value_matched,side,3180.0,0.9982703998684883,0.9977743670344352,0.9987362489104271,40
spatialTask_combined,value_matched,side,3190.0,0.9981753706932068,0.9976927354931832,0.9986368685960769,40
spatialTask_combined,value_matched,juice,0.0,0.5038158670067787,0.4913054287433624,0.5148277878761292,40
spatialTask_combined,value_matched,juice,10.0,0.5073216781020164,0.49258673191070557,0.5214033856987953,40
spatialTask_combined,value_matched,juice,20.0,0.5062623396515846,0.49336037412285805,0.5205625295639038,40
spatialTask_combined,value_matched,juice,30.0,0.5097829133272171,0.497809823602438,0.523854885995388,40
spatialTask_combined,value_matched,juice,40.0,0.4999227151274681,0.48843981996178626,0.510885538160801,40
spatialTask_combined,value_matched,juice,50.0,0.5003174223005772,0.48661407008767127,0.5139691278338432,40
spatialTask_combined,value_matched,juice,60.0,0.5080785319209099,0.49239668995141983,0.523119543492794,40
spatialTask_combined,value_matched,juice,70.0,0.5047848016023636,0.49208531752228735,0.5184924751520157,40
spatialTask_combined,value_matched,juice,80.0,0.5095463290810585,0.4971719622612,0.5217421472072601,40
spatialTask_combined,value_matched,juice,90.0,0.5020428903400898,0.48713828474283216,0.5162974953651428,40
spatialTask_combined,value_matched,juice,100.0,0.500492112338543,0.4855975642800331,0.5142472416162491,40
spatialTask_combined,value_matched,juice,110.0,0.5045717254281044,0.4906207129359245,0.5177658900618554,40
spatialTask_combined,value_matched,juice,120.0,0.5122448399662971,0.497585766017437,0.5266009926795959,40
spatialTask_combined,value_matched,juice,130.0,0.5022342555224896,0.48760687559843063,0.5161790758371353,40
spatialTask_combined,value_matched,juice,140.0,0.5016082473099231,0.48834914416074754,0.5138051360845566,40
spatialTask_combined,value_matched,juice,150.0,0.5011400893330574,0.4847760029137135,0.5155305504798889,40
spatialTask_combined,value_matched,juice,160.0,0.5038675419986248,0.4903827428817749,0.5170667991042137,40
spatialTask_combined,value_matched,juice,170.0,0.5020216956734658,0.488135127723217,0.5158108919858932,40
spatialTask_combined,value_matched,juice,180.0,0.5045017376542091,0.4900037556886673,0.5187713295221329,40
spatialTask_combined,value_matched,juice,190.0,0.5053637638688088,0.4926506161689758,0.5179779663681984,40
spatialTask_combined,value_matched,juice,200.0,0.5005424223840237,0.48618066161870954,0.5149913281202316,40
spatialTask_combined,value_matched,juice,210.0,0.501663027703762,0.4889188565313816,0.5151508539915085,40
spatialTask_combined,value_matched,juice,220.0,0.503076008707285,0.48881485387682916,0.5177810117602348,40
spatialTask_combined,value_matched,juice,230.0,0.5093020096421241,0.49677167311310766,0.5229766860604286,40
spatialTask_combined,value_matched,juice,240.0,0.5017652936279774,0.4882817484438419,0.5172675296664238,40
spatialTask_combined,value_matched,juice,250.0,0.5020083017647267,0.48990976363420485,0.5145384356379509,40
spatialTask_combined,value_matched,juice,260.0,0.5060438804328442,0.496258357167244,0.5152153879404068,40
spatialTask_combined,value_matched,juice,270.0,0.5060931637883186,0.49527955055236816,0.5173712491989135,40
spatialTask_combined,value_matched,juice,280.0,0.49917172864079473,0.4872349873185158,0.5123256713151931,40
spatialTask_combined,value_matched,juice,290.0,0.49940411001443863,0.4864791452884674,0.5130002066493035,40
spatialTask_combined,value_matched,juice,300.0,0.5004895523190498,0.4857786327600479,0.5157644420862197,40
spatialTask_combined,value_matched,juice,310.0,0.5076216757297516,0.4958855636417866,0.5192229971289635,40
spatialTask_combined,value_matched,juice,320.0,0.49808058738708494,0.4848518706858158,0.510818138718605,40
spatialTask_combined,value_matched,juice,330.0,0.4960012286901474,0.4837174013257027,0.508184751868248,40
spatialTask_combined,value_matched,juice,340.0,0.49714437797665595,0.4825941227376461,0.510767538845539,40
spatialTask_combined,value_matched,juice,350.0,0.4939492307603359,0.4806011065840721,0.5087466567754746,40
spatialTask_combined,value_matched,juice,360.0,0.4947318844497204,0.48268915712833405,0.5071734070777894,40
spatialTask_combined,value_matched,juice,370.0,0.48594633415341376,0.47326498925685884,0.4987550348043442,40
spatialTask_combined,value_matched,juice,380.0,0.4928357280790806,0.4802686832845211,0.5054184034466743,40
spatialTask_combined,value_matched,juice,390.0,0.4951446697115898,0.4826080746948719,0.5075120389461517,40
spatialTask_combined,value_matched,juice,400.0,0.500116977095604,0.48815503939986227,0.5123819515109063,40
spatialTask_combined,value_matched,juice,410.0,0.49242873340845106,0.481023783236742,0.5043575957417488,40
spatialTask_combined,value_matched,juice,420.0,0.49207097068428995,0.47974205687642096,0.5055086180567742,40
spatialTask_combined,value_matched,juice,430.0,0.49765472039580344,0.48401450291275977,0.5107910171151161,40
spatialTask_combined,value_matched,juice,440.0,0.4944871000945568,0.47915906459093094,0.5086264863610268,40
spatialTask_combined,value_matched,juice,450.0,0.49458337426185606,0.48181093782186507,0.5074546173214912,40
spatialTask_combined,value_matched,juice,460.0,0.4970184177160263,0.48332063257694247,0.5112420305609703,40
spatialTask_combined,value_matched,juice,470.0,0.5006909124553204,0.48708882331848147,0.5144023120403289,40
spatialTask_combined,value_matched,juice,480.0,0.49658720940351486,0.48317944929003714,0.5102273970842361,40
spatialTask_combined,value_matched,juice,490.0,0.5018141701817512,0.49087504893541334,0.5129312127828598,40
spatialTask_combined,value_matched,juice,500.0,0.6787675708532334,0.6535498887300492,0.7020084246993065,40
spatialTask_combined,value_matched,juice,510.0,0.7592180043458938,0.7326808899641037,0.7838568970561027,40
spatialTask_combined,value_matched,juice,520.0,0.8188349440693855,0.795470866560936,0.8429498314857483,40
spatialTask_combined,value_matched,juice,530.0,0.8508869096636772,0.8302298873662949,0.8718738362193108,40
spatialTask_combined,value_matched,juice,540.0,0.8693519666790962,0.8474098533391953,0.8901333183050155,40
spatialTask_combined,value_matched,juice,550.0,0.8820818200707435,0.8596640884876251,0.9009814411401749,40
spatialTask_combined,value_matched,juice,560.0,0.892701481282711,0.8700265690684319,0.9106149688363075,40
spatialTask_combined,value_matched,juice,570.0,0.9063830658793449,0.8874306544661522,0.9227162227034569,40
spatialTask_combined,value_matched,juice,580.0,0.9189341560006141,0.9045482024550437,0.9325088456273078,40
spatialTask_combined,value_matched,juice,590.0,0.9205902114510536,0.9054544240236282,0.9354821160435677,40
spatialTask_combined,value_matched,juice,600.0,0.9241984218358994,0.9091056361794472,0.9380566224455833,40
spatialTask_combined,value_matched,juice,610.0,0.9250295341014863,0.9099577829241753,0.9393466383218765,40
spatialTask_combined,value_matched,juice,620.0,0.9253302752971649,0.9108231008052826,0.9394261687994003,40
spatialTask_combined,value_matched,juice,630.0,0.9300627410411835,0.915319237112999,0.9434636175632477,40
spatialTask_combined,value_matched,juice,640.0,0.9328309550881386,0.9187353298068046,0.9456658035516738,40
spatialTask_combined,value_matched,juice,650.0,0.9348174959421158,0.921812416613102,0.9480201423168182,40
spatialTask_combined,value_matched,juice,660.0,0.9349914431571961,0.9220400989055634,0.9484812766313553,40
spatialTask_combined,value_matched,juice,670.0,0.9370507165789604,0.9239939033985138,0.9495721772313118,40
spatialTask_combined,value_matched,juice,680.0,0.9384341955184936,0.9258062243461609,0.9509774565696716,40
spatialTask_combined,value_matched,juice,690.0,0.9429971978068352,0.9309684604406356,0.9552640318870544,40
spatialTask_combined,value_matched,juice,700.0,0.941515576839447,0.9289493948221207,0.9536250695586205,40
spatialTask_combined,value_matched,juice,710.0,0.9426909238100052,0.931181414425373,0.9542169719934464,40
spatialTask_combined,value_matched,juice,720.0,0.9432496428489685,0.931954026222229,0.9547161161899567,40
spatialTask_combined,value_matched,juice,730.0,0.9443689227104187,0.9322904497385025,0.9564055904746056,40
spatialTask_combined,value_matched,juice,740.0,0.9415918350219726,0.9292595863342286,0.9542056113481522,40
spatialTask_combined,value_matched,juice,750.0,0.9417173162102699,0.9293119385838509,0.9538213685154915,40
spatialTask_combined,value_matched,juice,760.0,0.9409558549523354,0.9290215030312539,0.9532830730080605,40
spatialTask_combined,value_matched,juice,770.0,0.9400439411401749,0.9283028438687324,0.9531046792864799,40
spatialTask_combined,value_matched,juice,780.0,0.9409902065992355,0.9289986565709114,0.9534242182970047,40
spatialTask_combined,value_matched,juice,790.0,0.9407326444983483,0.9286509022116661,0.9535154238343239,40
spatialTask_combined,value_matched,juice,800.0,0.9421321302652359,0.9304034784436226,0.9541738346219063,40
spatialTask_combined,value_matched,juice,810.0,0.9401931881904602,0.9282688707113266,0.9531041160225868,40
spatialTask_combined,value_matched,juice,820.0,0.942171972990036,0.9304528832435608,0.9544845551252366,40
spatialTask_combined,value_matched,juice,830.0,0.9418791308999062,0.9302466422319412,0.9540191948413849,40
spatialTask_combined,value_matched,juice,840.0,0.9410513043403625,0.9296611577272416,0.9531644821166992,40
spatialTask_combined,value_matched,juice,850.0,0.9431331679224968,0.9318032428622246,0.9553703740239143,40
spatialTask_combined,value_matched,juice,860.0,0.9430078387260437,0.9319014713168144,0.9548490226268769,40
spatialTask_combined,value_matched,juice,870.0,0.944293899834156,0.9326180532574654,0.9558844238519668,40
spatialTask_combined,value_matched,juice,880.0,0.9437044128775597,0.9314876198768616,0.9554525181651116,40
spatialTask_combined,value_matched,juice,890.0,0.9443168446421624,0.9328561007976532,0.9561814695596695,40
spatialTask_combined,value_matched,juice,900.0,0.9445693269371986,0.9331164047122001,0.9561353862285614,40
spatialTask_combined,value_matched,juice,910.0,0.9435825034976005,0.9325369238853455,0.9549730598926545,40
spatialTask_combined,value_matched,juice,920.0,0.9429460152983665,0.9314403861761094,0.9544779360294342,40
spatialTask_combined,value_matched,juice,930.0,0.9422100767493248,0.9306646540760994,0.954181832075119,40
spatialTask_combined,value_matched,juice,940.0,0.9426988586783409,0.9304885178804397,0.9545853942632675,40
spatialTask_combined,value_matched,juice,950.0,0.941406860947609,0.9294550761580467,0.953470666706562,40
spatialTask_combined,value_matched,juice,960.0,0.9426713839173317,0.9309183552861213,0.9544689029455184,40
spatialTask_combined,value_matched,juice,970.0,0.9441737607121468,0.9330248653888702,0.9556227639317513,40
spatialTask_combined,value_matched,juice,980.0,0.9440791815519333,0.9331201463937759,0.9554877772927284,40
spatialTask_combined,value_matched,juice,990.0,0.9425585865974426,0.9310274243354797,0.954576563835144,40
spatialTask_combined,value_matched,juice,1000.0,0.9424482539296151,0.9312138199806214,0.9542768448591232,40
spatialTask_combined,value_matched,juice,1010.0,0.9441293403506279,0.9335392609238624,0.9555727913975716,40
spatialTask_combined,value_matched,juice,1020.0,0.942114420235157,0.9310516729950905,0.9542358085513115,40
spatialTask_combined,value_matched,juice,1030.0,0.9425094738602638,0.9308888852596283,0.9549084901809692,40
spatialTask_combined,value_matched,juice,1040.0,0.9431849151849747,0.9313857406377792,0.9547484591603279,40
spatialTask_combined,value_matched,juice,1050.0,0.9437603861093521,0.9315648034214974,0.9556101143360138,40
spatialTask_combined,value_matched,juice,1060.0,0.943642544746399,0.9313639789819718,0.9556837275624275,40
spatialTask_combined,value_matched,juice,1070.0,0.9434766262769699,0.931525994837284,0.955877211689949,40
spatialTask_combined,value_matched,juice,1080.0,0.9431774377822876,0.9309109807014465,0.9555757999420166,40
spatialTask_combined,value_matched,juice,1090.0,0.9436240077018738,0.9311467617750168,0.9558154970407486,40
spatialTask_combined,value_matched,juice,1100.0,0.9437154978513718,0.9305878788232803,0.9556332632899285,40
spatialTask_combined,value_matched,juice,1110.0,0.943908017873764,0.9314813524484634,0.9559251576662063,40
spatialTask_combined,value_matched,juice,1120.0,0.9436394527554512,0.931525993347168,0.9553869098424912,40
spatialTask_combined,value_matched,juice,1130.0,0.9453354477882385,0.9334937080740928,0.9565680831670761,40
spatialTask_combined,value_matched,juice,1140.0,0.9441549941897392,0.9316758453845978,0.9562504440546036,40
spatialTask_combined,value_matched,juice,1150.0,0.9434254929423332,0.9316165074706078,0.9551311194896698,40
spatialTask_combined,value_matched,juice,1160.0,0.9441982313990593,0.9321629241108894,0.9556477516889572,40
spatialTask_combined,value_matched,juice,1170.0,0.9433974489569664,0.9314227432012558,0.9547163233160972,40
spatialTask_combined,value_matched,juice,1180.0,0.943512336909771,0.931825764477253,0.9550700828433036,40
spatialTask_combined,value_matched,juice,1190.0,0.9435622319579124,0.9313399523496628,0.9555526807904243,40
spatialTask_combined,value_matched,juice,1200.0,0.9440065369009971,0.9317769184708595,0.9557042852044105,40
spatialTask_combined,value_matched,juice,1210.0,0.9438447088003159,0.9320665925741196,0.9551256880164146,40
spatialTask_combined,value_matched,juice,1220.0,0.9442521393299103,0.9321522280573845,0.9559961900115013,40
spatialTask_combined,value_matched,juice,1230.0,0.9450360029935837,0.9335005968809128,0.9564413174986839,40
spatialTask_combined,value_matched,juice,1240.0,0.9460518643260002,0.9347048223018646,0.956490769982338,40
spatialTask_combined,value_matched,juice,1250.0,0.947018937766552,0.9359248012304306,0.9571243971586227,40
spatialTask_combined,value_matched,juice,1260.0,0.945426344871521,0.9337435886263847,0.956433542072773,40
spatialTask_combined,value_matched,juice,1270.0,0.9462254106998443,0.9343502774834633,0.9571319371461868,40
spatialTask_combined,value_matched,juice,1280.0,0.9438537821173668,0.9310695812106132,0.9556608378887177,40
spatialTask_combined,value_matched,juice,1290.0,0.9446946799755096,0.9321866288781167,0.9560652047395706,40
spatialTask_combined,value_matched,juice,1300.0,0.9448943987488747,0.9328946962952613,0.9561890304088593,40
spatialTask_combined,value_matched,juice,1310.0,0.9453384310007096,0.9342366799712181,0.9556238159537316,40
spatialTask_combined,value_matched,juice,1320.0,0.9441479206085205,0.932760015130043,0.9549493849277496,40
spatialTask_combined,value_matched,juice,1330.0,0.9433635637164116,0.9317394182085991,0.9541839838027955,40
spatialTask_combined,value_matched,juice,1340.0,0.9443875476717949,0.932922500371933,0.9555262118577957,40
spatialTask_combined,value_matched,juice,1350.0,0.9439285680651665,0.9322148948907852,0.9550040915608407,40
spatialTask_combined,value_matched,juice,1360.0,0.9441952660679818,0.9331233263015747,0.9552059978246689,40
spatialTask_combined,value_matched,juice,1370.0,0.9453769579529763,0.9340419977903366,0.9560265049338341,40
spatialTask_combined,value_matched,juice,1380.0,0.9455543637275696,0.9332497045397758,0.9567996695637703,40
spatialTask_combined,value_matched,juice,1390.0,0.9435995236039162,0.9313533633947373,0.9553461581468582,40
spatialTask_combined,value_matched,juice,1400.0,0.9434281051158905,0.9319655075669289,0.9551335424184799,40
spatialTask_combined,value_matched,juice,1410.0,0.941468708217144,0.93001339584589,0.953011092543602,40
spatialTask_combined,value_matched,juice,1420.0,0.942486646771431,0.9310966730117798,0.9538264811038971,40
spatialTask_combined,value_matched,juice,1430.0,0.9419121026992798,0.9302308738231659,0.953071340918541,40
spatialTask_combined,value_matched,juice,1440.0,0.941516762971878,0.9298932150006294,0.953142699599266,40
spatialTask_combined,value_matched,juice,1450.0,0.9419934332370759,0.9308841720223426,0.9527858525514603,40
spatialTask_combined,value_matched,juice,1460.0,0.94059017598629,0.929469832777977,0.9518928125500679,40
spatialTask_combined,value_matched,juice,1470.0,0.9389342159032822,0.9279230907559395,0.9502763524651527,40
spatialTask_combined,value_matched,juice,1480.0,0.9395340114831925,0.9281263262033462,0.950789324939251,40
spatialTask_combined,value_matched,juice,1490.0,0.9397248193621636,0.9285280555486679,0.9510441988706588,40
spatialTask_combined,value_matched,juice,1500.0,0.9609354555606842,0.9541381046175956,0.9684548243880272,40
spatialTask_combined,value_matched,juice,1510.0,0.9639432013034821,0.9577212408185005,0.9705283090472221,40
spatialTask_combined,value_matched,juice,1520.0,0.9636159539222717,0.9572146832942963,0.9702385798096657,40
spatialTask_combined,value_matched,juice,1530.0,0.9636896759271621,0.9579897671937943,0.9695507824420929,40
spatialTask_combined,value_matched,juice,1540.0,0.9646805197000503,0.9593628287315369,0.9701642632484436,40
spatialTask_combined,value_matched,juice,1550.0,0.96652020663023,0.9616775780916214,0.9715856775641442,40
spatialTask_combined,value_matched,juice,1560.0,0.967885085940361,0.9632017180323601,0.9728100180625916,40
spatialTask_combined,value_matched,juice,1570.0,0.9682189509272575,0.9631365850567818,0.9733603060245514,40
spatialTask_combined,value_matched,juice,1580.0,0.9699927434325218,0.9650266349315644,0.9749098807573319,40
spatialTask_combined,value_matched,juice,1590.0,0.9717933997511864,0.967423664033413,0.9764368399977684,40
spatialTask_combined,value_matched,juice,1600.0,0.9722817271947861,0.9674319446086883,0.9769667774438858,40
spatialTask_combined,value_matched,juice,1610.0,0.9722818985581398,0.966666167974472,0.9774625256657601,40
spatialTask_combined,value_matched,juice,1620.0,0.9713217735290527,0.9662054315209389,0.9766529619693756,40
spatialTask_combined,value_matched,juice,1630.0,0.9732469499111176,0.968097260594368,0.9783750087022781,40
spatialTask_combined,value_matched,juice,1640.0,0.9737894281744957,0.9689584270119667,0.9789195194840431,40
spatialTask_combined,value_matched,juice,1650.0,0.9736752510070801,0.9688701435923577,0.9786727413535118,40
spatialTask_combined,value_matched,juice,1660.0,0.9753629624843597,0.9705667927861213,0.9801324814558029,40
spatialTask_combined,value_matched,juice,1670.0,0.9745323076844216,0.9699006378650665,0.9795293375849724,40
spatialTask_combined,value_matched,juice,1680.0,0.9754956960678101,0.9707084879279136,0.9806284040212632,40
spatialTask_combined,value_matched,juice,1690.0,0.9764186039566993,0.9717218220233917,0.9814801245927811,40
spatialTask_combined,value_matched,juice,1700.0,0.9760659515857697,0.9711661472916603,0.9811974212527275,40
spatialTask_combined,value_matched,juice,1710.0,0.9754017651081085,0.9708347961306572,0.9801267474889755,40
spatialTask_combined,value_matched,juice,1720.0,0.9761893212795257,0.9716549724340439,0.9807614982128143,40
spatialTask_combined,value_matched,juice,1730.0,0.975756074488163,0.9714672178030014,0.9802710458636283,40
spatialTask_combined,value_matched,juice,1740.0,0.97437132447958,0.9696376368403434,0.9790588676929474,40
spatialTask_combined,value_matched,juice,1750.0,0.9735330179333687,0.9683295384049415,0.9787234500050545,40
spatialTask_combined,value_matched,juice,1760.0,0.9740064203739166,0.9684834644198418,0.9792036160826683,40
spatialTask_combined,value_matched,juice,1770.0,0.9750170096755028,0.9701232969760895,0.9798180028796196,40
spatialTask_combined,value_matched,juice,1780.0,0.9755914375185967,0.9706984743475914,0.9804167002439499,40
spatialTask_combined,value_matched,juice,1790.0,0.9744189426302909,0.9689244881272316,0.9797802329063415,40
spatialTask_combined,value_matched,juice,1800.0,0.9748049005866051,0.9694739058613777,0.9799835667014122,40
spatialTask_combined,value_matched,juice,1810.0,0.9736825138330459,0.9678249225020409,0.9788302719593048,40
spatialTask_combined,value_matched,juice,1820.0,0.9731877565383911,0.966946217417717,0.9787904009222984,40
spatialTask_combined,value_matched,juice,1830.0,0.9733735367655754,0.9663766250014305,0.9795209780335427,40
spatialTask_combined,value_matched,juice,1840.0,0.9737844303250313,0.9666731908917428,0.9798298299312591,40
spatialTask_combined,value_matched,juice,1850.0,0.9742041796445846,0.9675607815384865,0.9800124123692513,40
spatialTask_combined,value_matched,juice,1860.0,0.974170246720314,0.9675822213292122,0.9799714848399163,40
spatialTask_combined,value_matched,juice,1870.0,0.9742159858345986,0.9679776221513748,0.9797758832573891,40
spatialTask_combined,value_matched,juice,1880.0,0.975198908150196,0.9696079403162002,0.980531758069992,40
spatialTask_combined,value_matched,juice,1890.0,0.9757303014397621,0.9700006321072578,0.9811469689011574,40
spatialTask_combined,value_matched,juice,1900.0,0.9759948790073395,0.9703003004193306,0.9815169274806976,40
spatialTask_combined,value_matched,juice,1910.0,0.9766469553112984,0.9714346066117286,0.9822205901145935,40
spatialTask_combined,value_matched,juice,1920.0,0.9772863894701004,0.9717106580734253,0.9829754859209061,40
spatialTask_combined,value_matched,juice,1930.0,0.9768548756837845,0.971086710691452,0.9826350897550583,40
spatialTask_combined,value_matched,juice,1940.0,0.977590137720108,0.9722986534237862,0.9827344864606857,40
spatialTask_combined,value_matched,juice,1950.0,0.976835960149765,0.9713862463831902,0.98214822858572,40
spatialTask_combined,value_matched,juice,1960.0,0.9766356676816941,0.9714239045977593,0.9815200880169869,40
spatialTask_combined,value_matched,juice,1970.0,0.9764994502067565,0.9713085293769836,0.9815050050616264,40
spatialTask_combined,value_matched,juice,1980.0,0.9758836597204208,0.9704911679029464,0.9811912581324578,40
spatialTask_combined,value_matched,juice,1990.0,0.9761175125837326,0.9706113308668136,0.9813079178333283,40
spatialTask_combined,value_matched,juice,2000.0,0.9768479079008102,0.9709028765559197,0.982056200504303,40
spatialTask_combined,value_matched,juice,2010.0,0.9776149928569794,0.9723877638578415,0.9823688358068466,40
spatialTask_combined,value_matched,juice,2020.0,0.9788255482912064,0.9741229936480522,0.9831703022122383,40
spatialTask_combined,value_matched,juice,2030.0,0.9787747681140899,0.9741400703787804,0.9831540286540985,40
spatialTask_combined,value_matched,juice,2040.0,0.9789208397269249,0.9742735341191292,0.983214122056961,40
spatialTask_combined,value_matched,juice,2050.0,0.979158353805542,0.9744906514883042,0.983437605202198,40
spatialTask_combined,value_matched,juice,2060.0,0.9794110283255577,0.9746816575527191,0.984097346663475,40
spatialTask_combined,value_matched,juice,2070.0,0.979798449575901,0.9752122640609742,0.9843796566128731,40
spatialTask_combined,value_matched,juice,2080.0,0.9796305611729622,0.9752824604511261,0.9840364888310432,40
spatialTask_combined,value_matched,juice,2090.0,0.9798622846603393,0.9755608811974525,0.9841758191585541,40
spatialTask_combined,value_matched,juice,2100.0,0.9791657730937005,0.9746249035000801,0.9838661253452301,40
spatialTask_combined,value_matched,juice,2110.0,0.9788396686315537,0.9741801351308823,0.9833761885762214,40
spatialTask_combined,value_matched,juice,2120.0,0.9786690041422844,0.9738982424139977,0.9833073794841767,40
spatialTask_combined,value_matched,juice,2130.0,0.9786358252167702,0.9737786635756492,0.9831344202160835,40
spatialTask_combined,value_matched,juice,2140.0,0.978751802444458,0.9738061726093292,0.9832561880350112,40
spatialTask_combined,value_matched,juice,2150.0,0.9791356191039086,0.9744574010372162,0.9835103943943977,40
spatialTask_combined,value_matched,juice,2160.0,0.978916010260582,0.9739709526300431,0.9835342600941658,40
spatialTask_combined,value_matched,juice,2170.0,0.9775275707244873,0.9719887688755989,0.9827978074550628,40
spatialTask_combined,value_matched,juice,2180.0,0.9772745966911316,0.9720145702362061,0.9824062436819077,40
spatialTask_combined,value_matched,juice,2190.0,0.974810068309307,0.968211191892624,0.9805286049842834,40
spatialTask_combined,value_matched,juice,2200.0,0.9731399357318878,0.9666543170809746,0.9788455575704574,40
spatialTask_combined,value_matched,juice,2210.0,0.9734100520610809,0.9671870246529579,0.9791673079133034,40
spatialTask_combined,value_matched,juice,2220.0,0.9730446204543114,0.966518197953701,0.9791081726551056,40
spatialTask_combined,value_matched,juice,2230.0,0.9744006648659707,0.9687824442982673,0.9797101676464081,40
spatialTask_combined,value_matched,juice,2240.0,0.9751944959163665,0.9695017069578171,0.9807445615530014,40
spatialTask_combined,value_matched,juice,2250.0,0.9741300106048584,0.9683772206306458,0.9798576533794403,40
spatialTask_combined,value_matched,juice,2260.0,0.9737776920199395,0.9674943298101425,0.9797884747385979,40
spatialTask_combined,value_matched,juice,2270.0,0.9744425222277642,0.968203890323639,0.9803824603557587,40
spatialTask_combined,value_matched,juice,2280.0,0.9744995281100273,0.9685228571295739,0.9800632402300835,40
spatialTask_combined,value_matched,juice,2290.0,0.9734226956963539,0.967568251490593,0.9789061844348907,40
spatialTask_combined,value_matched,juice,2300.0,0.9721029251813889,0.9663907214999199,0.9778075233101845,40
spatialTask_combined,value_matched,juice,2310.0,0.9726979359984398,0.9674781635403633,0.9783771336078644,40
spatialTask_combined,value_matched,juice,2320.0,0.9726050406694412,0.9670194894075393,0.9780249208211899,40
spatialTask_combined,value_matched,juice,2330.0,0.9717583179473877,0.9656153455376625,0.9778258636593818,40
spatialTask_combined,value_matched,juice,2340.0,0.9715532436966896,0.9650180637836456,0.9779413938522339,40
spatialTask_combined,value_matched,juice,2350.0,0.9701131507754326,0.9633778348565102,0.976730254292488,40
spatialTask_combined,value_matched,juice,2360.0,0.9694452583789825,0.9621058762073517,0.9762499108910561,40
spatialTask_combined,value_matched,juice,2370.0,0.9706156969070434,0.9639503195881843,0.9770909637212754,40
spatialTask_combined,value_matched,juice,2380.0,0.9693441808223724,0.9620691761374474,0.9763320222496986,40
spatialTask_combined,value_matched,juice,2390.0,0.9713682651519775,0.9644648924469947,0.9776503518223763,40
spatialTask_combined,value_matched,juice,2400.0,0.9691583588719368,0.9616196230053902,0.976168030500412,40
spatialTask_combined,value_matched,juice,2410.0,0.9675604626536369,0.9607007652521133,0.9740718737244606,40
spatialTask_combined,value_matched,juice,2420.0,0.9685175597667695,0.9618256360292434,0.9746426895260811,40
spatialTask_combined,value_matched,juice,2430.0,0.9673210307955742,0.9604736730456352,0.9737829238176345,40
spatialTask_combined,value_matched,juice,2440.0,0.9662887692451477,0.95885621458292,0.9733375996351242,40
spatialTask_combined,value_matched,juice,2450.0,0.9676093518733978,0.9604775235056877,0.9748609751462937,40
spatialTask_combined,value_matched,juice,2460.0,0.9663178205490113,0.9588521048426628,0.9736647948622703,40
spatialTask_combined,value_matched,juice,2470.0,0.9658385619521141,0.9581670925021172,0.9730317175388337,40
spatialTask_combined,value_matched,juice,2480.0,0.9646245032548905,0.957218824326992,0.9719708696007728,40
spatialTask_combined,value_matched,juice,2490.0,0.9636328622698784,0.9564046993851661,0.970864450931549,40
spatialTask_combined,value_matched,juice,2500.0,0.9615244314074516,0.9540062695741653,0.9687554910778999,40
spatialTask_combined,value_matched,juice,2510.0,0.9582753524184227,0.9494232907891273,0.9666930466890336,40
spatialTask_combined,value_matched,juice,2520.0,0.9594163626432419,0.9505436658859253,0.9678440153598785,40
spatialTask_combined,value_matched,juice,2530.0,0.9612597301602364,0.9523663610219956,0.9693909883499146,40
spatialTask_combined,value_matched,juice,2540.0,0.962158739566803,0.9540897145867347,0.9702524036169052,40
spatialTask_combined,value_matched,juice,2550.0,0.9599246546626091,0.9513124719262123,0.9686762556433678,40
spatialTask_combined,value_matched,juice,2560.0,0.9590632155537605,0.9502953186631202,0.9674908369779587,40
spatialTask_combined,value_matched,juice,2570.0,0.9593170493841171,0.9501826286315918,0.9680367112159729,40
spatialTask_combined,value_matched,juice,2580.0,0.9561585247516632,0.9464889943599701,0.9650841608643532,40
spatialTask_combined,value_matched,juice,2590.0,0.9546106800436973,0.9444419384002686,0.9638148382306099,40
spatialTask_combined,value_matched,juice,2600.0,0.9520834997296334,0.9412127897143364,0.9625221565365791,40
spatialTask_combined,value_matched,juice,2610.0,0.9470900192856788,0.9353055134415627,0.9583499968051911,40
spatialTask_combined,value_matched,juice,2620.0,0.9460038125514985,0.934103225171566,0.9576879143714905,40
spatialTask_combined,value_matched,juice,2630.0,0.9435597568750381,0.9313682466745377,0.955932255089283,40
spatialTask_combined,value_matched,juice,2640.0,0.944040048122406,0.9313501313328743,0.9561553075909615,40
spatialTask_combined,value_matched,juice,2650.0,0.9413161724805832,0.9278171092271805,0.9542630359530448,40
spatialTask_combined,value_matched,juice,2660.0,0.9394456893205643,0.9254473820328712,0.95237937271595,40
spatialTask_combined,value_matched,juice,2670.0,0.9398086071014404,0.9271118670701981,0.9524804562330246,40
spatialTask_combined,value_matched,juice,2680.0,0.9373092994093895,0.9229489296674729,0.9505074247717857,40
spatialTask_combined,value_matched,juice,2690.0,0.9340200006961823,0.9202627778053284,0.9469519644975662,40
spatialTask_combined,value_matched,juice,2700.0,0.9342649459838868,0.9188783407211304,0.9482050284743309,40
spatialTask_combined,value_matched,juice,2710.0,0.930618305504322,0.9154985919594765,0.9455861017107964,40
spatialTask_combined,value_matched,juice,2720.0,0.9270715653896332,0.9115085899829865,0.9426221355795861,40
spatialTask_combined,value_matched,juice,2730.0,0.9202349558472633,0.9045145004987717,0.9370454952120781,40
spatialTask_combined,value_matched,juice,2740.0,0.9169891849160194,0.9003752574324608,0.9341129064559937,40
spatialTask_combined,value_matched,juice,2750.0,0.9184064745903016,0.9029235765337944,0.9337986260652542,40
spatialTask_combined,value_matched,juice,2760.0,0.9170948743820191,0.9014177709817887,0.932595731317997,40
spatialTask_combined,value_matched,juice,2770.0,0.9128608137369156,0.8945656463503837,0.9305717825889587,40
spatialTask_combined,value_matched,juice,2780.0,0.9146446943283081,0.8971444666385651,0.9311939775943756,40
spatialTask_combined,value_matched,juice,2790.0,0.9132448598742485,0.8959014147520066,0.9303236469626427,40
spatialTask_combined,value_matched,juice,2800.0,0.9095819994807244,0.8898236140608787,0.9282639428973198,40
spatialTask_combined,value_matched,juice,2810.0,0.9095841675996781,0.88935027718544,0.9282312095165253,40
spatialTask_combined,value_matched,juice,2820.0,0.906157736480236,0.8859846144914627,0.9245723068714142,40
spatialTask_combined,value_matched,juice,2830.0,0.9061692968010903,0.8855999261140823,0.9249351620674133,40
spatialTask_combined,value_matched,juice,2840.0,0.9044600367546082,0.8844621688127517,0.9231059953570366,40
spatialTask_combined,value_matched,juice,2850.0,0.9047732651233673,0.8852036356925964,0.9228309601545334,40
spatialTask_combined,value_matched,juice,2860.0,0.9004043623805046,0.8798059716820716,0.9191343605518341,40
spatialTask_combined,value_matched,juice,2870.0,0.8966604679822922,0.8756665721535682,0.9163370504975319,40
spatialTask_combined,value_matched,juice,2880.0,0.8928709909319877,0.8707631304860115,0.9131280347704888,40
spatialTask_combined,value_matched,juice,2890.0,0.888671912252903,0.8653690189123153,0.9087036460638046,40
spatialTask_combined,value_matched,juice,2900.0,0.8894898816943169,0.8667618870735169,0.9094605445861816,40
spatialTask_combined,value_matched,juice,2910.0,0.8852738350629806,0.8626793414354325,0.9065412536263466,40
spatialTask_combined,value_matched,juice,2920.0,0.8828049406409264,0.8601344153285027,0.9043188691139221,40
spatialTask_combined,value_matched,juice,2930.0,0.8767592042684555,0.8514680087566375,0.8995835468173027,40
spatialTask_combined,value_matched,juice,2940.0,0.8705801054835319,0.8442216277122497,0.8950690537691116,40
spatialTask_combined,value_matched,juice,2950.0,0.8685230001807213,0.8420208036899567,0.8941506758332253,40
spatialTask_combined,value_matched,juice,2960.0,0.8667960911989212,0.840427716076374,0.8918848812580108,40
spatialTask_combined,value_matched,juice,2970.0,0.8654479399323464,0.8385549455881118,0.8915929004549981,40
spatialTask_combined,value_matched,juice,2980.0,0.8622838407754898,0.8373173266649246,0.8868488192558288,40
spatialTask_combined,value_matched,juice,2990.0,0.8592961147427559,0.8349254310131073,0.8844794034957886,40
spatialTask_combined,value_matched,juice,3000.0,0.8585783809423446,0.8340960651636123,0.8832382783293724,40
spatialTask_combined,value_matched,juice,3010.0,0.8595832943916321,0.8364246055483818,0.883029779791832,40
spatialTask_combined,value_matched,juice,3020.0,0.8532576978206634,0.8298791334033012,0.8768839210271835,40
spatialTask_combined,value_matched,juice,3030.0,0.8477198705077171,0.8231893360614777,0.8718632712960244,40
spatialTask_combined,value_matched,juice,3040.0,0.8412102669477463,0.8165684536099433,0.8658376276493073,40
spatialTask_combined,value_matched,juice,3050.0,0.8402744829654694,0.8153895810246468,0.865219546854496,40
spatialTask_combined,value_matched,juice,3060.0,0.8374358639121056,0.8139258489012718,0.8604684188961983,40
spatialTask_combined,value_matched,juice,3070.0,0.8373224318027497,0.8126826584339142,0.8619328036904335,40
spatialTask_combined,value_matched,juice,3080.0,0.8339945614337921,0.8095300287008286,0.8570966005325318,40
spatialTask_combined,value_matched,juice,3090.0,0.8364649221301079,0.8122308060526848,0.8598414704203605,40
spatialTask_combined,value_matched,juice,3100.0,0.8300518482923508,0.805100929737091,0.8547336041927338,40
spatialTask_combined,value_matched,juice,3110.0,0.8299789428710938,0.805373091995716,0.8545662418007851,40
spatialTask_combined,value_matched,juice,3120.0,0.8226409763097763,0.7958519905805588,0.848454637825489,40
spatialTask_combined,value_matched,juice,3130.0,0.8190859273076058,0.7929164275527001,0.8454412043094635,40
spatialTask_combined,value_matched,juice,3140.0,0.8217802599072457,0.7974958881735802,0.8475812882184982,40
spatialTask_combined,value_matched,juice,3150.0,0.8217471182346344,0.7965328335762024,0.8472692906856537,40
spatialTask_combined,value_matched,juice,3160.0,0.8230951309204102,0.7974073931574821,0.8486808732151985,40
spatialTask_combined,value_matched,juice,3170.0,0.8173797011375428,0.7918276980519294,0.8420761331915856,40
spatialTask_combined,value_matched,juice,3180.0,0.8189990982413292,0.7938263565301895,0.8447286367416381,40
spatialTask_combined,value_matched,juice,3190.0,0.8156638532876969,0.7914554968476295,0.8420699790120125,40
spatialTask_combined,value_matched,order,0.0,0.5014155022799969,0.4976052977144718,0.5051083132624626,40
spatialTask_combined,value_matched,order,10.0,0.5002500377595425,0.4963327571749687,0.5044610217213631,40
spatialTask_combined,value_matched,order,20.0,0.5005061775445938,0.4965595819056034,0.504560948908329,40
spatialTask_combined,value_matched,order,30.0,0.49914551973342897,0.4946700394153595,0.5039113745093345,40
spatialTask_combined,value_matched,order,40.0,0.5004112988710403,0.4959938384592533,0.504834446310997,40
spatialTask_combined,value_matched,order,50.0,0.4993201896548271,0.4951483353972435,0.503329761326313,40
spatialTask_combined,value_matched,order,60.0,0.49820960462093355,0.49393480271101,0.5023210138082504,40
spatialTask_combined,value_matched,order,70.0,0.4983173429965973,0.49412516951560975,0.5023984685540199,40
spatialTask_combined,value_matched,order,80.0,0.4973706744611263,0.49317431151866914,0.5014553412795066,40
spatialTask_combined,value_matched,order,90.0,0.49678369611501694,0.4922749258577824,0.501265674829483,40
spatialTask_combined,value_matched,order,100.0,0.500648333132267,0.49660026133060453,0.5052006796002388,40
spatialTask_combined,value_matched,order,110.0,0.5000046662986278,0.4955799765884876,0.5043879315257073,40
spatialTask_combined,value_matched,order,120.0,0.5013115666806698,0.4973014160990715,0.5057952255010605,40
spatialTask_combined,value_matched,order,130.0,0.4992083467543125,0.4949777901172638,0.5035196647047997,40
spatialTask_combined,value_matched,order,140.0,0.5001691572368145,0.4955887958407402,0.504806424677372,40
spatialTask_combined,value_matched,order,150.0,0.5001052021980286,0.49570741280913355,0.5043299078941346,40
spatialTask_combined,value_matched,order,160.0,0.5009714052081108,0.49624294340610503,0.5055188462138176,40
spatialTask_combined,value_matched,order,170.0,0.4990234911441803,0.4946852050721645,0.5031079173088073,40
spatialTask_combined,value_matched,order,180.0,0.49928443059325217,0.49469844028353693,0.5036819860339165,40
spatialTask_combined,value_matched,order,190.0,0.4997449107468128,0.4952546298503876,0.5046493262052536,40
spatialTask_combined,value_matched,order,200.0,0.4986542597413063,0.49452723786234853,0.5027567997574807,40
spatialTask_combined,value_matched,order,210.0,0.4992166250944138,0.49477878138422965,0.5034283012151718,40
spatialTask_combined,value_matched,order,220.0,0.4993320479989052,0.4953302651643753,0.503200601041317,40
spatialTask_combined,value_matched,order,230.0,0.4996863313019276,0.4955053932964802,0.5038763612508774,40
spatialTask_combined,value_matched,order,240.0,0.49791082590818403,0.49436759725213053,0.5014243945479393,40
spatialTask_combined,value_matched,order,250.0,0.4978625141084194,0.4944604881107807,0.5014542520046235,40
spatialTask_combined,value_matched,order,260.0,0.4982544556260109,0.49462694972753524,0.5019724503159523,40
spatialTask_combined,value_matched,order,270.0,0.4995599053800106,0.4962465465068817,0.5031907171010971,40
spatialTask_combined,value_matched,order,280.0,0.5008087411522866,0.4973324418067932,0.5041834607720375,40
spatialTask_combined,value_matched,order,290.0,0.5006441578269005,0.49681061804294585,0.5044237360358238,40
spatialTask_combined,value_matched,order,300.0,0.5000499159097671,0.4962675549089909,0.5034734338521958,40
spatialTask_combined,value_matched,order,310.0,0.5024122469127178,0.4986687421798706,0.5060321971774101,40
spatialTask_combined,value_matched,order,320.0,0.5020684339106083,0.49882377311587334,0.5054457232356071,40
spatialTask_combined,value_matched,order,330.0,0.5015091113746166,0.4984921313822269,0.5044862896203994,40
spatialTask_combined,value_matched,order,340.0,0.5000081308186054,0.49693936929106713,0.5029282376170159,40
spatialTask_combined,value_matched,order,350.0,0.501981896162033,0.4986508071422577,0.5054775759577751,40
spatialTask_combined,value_matched,order,360.0,0.502975157648325,0.4993439599871635,0.506851527094841,40
spatialTask_combined,value_matched,order,370.0,0.5022873982787133,0.49893172085285187,0.5058463782072067,40
spatialTask_combined,value_matched,order,380.0,0.5023029252886773,0.4979591891169548,0.5063934117555619,40
spatialTask_combined,value_matched,order,390.0,0.5030480697751045,0.49894964396953584,0.5070719465613365,40
spatialTask_combined,value_matched,order,400.0,0.49976214990019796,0.4956894613802433,0.503641177713871,40
spatialTask_combined,value_matched,order,410.0,0.5008820183575153,0.4969672799110413,0.5047898337244987,40
spatialTask_combined,value_matched,order,420.0,0.5033281818032265,0.499002718180418,0.5074844226241112,40
spatialTask_combined,value_matched,order,430.0,0.5039027631282806,0.5008774816989898,0.5071125581860543,40
spatialTask_combined,value_matched,order,440.0,0.5048172555863857,0.5011646434664726,0.508391834795475,40
spatialTask_combined,value_matched,order,450.0,0.5024766199290752,0.49927478581666945,0.5054672971367836,40
spatialTask_combined,value_matched,order,460.0,0.5011485949158668,0.49677722305059435,0.5054234474897384,40
spatialTask_combined,value_matched,order,470.0,0.5034495711326599,0.4997416116297245,0.5069938883185386,40
spatialTask_combined,value_matched,order,480.0,0.5025430537760258,0.4986573770642281,0.5065795257687569,40
spatialTask_combined,value_matched,order,490.0,0.5027462773025035,0.4988705188035965,0.5065898314118386,40
spatialTask_combined,value_matched,order,500.0,0.7644349664449692,0.7624330163002014,0.7665847584605217,40
spatialTask_combined,value_matched,order,510.0,0.7646228909492493,0.7624368116259574,0.7666646555066109,40
spatialTask_combined,value_matched,order,520.0,0.76508479565382,0.7629007935523987,0.767107954621315,40
spatialTask_combined,value_matched,order,530.0,0.7648334786295891,0.7627157151699067,0.7668421134352684,40
spatialTask_combined,value_matched,order,540.0,0.7644509971141815,0.762223768234253,0.7665067330002785,40
spatialTask_combined,value_matched,order,550.0,0.7641528367996215,0.7619851097464562,0.7661887690424919,40
spatialTask_combined,value_matched,order,560.0,0.7653867304325104,0.7633349135518074,0.7673166304826736,40
spatialTask_combined,value_matched,order,570.0,0.7647894769906998,0.7626200616359711,0.7667393431067466,40
spatialTask_combined,value_matched,order,580.0,0.7642704665660858,0.761824157834053,0.7663286969065666,40
spatialTask_combined,value_matched,order,590.0,0.7640661910176277,0.7614700689911842,0.7663870871067047,40
spatialTask_combined,value_matched,order,600.0,0.7645169794559479,0.7622288063168525,0.7666500166058541,40
spatialTask_combined,value_matched,order,610.0,0.7642629146575928,0.7619701281189919,0.7662519872188568,40
spatialTask_combined,value_matched,order,620.0,0.7643069624900818,0.7619969591498374,0.7663255453109741,40
spatialTask_combined,value_matched,order,630.0,0.7638328686356545,0.761397323012352,0.7660560354590416,40
spatialTask_combined,value_matched,order,640.0,0.7635318070650101,0.7611932769417763,0.7656388074159622,40
spatialTask_combined,value_matched,order,650.0,0.7632781341671944,0.7606867417693138,0.7655105337500572,40
spatialTask_combined,value_matched,order,660.0,0.763586163520813,0.7611488401889801,0.7658839330077172,40
spatialTask_combined,value_matched,order,670.0,0.7639106497168541,0.7614737018942833,0.7661734521389008,40
spatialTask_combined,value_matched,order,680.0,0.7634708970785141,0.761202472448349,0.7656068876385689,40
spatialTask_combined,value_matched,order,690.0,0.7633773103356362,0.761196231842041,0.765530414879322,40
spatialTask_combined,value_matched,order,700.0,0.7629117503762245,0.7606878340244293,0.7650512471795082,40
spatialTask_combined,value_matched,order,710.0,0.7632934063673019,0.7611606627702713,0.7652079254388809,40
spatialTask_combined,value_matched,order,720.0,0.7627913177013397,0.7603589460253716,0.7649688601493836,40
spatialTask_combined,value_matched,order,730.0,0.7621378153562546,0.7597016856074333,0.764220479130745,40
spatialTask_combined,value_matched,order,740.0,0.762219212949276,0.7597926557064056,0.7642598673701286,40
spatialTask_combined,value_matched,order,750.0,0.7616771280765533,0.7594892919063568,0.7636951431632042,40
spatialTask_combined,value_matched,order,760.0,0.7619855538010597,0.7597883030772209,0.7639666453003884,40
spatialTask_combined,value_matched,order,770.0,0.7623826071619988,0.759980596601963,0.7645873740315438,40
spatialTask_combined,value_matched,order,780.0,0.762393070757389,0.7602733820676804,0.7644499197602272,40
spatialTask_combined,value_matched,order,790.0,0.7624932050704956,0.7600837603211403,0.7646831288933754,40
spatialTask_combined,value_matched,order,800.0,0.7627058789134026,0.7605000168085099,0.7646297350525856,40
spatialTask_combined,value_matched,order,810.0,0.7627251893281937,0.760195155441761,0.7648671790957451,40
spatialTask_combined,value_matched,order,820.0,0.7623722463846206,0.7600597530603409,0.7647250398993493,40
spatialTask_combined,value_matched,order,830.0,0.762867784500122,0.7605459660291671,0.7652430802583694,40
spatialTask_combined,value_matched,order,840.0,0.7630421474575997,0.760616509616375,0.7652684450149536,40
spatialTask_combined,value_matched,order,850.0,0.7628594398498535,0.7603137269616127,0.765129528939724,40
spatialTask_combined,value_matched,order,860.0,0.7629327580332756,0.7606222286820412,0.7650767043232918,40
spatialTask_combined,value_matched,order,870.0,0.7629508450627327,0.7606118232011795,0.7650667324662208,40
spatialTask_combined,value_matched,order,880.0,0.7625153824687004,0.7600556597113609,0.764712743461132,40
spatialTask_combined,value_matched,order,890.0,0.7625967875123024,0.7602252811193466,0.7648392796516419,40
spatialTask_combined,value_matched,order,900.0,0.7627843007445335,0.7605367287993431,0.7647795096039772,40
spatialTask_combined,value_matched,order,910.0,0.7632125422358513,0.7612352818250656,0.7651085734367371,40
spatialTask_combined,value_matched,order,920.0,0.7630318626761436,0.7609652221202851,0.7649268969893456,40
spatialTask_combined,value_matched,order,930.0,0.7632209077477455,0.7610766589641571,0.7652445003390312,40
spatialTask_combined,value_matched,order,940.0,0.7628978356719017,0.7605931133031845,0.7649575188755989,40
spatialTask_combined,value_matched,order,950.0,0.7633711621165276,0.7612256750464439,0.7652288258075715,40
spatialTask_combined,value_matched,order,960.0,0.7637158051133156,0.7615191966295243,0.7657470926642418,40
spatialTask_combined,value_matched,order,970.0,0.763700470328331,0.7615394696593285,0.7657522246241569,40
spatialTask_combined,value_matched,order,980.0,0.763496296107769,0.7610242083668709,0.7657025054097175,40
spatialTask_combined,value_matched,order,990.0,0.7634248241782189,0.761167623102665,0.7655514672398567,40
spatialTask_combined,value_matched,order,1000.0,0.763132905960083,0.760718347132206,0.7652618005871773,40
spatialTask_combined,value_matched,order,1010.0,0.7638076081871986,0.7616886004805565,0.7658460929989814,40
spatialTask_combined,value_matched,order,1020.0,0.7634418740868568,0.7611881420016289,0.765562255680561,40
spatialTask_combined,value_matched,order,1030.0,0.7633534610271454,0.7610248565673828,0.7653702601790429,40
spatialTask_combined,value_matched,order,1040.0,0.7634993910789489,0.7612878650426864,0.7655266851186753,40
spatialTask_combined,value_matched,order,1050.0,0.7634365886449814,0.7610316336154938,0.7654801189899445,40
spatialTask_combined,value_matched,order,1060.0,0.763584540784359,0.7614747583866119,0.7655161112546921,40
spatialTask_combined,value_matched,order,1070.0,0.7633544415235519,0.7610983684659004,0.7653395339846611,40
spatialTask_combined,value_matched,order,1080.0,0.7630658060312271,0.7607644245028495,0.7651239603757858,40
spatialTask_combined,value_matched,order,1090.0,0.7630139082670212,0.7606351658701896,0.7651066243648529,40
spatialTask_combined,value_matched,order,1100.0,0.762880639731884,0.7603507146239281,0.7651123076677322,40
spatialTask_combined,value_matched,order,1110.0,0.7632082834839821,0.7609359413385391,0.7652391701936722,40
spatialTask_combined,value_matched,order,1120.0,0.7631446704268455,0.7605594903230667,0.7653621941804886,40
spatialTask_combined,value_matched,order,1130.0,0.7634123146533967,0.7609694704413414,0.7655572384595871,40
spatialTask_combined,value_matched,order,1140.0,0.7639069050550461,0.7617803990840912,0.7658767268061638,40
spatialTask_combined,value_matched,order,1150.0,0.7636508464813232,0.7613766640424728,0.7656557366251946,40
spatialTask_combined,value_matched,order,1160.0,0.7634103879332542,0.7611674427986145,0.7654626488685607,40
spatialTask_combined,value_matched,order,1170.0,0.7632697746157646,0.7610550686717034,0.7651991039514542,40
spatialTask_combined,value_matched,order,1180.0,0.7629234701395035,0.7606422156095505,0.7650754958391189,40
spatialTask_combined,value_matched,order,1190.0,0.7628487810492516,0.760719446837902,0.7647305935621261,40
spatialTask_combined,value_matched,order,1200.0,0.7628235727548599,0.7603492498397827,0.7649531349539757,40
spatialTask_combined,value_matched,order,1210.0,0.763184443116188,0.7610062628984451,0.7652604594826699,40
spatialTask_combined,value_matched,order,1220.0,0.7628702774643898,0.7604591742157936,0.7650101393461227,40
spatialTask_combined,value_matched,order,1230.0,0.7628451839089394,0.7606095418334007,0.7649777516722679,40
spatialTask_combined,value_matched,order,1240.0,0.7629486575722695,0.7607940062880516,0.7650485068559647,40
spatialTask_combined,value_matched,order,1250.0,0.7622658506035804,0.759985727071762,0.7643692031502723,40
spatialTask_combined,value_matched,order,1260.0,0.762542086839676,0.7605428174138069,0.7644694864749908,40
spatialTask_combined,value_matched,order,1270.0,0.7629183754324913,0.7606712028384208,0.7651956126093864,40
spatialTask_combined,value_matched,order,1280.0,0.762694950401783,0.7605959981679916,0.7647145584225654,40
spatialTask_combined,value_matched,order,1290.0,0.762283307313919,0.7603345692157746,0.7641449987888336,40
spatialTask_combined,value_matched,order,1300.0,0.7622807338833809,0.7602798491716385,0.7640905022621155,40
spatialTask_combined,value_matched,order,1310.0,0.7624227449297905,0.7602397978305817,0.7644061118364334,40
spatialTask_combined,value_matched,order,1320.0,0.7626575589179992,0.7604114800691605,0.764715225994587,40
spatialTask_combined,value_matched,order,1330.0,0.7630425572395325,0.7608105137944221,0.764961513876915,40
spatialTask_combined,value_matched,order,1340.0,0.7629507854580879,0.7606388032436371,0.7650992318987846,40
spatialTask_combined,value_matched,order,1350.0,0.763701482117176,0.7613571748137474,0.7657516911625862,40
spatialTask_combined,value_matched,order,1360.0,0.7633992999792099,0.7611589327454567,0.7655242666602134,40
spatialTask_combined,value_matched,order,1370.0,0.763189448416233,0.7608900859951973,0.7652302011847496,40
spatialTask_combined,value_matched,order,1380.0,0.7635639607906342,0.7614552184939385,0.7654984548687935,40
spatialTask_combined,value_matched,order,1390.0,0.7632184237241745,0.7610824763774872,0.7652141407132149,40
spatialTask_combined,value_matched,order,1400.0,0.7632137924432755,0.761201161146164,0.7651592522859574,40
spatialTask_combined,value_matched,order,1410.0,0.7632668063044548,0.7614067614078521,0.7650203123688698,40
spatialTask_combined,value_matched,order,1420.0,0.7627681583166123,0.7609293460845947,0.7644910216331482,40
spatialTask_combined,value_matched,order,1430.0,0.7629962727427483,0.7606918543577195,0.7651283115148544,40
spatialTask_combined,value_matched,order,1440.0,0.7626601845026016,0.7604923874139786,0.7647176504135131,40
spatialTask_combined,value_matched,order,1450.0,0.7628511697053909,0.7607406035065651,0.7647316098213196,40
spatialTask_combined,value_matched,order,1460.0,0.7625636130571365,0.7603669986128807,0.7644445195794105,40
spatialTask_combined,value_matched,order,1470.0,0.7620315358042717,0.7596236303448677,0.7640976995229721,40
spatialTask_combined,value_matched,order,1480.0,0.7617506131529808,0.7595213651657104,0.7638775989413261,40
spatialTask_combined,value_matched,order,1490.0,0.7628317922353745,0.760671754181385,0.7648049190640449,40
spatialTask_combined,value_matched,order,1500.0,0.9812011629343033,0.9792212814092636,0.9833657905459404,40
spatialTask_combined,value_matched,order,1510.0,0.9739952862262726,0.9720912605524064,0.9758851751685143,40
spatialTask_combined,value_matched,order,1520.0,0.972100804746151,0.9696992188692093,0.9746420219540596,40
spatialTask_combined,value_matched,order,1530.0,0.9722228839993476,0.9700753733515739,0.9744274944067002,40
spatialTask_combined,value_matched,order,1540.0,0.9719941884279251,0.9695098698139191,0.9745641991496086,40
spatialTask_combined,value_matched,order,1550.0,0.9727948427200317,0.9702476337552071,0.9754511833190918,40
spatialTask_combined,value_matched,order,1560.0,0.9733440235257149,0.9704992502927781,0.9760689124464988,40
spatialTask_combined,value_matched,order,1570.0,0.9741755083203316,0.9714504942297936,0.9768143355846405,40
spatialTask_combined,value_matched,order,1580.0,0.9751374378800393,0.9723245561122894,0.9778765916824341,40
spatialTask_combined,value_matched,order,1590.0,0.9755211651325226,0.9726159393787384,0.9784597098827362,40
spatialTask_combined,value_matched,order,1600.0,0.9752710968255996,0.9722859546542167,0.9782583817839623,40
spatialTask_combined,value_matched,order,1610.0,0.9761081039905548,0.9734378799796104,0.9787239417433738,40
spatialTask_combined,value_matched,order,1620.0,0.9772303581237793,0.9745776206254959,0.9797558426856995,40
spatialTask_combined,value_matched,order,1630.0,0.9777549356222153,0.9751344546675682,0.9803638264536858,40
spatialTask_combined,value_matched,order,1640.0,0.9783650785684586,0.9757522284984589,0.9811079978942872,40
spatialTask_combined,value_matched,order,1650.0,0.9786657556891442,0.9759590372443199,0.9813653409481049,40
spatialTask_combined,value_matched,order,1660.0,0.9799857318401337,0.9774633437395096,0.9825404509902,40
spatialTask_combined,value_matched,order,1670.0,0.9804969519376755,0.9779954627156258,0.9828274503350258,40
spatialTask_combined,value_matched,order,1680.0,0.9810787990689278,0.9785501316189766,0.983451196551323,40
spatialTask_combined,value_matched,order,1690.0,0.9813942238688469,0.9790279611945152,0.9836830094456672,40
spatialTask_combined,value_matched,order,1700.0,0.9820381760597229,0.9795726463198662,0.9844086855649948,40
spatialTask_combined,value_matched,order,1710.0,0.9822043314576149,0.9796684712171555,0.9846354886889458,40
spatialTask_combined,value_matched,order,1720.0,0.9830298200249672,0.9805113956332207,0.9854088485240936,40
spatialTask_combined,value_matched,order,1730.0,0.9840860202908516,0.9817634657025337,0.9862967863678932,40
spatialTask_combined,value_matched,order,1740.0,0.9844964474439621,0.9822040393948555,0.986742316186428,40
spatialTask_combined,value_matched,order,1750.0,0.9847340539097786,0.9826617658138275,0.9867436334490776,40
spatialTask_combined,value_matched,order,1760.0,0.9851482644677162,0.9831318393349647,0.9871302202343941,40
spatialTask_combined,value_matched,order,1770.0,0.9854770347476005,0.9832929164171219,0.9874172359704971,40
spatialTask_combined,value_matched,order,1780.0,0.9858060285449028,0.9837637975811958,0.9876061737537384,40
spatialTask_combined,value_matched,order,1790.0,0.9861757561564446,0.9841923594474793,0.9879796385765076,40
spatialTask_combined,value_matched,order,1800.0,0.9864257708191871,0.984366811811924,0.9883907720446586,40
spatialTask_combined,value_matched,order,1810.0,0.9864312991499901,0.9843148425221443,0.9884269908070564,40
spatialTask_combined,value_matched,order,1820.0,0.9863674640655518,0.984253104031086,0.9882848680019378,40
spatialTask_combined,value_matched,order,1830.0,0.9865865647792816,0.9845529168844223,0.9885436117649078,40
spatialTask_combined,value_matched,order,1840.0,0.986720523238182,0.9847533330321312,0.9886652529239655,40
spatialTask_combined,value_matched,order,1850.0,0.987211474776268,0.9854452714323998,0.9889432057738304,40
spatialTask_combined,value_matched,order,1860.0,0.9875157117843628,0.9856797859072686,0.9892147824168205,40
spatialTask_combined,value_matched,order,1870.0,0.9877244099974632,0.9860118806362153,0.9894462123513221,40
spatialTask_combined,value_matched,order,1880.0,0.9882931128144264,0.9865473285317421,0.9900202423334121,40
spatialTask_combined,value_matched,order,1890.0,0.9884169295430183,0.986740630865097,0.9901096910238266,40
spatialTask_combined,value_matched,order,1900.0,0.9888239458203316,0.9871786743402481,0.9906379967927933,40
spatialTask_combined,value_matched,order,1910.0,0.989268758893013,0.9875958248972893,0.9911204978823662,40
spatialTask_combined,value_matched,order,1920.0,0.9893466353416442,0.9876426756381989,0.9912190914154053,40
spatialTask_combined,value_matched,order,1930.0,0.9893114253878593,0.9876621633768081,0.9911726355552674,40
spatialTask_combined,value_matched,order,1940.0,0.9894361361861229,0.9877859592437744,0.9912186786532402,40
spatialTask_combined,value_matched,order,1950.0,0.989562763273716,0.98798608481884,0.9911735475063324,40
spatialTask_combined,value_matched,order,1960.0,0.989629091322422,0.9881430193781853,0.9912164360284805,40
spatialTask_combined,value_matched,order,1970.0,0.9898066997528077,0.9883240535855293,0.9914252907037735,40
spatialTask_combined,value_matched,order,1980.0,0.9901900738477707,0.988592891395092,0.9918629586696625,40
spatialTask_combined,value_matched,order,1990.0,0.9899094447493553,0.9883409187197685,0.9916105449199677,40
spatialTask_combined,value_matched,order,2000.0,0.9899125471711159,0.9882835105061532,0.9916005358099937,40
spatialTask_combined,value_matched,order,2010.0,0.9899367839097977,0.9882742613554001,0.9916543379426003,40
spatialTask_combined,value_matched,order,2020.0,0.9900522902607918,0.9884275987744331,0.991832160949707,40
spatialTask_combined,value_matched,order,2030.0,0.9900854483246804,0.9884651467204094,0.9919014394283294,40
spatialTask_combined,value_matched,order,2040.0,0.9902041211724282,0.9885448858141899,0.9919520586729049,40
spatialTask_combined,value_matched,order,2050.0,0.9903512075543404,0.9887700885534286,0.9919757440686225,40
spatialTask_combined,value_matched,order,2060.0,0.9903944194316864,0.9887292698025704,0.992061260342598,40
spatialTask_combined,value_matched,order,2070.0,0.9904715284705162,0.9887457758188247,0.9922185614705086,40
spatialTask_combined,value_matched,order,2080.0,0.9901303648948669,0.9882953628897667,0.9919229626655579,40
spatialTask_combined,value_matched,order,2090.0,0.9902510687708854,0.9883947551250458,0.992186139523983,40
spatialTask_combined,value_matched,order,2100.0,0.9902594730257988,0.9884747117757797,0.9921336680650711,40
spatialTask_combined,value_matched,order,2110.0,0.9905088976025581,0.9887916922569275,0.9922737255692482,40
spatialTask_combined,value_matched,order,2120.0,0.9908304393291474,0.9892957821488381,0.9924569845199585,40
spatialTask_combined,value_matched,order,2130.0,0.9911293119192124,0.9896432131528854,0.9926434561610222,40
spatialTask_combined,value_matched,order,2140.0,0.9914006486535072,0.9899527251720428,0.9928981706500053,40
spatialTask_combined,value_matched,order,2150.0,0.991439314186573,0.9899682968854904,0.992958490550518,40
spatialTask_combined,value_matched,order,2160.0,0.9915582284331321,0.9900204673409462,0.9930404499173164,40
spatialTask_combined,value_matched,order,2170.0,0.9918725356459618,0.990301539003849,0.9933509841561318,40
spatialTask_combined,value_matched,order,2180.0,0.9920676916837692,0.9904886513948441,0.9935647919774055,40
spatialTask_combined,value_matched,order,2190.0,0.9920708999037743,0.9904885619878769,0.9935536041855813,40
spatialTask_combined,value_matched,order,2200.0,0.9919247433543206,0.9903053715825081,0.993488323688507,40
spatialTask_combined,value_matched,order,2210.0,0.9919155314564705,0.9903036206960678,0.9935006618499755,40
spatialTask_combined,value_matched,order,2220.0,0.9920392736792565,0.9903676852583885,0.9936897993087769,40
spatialTask_combined,value_matched,order,2230.0,0.9921845093369484,0.9905972957611084,0.9937612116336823,40
spatialTask_combined,value_matched,order,2240.0,0.9921817258000374,0.9906236454844475,0.993736469745636,40
spatialTask_combined,value_matched,order,2250.0,0.9920772686600685,0.9904456123709678,0.9936198368668556,40
spatialTask_combined,value_matched,order,2260.0,0.9921495631337166,0.9904775619506836,0.9936896100640297,40
spatialTask_combined,value_matched,order,2270.0,0.9920437842607498,0.9903076112270355,0.9936466187238693,40
spatialTask_combined,value_matched,order,2280.0,0.9919180363416672,0.9902544915676117,0.9934382557868957,40
spatialTask_combined,value_matched,order,2290.0,0.9919290110468865,0.9901964113116264,0.9934948161244392,40
spatialTask_combined,value_matched,order,2300.0,0.9919058173894882,0.9900759741663933,0.9934853792190552,40
spatialTask_combined,value_matched,order,2310.0,0.9918339535593986,0.9899757474660873,0.9935364812612534,40
spatialTask_combined,value_matched,order,2320.0,0.9917417541146278,0.9898818209767342,0.9935078889131546,40
spatialTask_combined,value_matched,order,2330.0,0.9915945246815682,0.9897408574819565,0.9934905380010605,40
spatialTask_combined,value_matched,order,2340.0,0.99157335460186,0.9896655023097992,0.9934933498501778,40
spatialTask_combined,value_matched,order,2350.0,0.9915736943483353,0.9895951256155968,0.9935480400919914,40
spatialTask_combined,value_matched,order,2360.0,0.9913330525159836,0.9892968013882637,0.993324200809002,40
spatialTask_combined,value_matched,order,2370.0,0.9911208346486091,0.9889902204275132,0.9931697502732277,40
spatialTask_combined,value_matched,order,2380.0,0.990932384133339,0.9886811390519142,0.9930906817317009,40
spatialTask_combined,value_matched,order,2390.0,0.9910130798816681,0.9888371825218201,0.9931529358029365,40
spatialTask_combined,value_matched,order,2400.0,0.9909491389989853,0.9887435853481292,0.993125157058239,40
spatialTask_combined,value_matched,order,2410.0,0.9910216525197029,0.9887416914105416,0.9932016864418983,40
spatialTask_combined,value_matched,order,2420.0,0.9909270361065865,0.9885855615139008,0.993130712211132,40
spatialTask_combined,value_matched,order,2430.0,0.9909265890717507,0.9885395154356956,0.9931286305189133,40
spatialTask_combined,value_matched,order,2440.0,0.9907378911972046,0.9881934195756912,0.9930499330163002,40
spatialTask_combined,value_matched,order,2450.0,0.9905213132500649,0.9879144057631493,0.9929629042744637,40
spatialTask_combined,value_matched,order,2460.0,0.9903201520442962,0.987360242009163,0.9929267078638077,40
spatialTask_combined,value_matched,order,2470.0,0.9900918543338776,0.9870697215199471,0.992762379348278,40
spatialTask_combined,value_matched,order,2480.0,0.9899873077869416,0.9867705523967742,0.9928483411669731,40
spatialTask_combined,value_matched,order,2490.0,0.9900674909353256,0.9869075194001198,0.9929493650794029,40
spatialTask_combined,value_matched,order,2500.0,0.990055400133133,0.9869596198201179,0.9928913757205009,40
spatialTask_combined,value_matched,order,2510.0,0.9900698319077492,0.9869759470224381,0.9928716257214546,40
spatialTask_combined,value_matched,order,2520.0,0.9900382533669472,0.9870034664869308,0.9928173959255219,40
spatialTask_combined,value_matched,order,2530.0,0.9899861201643944,0.9869091838598252,0.9927139759063721,40
spatialTask_combined,value_matched,order,2540.0,0.9900260239839553,0.9871476918458939,0.9926441356539726,40
spatialTask_combined,value_matched,order,2550.0,0.9898318037390709,0.9868500649929046,0.9925530314445495,40
spatialTask_combined,value_matched,order,2560.0,0.9898589104413986,0.9869413167238236,0.9924621060490608,40
spatialTask_combined,value_matched,order,2570.0,0.9902939617633819,0.9874312892556191,0.9927792772650719,40
spatialTask_combined,value_matched,order,2580.0,0.9898430660367012,0.9868345081806182,0.9926297292113304,40
spatialTask_combined,value_matched,order,2590.0,0.9896786957979202,0.9866286963224411,0.9924611136317253,40
spatialTask_combined,value_matched,order,2600.0,0.9895115405321121,0.9862080127000808,0.9924156978726387,40
spatialTask_combined,value_matched,order,2610.0,0.9896803244948387,0.9864771142601967,0.9923822045326233,40
spatialTask_combined,value_matched,order,2620.0,0.9894595950841903,0.9863693103194237,0.9922259375452995,40
spatialTask_combined,value_matched,order,2630.0,0.9890037983655929,0.9859072446823121,0.9917541489005088,40
spatialTask_combined,value_matched,order,2640.0,0.9888375729322434,0.985803771018982,0.991616639494896,40
spatialTask_combined,value_matched,order,2650.0,0.9885862231254577,0.985439220070839,0.991386453807354,40
spatialTask_combined,value_matched,order,2660.0,0.9882140070199966,0.9848981350660324,0.9911139205098152,40
spatialTask_combined,value_matched,order,2670.0,0.9879350170493126,0.984662838280201,0.9908864229917527,40
spatialTask_combined,value_matched,order,2680.0,0.9877046525478363,0.984544375538826,0.9907402902841568,40
spatialTask_combined,value_matched,order,2690.0,0.9868782058358192,0.9834590315818786,0.9903253853321076,40
spatialTask_combined,value_matched,order,2700.0,0.9864830389618874,0.9828679606318473,0.9900347664952278,40
spatialTask_combined,value_matched,order,2710.0,0.9857753157615662,0.9815858513116836,0.9898767009377479,40
spatialTask_combined,value_matched,order,2720.0,0.9850835159420968,0.9805539697408676,0.989405770599842,40
spatialTask_combined,value_matched,order,2730.0,0.9843295574188232,0.9795337960124015,0.9888600379228591,40
spatialTask_combined,value_matched,order,2740.0,0.9835680454969407,0.9785157561302185,0.9883659482002258,40
spatialTask_combined,value_matched,order,2750.0,0.9828602820634842,0.9775050818920136,0.9878805816173554,40
spatialTask_combined,value_matched,order,2760.0,0.9825373575091362,0.9773761287331582,0.9874688908457756,40
spatialTask_combined,value_matched,order,2770.0,0.9818483904004097,0.9765743136405944,0.9868338033556938,40
spatialTask_combined,value_matched,order,2780.0,0.9813381522893906,0.9760528579354286,0.9862909957766532,40
spatialTask_combined,value_matched,order,2790.0,0.9814507231116295,0.976479397714138,0.9862478733062744,40
spatialTask_combined,value_matched,order,2800.0,0.9811443477869034,0.9762658908963203,0.9856376275420189,40
spatialTask_combined,value_matched,order,2810.0,0.980660030245781,0.9758799463510514,0.9851364135742188,40
spatialTask_combined,value_matched,order,2820.0,0.9802374884486198,0.9753365203738212,0.984746952354908,40
spatialTask_combined,value_matched,order,2830.0,0.9792755305767059,0.9742830082774162,0.9838941112160683,40
spatialTask_combined,value_matched,order,2840.0,0.9784927621483803,0.9733400046825409,0.9831245377659797,40
spatialTask_combined,value_matched,order,2850.0,0.977524071931839,0.9721604496240616,0.9824572816491127,40
spatialTask_combined,value_matched,order,2860.0,0.9771482601761818,0.9716893792152405,0.9822350695729256,40
spatialTask_combined,value_matched,order,2870.0,0.9768161594867706,0.9709864899516105,0.981979364156723,40
spatialTask_combined,value_matched,order,2880.0,0.97619588971138,0.9701200500130653,0.9814659863710403,40
spatialTask_combined,value_matched,order,2890.0,0.9759507894515991,0.9701003491878509,0.981192784011364,40
spatialTask_combined,value_matched,order,2900.0,0.9752184838056565,0.9692371055483818,0.9806038171052933,40
spatialTask_combined,value_matched,order,2910.0,0.9740563288331032,0.9675365403294564,0.9796449348330498,40
spatialTask_combined,value_matched,order,2920.0,0.972670815885067,0.9657075107097626,0.9788201317191124,40
spatialTask_combined,value_matched,order,2930.0,0.9715252369642258,0.9642015248537064,0.9779984936118126,40
spatialTask_combined,value_matched,order,2940.0,0.9694875627756119,0.9610876515507698,0.9765077874064445,40
spatialTask_combined,value_matched,order,2950.0,0.9688564226031303,0.9602683514356614,0.9761271342635155,40
spatialTask_combined,value_matched,order,2960.0,0.9676084771752358,0.9586348041892052,0.9752418622374535,40
spatialTask_combined,value_matched,order,2970.0,0.9669703438878059,0.9578911989927292,0.9747311607003212,40
spatialTask_combined,value_matched,order,2980.0,0.9656204745173455,0.9563676714897156,0.9736354514956475,40
spatialTask_combined,value_matched,order,2990.0,0.9642133831977844,0.9545494332909584,0.9727076619863511,40
spatialTask_combined,value_matched,order,3000.0,0.9626420617103577,0.9525107830762863,0.9712217077612877,40
spatialTask_combined,value_matched,order,3010.0,0.9600614786148072,0.9491954252123833,0.9697467505931854,40
spatialTask_combined,value_matched,order,3020.0,0.9594131916761398,0.948996153473854,0.9687250688672066,40
spatialTask_combined,value_matched,order,3030.0,0.9586407959461212,0.9485126838088036,0.9678167894482612,40
spatialTask_combined,value_matched,order,3040.0,0.9575611650943756,0.9475579276680947,0.9666946396231652,40
spatialTask_combined,value_matched,order,3050.0,0.956388695538044,0.9462142959237099,0.965895788371563,40
spatialTask_combined,value_matched,order,3060.0,0.9544578820466996,0.9437190890312195,0.9643657878041267,40
spatialTask_combined,value_matched,order,3070.0,0.9528520941734314,0.9418151438236236,0.9631564855575562,40
spatialTask_combined,value_matched,order,3080.0,0.9517010256648064,0.9389468163251877,0.9624971136450767,40
spatialTask_combined,value_matched,order,3090.0,0.9512079194188118,0.9385816380381584,0.9619774058461189,40
spatialTask_combined,value_matched,order,3100.0,0.9492190554738045,0.9366819307208061,0.9603896826505661,40
spatialTask_combined,value_matched,order,3110.0,0.9479803279042244,0.9356583416461944,0.9593053370714187,40
spatialTask_combined,value_matched,order,3120.0,0.947656761109829,0.9349953278899192,0.9591654509305954,40
spatialTask_combined,value_matched,order,3130.0,0.9475997641682625,0.9354121297597885,0.9589017748832702,40
spatialTask_combined,value_matched,order,3140.0,0.9466263711452484,0.933987733721733,0.9582946360111236,40
spatialTask_combined,value_matched,order,3150.0,0.9455390587449074,0.9320113971829415,0.9575103282928467,40
spatialTask_combined,value_matched,order,3160.0,0.9439903005957604,0.9301776722073555,0.9563231751322746,40
spatialTask_combined,value_matched,order,3170.0,0.9418185710906982,0.9279590591788291,0.9544814124703407,40
spatialTask_combined,value_matched,order,3180.0,0.9401800140738488,0.9256882831454277,0.9530793219804764,40
spatialTask_combined,value_matched,order,3190.0,0.9387753888964653,0.9240972504019738,0.9519572973251342,40
spatialTask_seperated,standard,side,0.0,0.5011543832719326,0.497768959403038,0.5046928718686103,40
spatialTask_seperated,standard,side,10.0,0.5009425573050976,0.49816187620162966,0.5038661524653435,40
spatialTask_seperated,standard,side,20.0,0.4997836112976074,0.49670582115650175,0.5030884474515915,40
spatialTask_seperated,standard,side,30.0,0.500163621455431,0.4971686229109764,0.503433495759964,40
spatialTask_seperated,standard,side,40.0,0.5012112356722355,0.49813157841563227,0.5048161879181862,40
spatialTask_seperated,standard,side,50.0,0.5019231729209424,0.4983680844306946,0.5056346535682679,40
spatialTask_seperated,standard,side,60.0,0.5025765128433705,0.4990174174308777,0.5069876417517662,40
spatialTask_seperated,standard,side,70.0,0.5030239693820476,0.4996531680226326,0.5072728723287583,40
spatialTask_seperated,standard,side,80.0,0.5022536180913448,0.4986151948571205,0.5062761023640633,40
spatialTask_seperated,standard,side,90.0,0.5029579982161522,0.4990981243550777,0.5072912484407425,40
spatialTask_seperated,standard,side,100.0,0.5023945838212966,0.4983846880495548,0.506788294017315,40
spatialTask_seperated,standard,side,110.0,0.5007298268377781,0.4967816509306431,0.5053392052650452,40
spatialTask_seperated,standard,side,120.0,0.4987121529877186,0.49468595907092094,0.503420339524746,40
spatialTask_seperated,standard,side,130.0,0.5002029910683632,0.4962466672062874,0.5043692514300346,40
spatialTask_seperated,standard,side,140.0,0.5019430093467235,0.49778145030140875,0.5063434973359108,40
spatialTask_seperated,standard,side,150.0,0.5000255085527897,0.49668396860361097,0.503812013566494,40
spatialTask_seperated,standard,side,160.0,0.4998521603643894,0.4955852352082729,0.5043870806694031,40
spatialTask_seperated,standard,side,170.0,0.4997885785996914,0.4955239832401276,0.5043887093663215,40
spatialTask_seperated,standard,side,180.0,0.5009855702519417,0.4967565394937992,0.5055812135338783,40
spatialTask_seperated,standard,side,190.0,0.49977947473526,0.4961202472448349,0.5038690477609634,40
spatialTask_seperated,standard,side,200.0,0.49977187141776086,0.4955167718231678,0.5041301235556602,40
spatialTask_seperated,standard,side,210.0,0.5009072586894036,0.4972236156463623,0.5048462003469467,40
spatialTask_seperated,standard,side,220.0,0.5012661777436733,0.4972004652023315,0.5054034113883972,40
spatialTask_seperated,standard,side,230.0,0.5008094355463981,0.4962621033191681,0.505010549724102,40
spatialTask_seperated,standard,side,240.0,0.5020931407809257,0.4981312952935696,0.5059465289115905,40
spatialTask_seperated,standard,side,250.0,0.5015702567994594,0.49734075367450714,0.5053516328334808,40
spatialTask_seperated,standard,side,260.0,0.5025018714368343,0.4980550207197666,0.5067537799477577,40
spatialTask_seperated,standard,side,270.0,0.5007341489195823,0.4968971312046051,0.5046074897050857,40
spatialTask_seperated,standard,side,280.0,0.5004509672522545,0.4970108836889267,0.5042868182063103,40
spatialTask_seperated,standard,side,290.0,0.5017738327383995,0.4982039548456669,0.505526228249073,40
spatialTask_seperated,standard,side,300.0,0.4997491240501404,0.49572310149669646,0.5041748255491256,40
spatialTask_seperated,standard,side,310.0,0.5001748114824295,0.4964861012995243,0.5037475064396858,40
spatialTask_seperated,standard,side,320.0,0.49926473423838613,0.49584384486079214,0.5029044836759567,40
spatialTask_seperated,standard,side,330.0,0.5006283305585384,0.4972685895860195,0.5042431429028511,40
spatialTask_seperated,standard,side,340.0,0.5009819768369198,0.49679501056671144,0.505481880903244,40
spatialTask_seperated,standard,side,350.0,0.5016448140144348,0.4977009125053883,0.5059595555067062,40
spatialTask_seperated,standard,side,360.0,0.5006946757435798,0.4965935401618481,0.5047430142760276,40
spatialTask_seperated,standard,side,370.0,0.50013068318367,0.4966665878891945,0.5040176704525947,40
spatialTask_seperated,standard,side,380.0,0.49944678619503974,0.4956967726349831,0.503172256052494,40
spatialTask_seperated,standard,side,390.0,0.49779195711016655,0.49406171664595605,0.5019048988819123,40
spatialTask_seperated,standard,side,400.0,0.4991094507277012,0.49531013444066047,0.5031225845217705,40
spatialTask_seperated,standard,side,410.0,0.4985680766403675,0.49448981434106826,0.5025976374745369,40
spatialTask_seperated,standard,side,420.0,0.4976102702319622,0.4935245528817177,0.5017222002148628,40
spatialTask_seperated,standard,side,430.0,0.4993093475699425,0.4950487896800041,0.5035166352987289,40
spatialTask_seperated,standard,side,440.0,0.4996162191033363,0.49614124149084093,0.5031373739242554,40
spatialTask_seperated,standard,side,450.0,0.49859327748417853,0.4951170302927494,0.5020782396197319,40
spatialTask_seperated,standard,side,460.0,0.49870141595602036,0.4948547579348087,0.5025257050991059,40
spatialTask_seperated,standard,side,470.0,0.4979159854352474,0.49434248432517053,0.5015043914318085,40
spatialTask_seperated,standard,side,480.0,0.49948024153709414,0.4961636111140251,0.5030050203204155,40
spatialTask_seperated,standard,side,490.0,0.4998604252934456,0.4960231311619282,0.5037293389439583,40
spatialTask_seperated,standard,side,500.0,0.5130571492016316,0.506490920484066,0.5199208110570908,40
spatialTask_seperated,standard,side,510.0,0.674313124269247,0.6507478952407837,0.6966043680906295,40
spatialTask_seperated,standard,side,520.0,0.706213754415512,0.6879405677318573,0.7224871680140496,40
spatialTask_seperated,standard,side,530.0,0.7227845206856728,0.7102613806724548,0.7336527645587921,40
spatialTask_seperated,standard,side,540.0,0.7270848080515862,0.7157047271728516,0.7375316247344017,40
spatialTask_seperated,standard,side,550.0,0.7274906143546105,0.716718502342701,0.737615528702736,40
spatialTask_seperated,standard,side,560.0,0.7291667550802231,0.7205241218209266,0.7383322060108185,40
spatialTask_seperated,standard,side,570.0,0.7296978980302811,0.7214609459042549,0.7381649747490883,40
spatialTask_seperated,standard,side,580.0,0.7300952702760697,0.7217752009630203,0.7384447604417801,40
spatialTask_seperated,standard,side,590.0,0.7303601518273354,0.721718043088913,0.7390770703554154,40
spatialTask_seperated,standard,side,600.0,0.7305133044719696,0.7220123112201691,0.738859885931015,40
spatialTask_seperated,standard,side,610.0,0.7298371151089669,0.7212799414992332,0.7387163117527962,40
spatialTask_seperated,standard,side,620.0,0.7294396534562111,0.7204106241464615,0.7381907925009727,40
spatialTask_seperated,standard,side,630.0,0.7296958059072495,0.7207525849342347,0.7384727239608765,40
spatialTask_seperated,standard,side,640.0,0.7296420499682427,0.720787125825882,0.7383689373731613,40
spatialTask_seperated,standard,side,650.0,0.7294229194521904,0.7207560062408447,0.738102613389492,40
spatialTask_seperated,standard,side,660.0,0.7296547010540962,0.72130126953125,0.7381732001900673,40
spatialTask_seperated,standard,side,670.0,0.7300238057971,0.7214279502630234,0.7387683615088463,40
spatialTask_seperated,standard,side,680.0,0.7291293859481811,0.7205951049923897,0.7377963051199913,40
spatialTask_seperated,standard,side,690.0,0.7291766256093979,0.7210134148597718,0.737635861337185,40
spatialTask_seperated,standard,side,700.0,0.7292427301406861,0.7209119573235512,0.7375144451856613,40
spatialTask_seperated,standard,side,710.0,0.7295376881957054,0.7211900517344475,0.7380266189575195,40
spatialTask_seperated,standard,side,720.0,0.7291068151593209,0.720527496933937,0.7379469573497772,40
spatialTask_seperated,standard,side,730.0,0.7289522275328636,0.7205654710531235,0.7373534917831421,40
spatialTask_seperated,standard,side,740.0,0.7285978376865387,0.7201229438185692,0.7368754997849465,40
spatialTask_seperated,standard,side,750.0,0.7291917651891708,0.7204524397850036,0.7377584412693977,40
spatialTask_seperated,standard,side,760.0,0.727522574365139,0.7191622480750084,0.7359746113419533,40
spatialTask_seperated,standard,side,770.0,0.727865056693554,0.7192850559949875,0.73642707914114,40
spatialTask_seperated,standard,side,780.0,0.7272613942623138,0.7185248225927353,0.7357876345515251,40
spatialTask_seperated,standard,side,790.0,0.727632150053978,0.718910562992096,0.7365205079317093,40
spatialTask_seperated,standard,side,800.0,0.7279880911111831,0.7189898639917374,0.7368303760886192,40
spatialTask_seperated,standard,side,810.0,0.7276149407029152,0.7188453853130341,0.7363066166639328,40
spatialTask_seperated,standard,side,820.0,0.72781270891428,0.7189932525157928,0.7365122064948082,40
spatialTask_seperated,standard,side,830.0,0.7274254813790322,0.7185246333479881,0.736518670618534,40
spatialTask_seperated,standard,side,840.0,0.7273607060313225,0.7182824030518532,0.7364808022975922,40
spatialTask_seperated,standard,side,850.0,0.7276037067174912,0.7192052111029625,0.7364650905132294,40
spatialTask_seperated,standard,side,860.0,0.7279171660542488,0.7194670051336288,0.7367257058620453,40
spatialTask_seperated,standard,side,870.0,0.7277866482734681,0.719297930598259,0.7365870609879493,40
spatialTask_seperated,standard,side,880.0,0.7276426538825035,0.7191900223493576,0.73616161942482,40
spatialTask_seperated,standard,side,890.0,0.7274625942111015,0.7191205441951751,0.7355930343270302,40
spatialTask_seperated,standard,side,900.0,0.7273586541414261,0.7190827205777168,0.73591068983078,40
spatialTask_seperated,standard,side,910.0,0.7272379994392395,0.7189044073224068,0.7358227476477623,40
spatialTask_seperated,standard,side,920.0,0.7273247569799424,0.7188768789172173,0.7359248414635658,40
spatialTask_seperated,standard,side,930.0,0.7275645285844803,0.7193609729409218,0.735782477259636,40
spatialTask_seperated,standard,side,940.0,0.7269692569971085,0.7184279382228851,0.735364231467247,40
spatialTask_seperated,standard,side,950.0,0.7272658318281173,0.7190151989459992,0.7355063661932946,40
spatialTask_seperated,standard,side,960.0,0.7271218195557594,0.7190054759383202,0.7354054033756257,40
spatialTask_seperated,standard,side,970.0,0.7283901989459991,0.7201439633965492,0.736999087035656,40
spatialTask_seperated,standard,side,980.0,0.7280213564634324,0.7201600387692452,0.7362240344285965,40
spatialTask_seperated,standard,side,990.0,0.727679094672203,0.719433867931366,0.7359738335013389,40
spatialTask_seperated,standard,side,1000.0,0.7275288254022598,0.7193440482020378,0.7358367413282394,40
spatialTask_seperated,standard,side,1010.0,0.727560070157051,0.7190976604819298,0.7361278817057609,40
spatialTask_seperated,standard,side,1020.0,0.7272581130266189,0.7186347037553787,0.7358543202280998,40
spatialTask_seperated,standard,side,1030.0,0.7277211338281632,0.7191934421658516,0.7363773256540298,40
spatialTask_seperated,standard,side,1040.0,0.7277027562260627,0.7193796679377555,0.7362981826066971,40
spatialTask_seperated,standard,side,1050.0,0.7278873786330223,0.7194027185440064,0.736845251917839,40
spatialTask_seperated,standard,side,1060.0,0.7279255777597428,0.7196912661194801,0.7366819486021996,40
spatialTask_seperated,standard,side,1070.0,0.7275362744927406,0.7195670112967492,0.7356823682785034,40
spatialTask_seperated,standard,side,1080.0,0.727577055990696,0.7191689476370812,0.7361188471317291,40
spatialTask_seperated,standard,side,1090.0,0.7283569782972336,0.7199856117367744,0.7367778107523918,40
spatialTask_seperated,standard,side,1100.0,0.7281077310442925,0.7195828765630722,0.7368808463215828,40
spatialTask_seperated,standard,side,1110.0,0.7276449263095855,0.7191185548901557,0.7361317574977875,40
spatialTask_seperated,standard,side,1120.0,0.7280299514532089,0.7193267464637756,0.7369128465652466,40
spatialTask_seperated,standard,side,1130.0,0.7279594659805297,0.7194168552756309,0.7364923939108848,40
spatialTask_seperated,standard,side,1140.0,0.7278534516692161,0.719585531949997,0.7364152520895004,40
spatialTask_seperated,standard,side,1150.0,0.7276241898536682,0.7191397607326507,0.7363364234566688,40
spatialTask_seperated,standard,side,1160.0,0.7271367728710174,0.7187793493270874,0.7357522442936897,40
spatialTask_seperated,standard,side,1170.0,0.7276038229465485,0.7194378048181533,0.7359769493341446,40
spatialTask_seperated,standard,side,1180.0,0.7279894262552261,0.7194850489497184,0.7362094461917877,40
spatialTask_seperated,standard,side,1190.0,0.7273265793919563,0.7188795655965805,0.7358093380928039,40
spatialTask_seperated,standard,side,1200.0,0.7283770084381104,0.7203608080744743,0.7367497518658638,40
spatialTask_seperated,standard,side,1210.0,0.7278183475136757,0.7195852905511856,0.7362672105431557,40
spatialTask_seperated,standard,side,1220.0,0.7281165003776551,0.7199573770165444,0.7363480374217033,40
spatialTask_seperated,standard,side,1230.0,0.7281809523701668,0.7198844015598297,0.7367456957697869,40
spatialTask_seperated,standard,side,1240.0,0.728322222828865,0.7200142592191696,0.7369108200073242,40
spatialTask_seperated,standard,side,1250.0,0.7281968668103218,0.71961829662323,0.7369723275303841,40
spatialTask_seperated,standard,side,1260.0,0.7279432356357575,0.7196579948067665,0.7364388391375541,40
spatialTask_seperated,standard,side,1270.0,0.7282181069254875,0.7199027225375175,0.7367716714739799,40
spatialTask_seperated,standard,side,1280.0,0.728108349442482,0.71955154389143,0.7365900710225105,40
spatialTask_seperated,standard,side,1290.0,0.7283575057983398,0.72026886343956,0.736811788380146,40
spatialTask_seperated,standard,side,1300.0,0.7284463867545128,0.7199859544634819,0.7369746789336205,40
spatialTask_seperated,standard,side,1310.0,0.7285823613405228,0.7201009199023247,0.7371176153421402,40
spatialTask_seperated,standard,side,1320.0,0.7286613166332245,0.7201320990920067,0.7372746229171753,40
spatialTask_seperated,standard,side,1330.0,0.7278403326869011,0.7196924671530723,0.7360595673322677,40
spatialTask_seperated,standard,side,1340.0,0.72815320789814,0.7198729395866394,0.7365139722824097,40
spatialTask_seperated,standard,side,1350.0,0.7285518795251846,0.7198717370629311,0.7368995830416679,40
spatialTask_seperated,standard,side,1360.0,0.7288720086216927,0.7206493616104126,0.7372311189770698,40
spatialTask_seperated,standard,side,1370.0,0.7290307700634002,0.7206085354089737,0.7376258492469787,40
spatialTask_seperated,standard,side,1380.0,0.7286325961351394,0.7203207418322564,0.7369787991046906,40
spatialTask_seperated,standard,side,1390.0,0.7292230546474456,0.721112422645092,0.7373253211379052,40
spatialTask_seperated,standard,side,1400.0,0.7289683178067208,0.7209251433610916,0.7370959654450416,40
spatialTask_seperated,standard,side,1410.0,0.7287731528282165,0.720467035472393,0.737222246825695,40
spatialTask_seperated,standard,side,1420.0,0.7281033739447593,0.7199170246720314,0.736211197078228,40
spatialTask_seperated,standard,side,1430.0,0.728074063360691,0.7198796808719635,0.736183999478817,40
spatialTask_seperated,standard,side,1440.0,0.7278312981128693,0.7195221468806267,0.736320348083973,40
spatialTask_seperated,standard,side,1450.0,0.7277305543422699,0.7190308704972267,0.7360052183270455,40
spatialTask_seperated,standard,side,1460.0,0.7276676267385482,0.7189120918512344,0.7362054765224457,40
spatialTask_seperated,standard,side,1470.0,0.7290240198373794,0.7207247868180275,0.7372448399662972,40
spatialTask_seperated,standard,side,1480.0,0.7274024248123169,0.7190430134534835,0.7356435135006905,40
spatialTask_seperated,standard,side,1490.0,0.7280706644058228,0.719853886961937,0.736292839050293,40
spatialTask_seperated,standard,side,1500.0,0.7311257258057594,0.7224820032715797,0.739803820848465,40
spatialTask_seperated,standard,side,1510.0,0.827612717449665,0.8063369259238243,0.8492092981934547,40
spatialTask_seperated,standard,side,1520.0,0.8754973649978638,0.8534013763070106,0.8972785204648972,40
spatialTask_seperated,standard,side,1530.0,0.8955908983945846,0.8741290107369423,0.9150474652647972,40
spatialTask_seperated,standard,side,1540.0,0.9111550316214562,0.8927467674016952,0.9274722129106522,40
spatialTask_seperated,standard,side,1550.0,0.9218386977910995,0.9064806789159775,0.9344628795981407,40
spatialTask_seperated,standard,side,1560.0,0.9301090478897095,0.9164567068219185,0.941847413778305,40
spatialTask_seperated,standard,side,1570.0,0.9352466836571693,0.9226823672652245,0.9459112405776977,40
spatialTask_seperated,standard,side,1580.0,0.9391325816512108,0.9275401592254638,0.9487781137228012,40
spatialTask_seperated,standard,side,1590.0,0.9420810118317604,0.9311253368854523,0.9513583794236183,40
spatialTask_seperated,standard,side,1600.0,0.9450982749462128,0.9348262906074524,0.9542242795228958,40
spatialTask_seperated,standard,side,1610.0,0.9480793848633766,0.9380660429596901,0.9572481542825699,40
spatialTask_seperated,standard,side,1620.0,0.9503599897027015,0.9405299097299575,0.959253317117691,40
spatialTask_seperated,standard,side,1630.0,0.9515478357672691,0.9415524616837502,0.9600965648889541,40
spatialTask_seperated,standard,side,1640.0,0.9547355011105537,0.9456673786044121,0.9622840136289597,40
spatialTask_seperated,standard,side,1650.0,0.9574589759111405,0.9489013701677322,0.9645289540290832,40
spatialTask_seperated,standard,side,1660.0,0.9583403334021569,0.9490816697478295,0.9654163509607315,40
spatialTask_seperated,standard,side,1670.0,0.9603199571371078,0.9504625275731087,0.9678403005003929,40
spatialTask_seperated,standard,side,1680.0,0.9622691899538041,0.9522411957383156,0.96981992572546,40
spatialTask_seperated,standard,side,1690.0,0.9640208750963211,0.9539712876081466,0.9713710054755211,40
spatialTask_seperated,standard,side,1700.0,0.9664434805512429,0.9573916554450989,0.9730259895324707,40
spatialTask_seperated,standard,side,1710.0,0.9684319615364074,0.9610810041427612,0.9738616332411766,40
spatialTask_seperated,standard,side,1720.0,0.9697869569063187,0.9641783848404885,0.9744230374693871,40
spatialTask_seperated,standard,side,1730.0,0.970494045317173,0.9646222054958343,0.9749719724059105,40
spatialTask_seperated,standard,side,1740.0,0.9711233869194984,0.9653152108192444,0.9756211996078491,40
spatialTask_seperated,standard,side,1750.0,0.9723318934440612,0.9664776176214218,0.97677391320467,40
spatialTask_seperated,standard,side,1760.0,0.9740644782781601,0.9692991554737092,0.9780293002724647,40
spatialTask_seperated,standard,side,1770.0,0.9746436297893524,0.9705298319458961,0.9783272221684456,40
spatialTask_seperated,standard,side,1780.0,0.9757561072707176,0.9721300423145294,0.9790385767817498,40
spatialTask_seperated,standard,side,1790.0,0.9767650693655014,0.9739080935716629,0.9795803591609001,40
spatialTask_seperated,standard,side,1800.0,0.976840791106224,0.9741718336939812,0.9794407993555069,40
spatialTask_seperated,standard,side,1810.0,0.9772793471813201,0.9749415710568428,0.9796618580818176,40
spatialTask_seperated,standard,side,1820.0,0.9784014776349068,0.9761911138892174,0.980686916410923,40
spatialTask_seperated,standard,side,1830.0,0.9793307602405548,0.9772572100162507,0.9815080165863037,40
spatialTask_seperated,standard,side,1840.0,0.9805293619632721,0.9786178186535835,0.9826559290289879,40
spatialTask_seperated,standard,side,1850.0,0.9813241064548492,0.9794878393411637,0.9833458796143532,40
spatialTask_seperated,standard,side,1860.0,0.9822988614439965,0.9804472461342811,0.9844230964779854,40
spatialTask_seperated,standard,side,1870.0,0.9835498616099357,0.9816233322024346,0.9856163546442985,40
spatialTask_seperated,standard,side,1880.0,0.9845632418990136,0.9827511832118034,0.9864953368902206,40
spatialTask_seperated,standard,side,1890.0,0.9851537987589836,0.9834578216075898,0.9868878126144409,40
spatialTask_seperated,standard,side,1900.0,0.9856344416737557,0.9838184759020805,0.9873650461435318,40
spatialTask_seperated,standard,side,1910.0,0.9861487209796905,0.9842358127236366,0.9879860818386078,40
spatialTask_seperated,standard,side,1920.0,0.9856819674372673,0.9838497743010521,0.9875531971454621,40
spatialTask_seperated,standard,side,1930.0,0.9854871228337287,0.9836698442697525,0.987364262342453,40
spatialTask_seperated,standard,side,1940.0,0.9860103607177735,0.9841251775622368,0.9878105252981186,40
spatialTask_seperated,standard,side,1950.0,0.9860633864998818,0.9841932907700539,0.9879008486866951,40
spatialTask_seperated,standard,side,1960.0,0.9858880445361138,0.9839545533061027,0.9878454327583313,40
spatialTask_seperated,standard,side,1970.0,0.9857812836766243,0.9837789431214332,0.9877006426453591,40
spatialTask_seperated,standard,side,1980.0,0.9858062371611596,0.9838228732347488,0.9877195164561272,40
spatialTask_seperated,standard,side,1990.0,0.9862700954079628,0.9842797145247459,0.9882140666246414,40
spatialTask_seperated,standard,side,2000.0,0.9863491386175156,0.9843483462929725,0.988366961479187,40
spatialTask_seperated,standard,side,2010.0,0.9864954352378845,0.9842251017689705,0.9888049572706222,40
spatialTask_seperated,standard,side,2020.0,0.9868581667542458,0.984578688442707,0.9891819804906845,40
spatialTask_seperated,standard,side,2030.0,0.9870474815368653,0.9847357362508774,0.9893791005015373,40
spatialTask_seperated,standard,side,2040.0,0.987247322499752,0.9849194794893265,0.9895604178309441,40
spatialTask_seperated,standard,side,2050.0,0.9874390482902526,0.985114973783493,0.9898133397102356,40
spatialTask_seperated,standard,side,2060.0,0.9876007184386253,0.9851400896906852,0.9900817468762397,40
spatialTask_seperated,standard,side,2070.0,0.9873869329690933,0.9848615869879722,0.9899472087621689,40
spatialTask_seperated,standard,side,2080.0,0.987389075756073,0.9849835187196732,0.9898502737283706,40
spatialTask_seperated,standard,side,2090.0,0.9870285972952842,0.9846822991967201,0.9894195675849915,40
spatialTask_seperated,standard,side,2100.0,0.9868584379553795,0.9844831332564354,0.9892203137278557,40
spatialTask_seperated,standard,side,2110.0,0.9869255796074867,0.9846670821309089,0.9891992926597595,40
spatialTask_seperated,standard,side,2120.0,0.9868505448102951,0.9846093758940697,0.9890684455633163,40
spatialTask_seperated,standard,side,2130.0,0.9870303481817245,0.9847565069794655,0.9892290666699409,40
spatialTask_seperated,standard,side,2140.0,0.9872341528534889,0.9849148511886596,0.9894330218434334,40
spatialTask_seperated,standard,side,2150.0,0.9875403225421906,0.9851758256554604,0.9898493260145187,40
spatialTask_seperated,standard,side,2160.0,0.9875576004385949,0.9851942524313927,0.9898748144507408,40
spatialTask_seperated,standard,side,2170.0,0.9876329630613327,0.9851929768919945,0.9898945182561875,40
spatialTask_seperated,standard,side,2180.0,0.9876209005713463,0.9850691571831703,0.9899218156933784,40
spatialTask_seperated,standard,side,2190.0,0.9876990288496017,0.9852417722344399,0.9899527996778488,40
spatialTask_seperated,standard,side,2200.0,0.987426121532917,0.9850486606359482,0.9896391049027443,40
spatialTask_seperated,standard,side,2210.0,0.987239946424961,0.9847023874521256,0.989539623260498,40
spatialTask_seperated,standard,side,2220.0,0.9872631624341011,0.9847930684685707,0.9896168112754822,40
spatialTask_seperated,standard,side,2230.0,0.9874157845973969,0.9849088609218597,0.9897443726658821,40
spatialTask_seperated,standard,side,2240.0,0.9877760380506515,0.9853501811623573,0.990034481883049,40
spatialTask_seperated,standard,side,2250.0,0.9882649421691895,0.9858711749315262,0.9906275510787964,40
spatialTask_seperated,standard,side,2260.0,0.9884442791342736,0.9860403686761856,0.9908168241381645,40
spatialTask_seperated,standard,side,2270.0,0.9887765869498253,0.986384853720665,0.9911116763949395,40
spatialTask_seperated,standard,side,2280.0,0.9890413150191307,0.9866664126515389,0.9912998095154762,40
spatialTask_seperated,standard,side,2290.0,0.9894197285175323,0.9870819583535194,0.9916317358613014,40
spatialTask_seperated,standard,side,2300.0,0.9894345849752426,0.9870968207716941,0.9917488932609558,40
spatialTask_seperated,standard,side,2310.0,0.9893320128321648,0.9868030726909638,0.9917480796575546,40
spatialTask_seperated,standard,side,2320.0,0.9892630949616432,0.9866804257035255,0.9916874095797539,40
spatialTask_seperated,standard,side,2330.0,0.9894504815340042,0.9868296250700951,0.9918337255716324,40
spatialTask_seperated,standard,side,2340.0,0.9895952090620994,0.9868987739086151,0.9920485332608223,40
spatialTask_seperated,standard,side,2350.0,0.9896832942962647,0.9871357053518295,0.9921474918723107,40
spatialTask_seperated,standard,side,2360.0,0.9899649828672409,0.9874910458922386,0.9923578038811683,40
spatialTask_seperated,standard,side,2370.0,0.9899229317903518,0.9875037238001824,0.9923047080636025,40
spatialTask_seperated,standard,side,2380.0,0.9902409240603447,0.987942773103714,0.9925620317459106,40
spatialTask_seperated,standard,side,2390.0,0.9904920384287834,0.9881973594427109,0.9927559450268746,40
spatialTask_seperated,standard,side,2400.0,0.9906234487891197,0.9884387135505677,0.992844182252884,40
spatialTask_seperated,standard,side,2410.0,0.9907008230686187,0.9885973647236824,0.9929540395736695,40
spatialTask_seperated,standard,side,2420.0,0.9909633547067642,0.9888916268944741,0.9930716991424561,40
spatialTask_seperated,standard,side,2430.0,0.9909185603260994,0.9887447789311409,0.9930214032530784,40
spatialTask_seperated,standard,side,2440.0,0.9909116730093956,0.98873902708292,0.9931091353297233,40
spatialTask_seperated,standard,side,2450.0,0.9910864368081093,0.9889516815543175,0.9931379973888397,40
spatialTask_seperated,standard,side,2460.0,0.9911670476198197,0.9890103787183762,0.9932382687926292,40
spatialTask_seperated,standard,side,2470.0,0.9912302285432816,0.989066107571125,0.9934305503964425,40
spatialTask_seperated,standard,side,2480.0,0.9911110088229179,0.9889725685119629,0.9932578936219215,40
spatialTask_seperated,standard,side,2490.0,0.9908675670623779,0.9886032819747925,0.9931193992495537,40
spatialTask_seperated,standard,side,2500.0,0.991003631055355,0.9888736829161644,0.9932285249233246,40
spatialTask_seperated,standard,side,2510.0,0.9914131104946137,0.9892941877245903,0.9935886919498443,40
spatialTask_seperated,standard,side,2520.0,0.9917018964886666,0.9896275207400322,0.9937154337763786,40
spatialTask_seperated,standard,side,2530.0,0.9915546089410782,0.9893664672970772,0.9936447620391846,40
spatialTask_seperated,standard,side,2540.0,0.9916895717382431,0.989629290997982,0.9936327338218689,40
spatialTask_seperated,standard,side,2550.0,0.9919156327843666,0.9899177834391594,0.9937581971287728,40
spatialTask_seperated,standard,side,2560.0,0.9919027134776115,0.9899350360035897,0.9937494903802871,40
spatialTask_seperated,standard,side,2570.0,0.9921236962080002,0.990207627415657,0.9939395561814308,40
spatialTask_seperated,standard,side,2580.0,0.9924045413732528,0.9906362518668175,0.9941456645727158,40
spatialTask_seperated,standard,side,2590.0,0.992627763748169,0.9909332677721977,0.9942756548523903,40
spatialTask_seperated,standard,side,2600.0,0.9928779497742652,0.991250379383564,0.9944254085421562,40
spatialTask_seperated,standard,side,2610.0,0.9929569482803344,0.9913330063223839,0.9944831520318985,40
spatialTask_seperated,standard,side,2620.0,0.9928073957562447,0.9911075845360756,0.9943851605057716,40
spatialTask_seperated,standard,side,2630.0,0.9929017081856728,0.9912427946925163,0.9944592550396919,40
spatialTask_seperated,standard,side,2640.0,0.9929009079933167,0.9910823926329613,0.9944743350148201,40
spatialTask_seperated,standard,side,2650.0,0.992836806178093,0.9911025702953339,0.9943769454956055,40
spatialTask_seperated,standard,side,2660.0,0.9930488303303718,0.9915502652525902,0.9945425003767013,40
spatialTask_seperated,standard,side,2670.0,0.9928946226835251,0.9913226515054703,0.9943096727132797,40
spatialTask_seperated,standard,side,2680.0,0.9928641110658646,0.9912450581789016,0.9943412557244301,40
spatialTask_seperated,standard,side,2690.0,0.992953921854496,0.9914055988192558,0.9943105831742287,40
spatialTask_seperated,standard,side,2700.0,0.9932298108935356,0.9918084725737571,0.9945748239755631,40
spatialTask_seperated,standard,side,2710.0,0.9935881435871124,0.9922819182276725,0.9948555126786232,40
spatialTask_seperated,standard,side,2720.0,0.9937726363539696,0.9925495937466622,0.9950364679098129,40
spatialTask_seperated,standard,side,2730.0,0.9940920889377594,0.9927954420447349,0.9952856719493866,40
spatialTask_seperated,standard,side,2740.0,0.994318138062954,0.9930090606212616,0.995502932369709,40
spatialTask_seperated,standard,side,2750.0,0.9942528113722802,0.9929543301463127,0.9954745039343834,40
spatialTask_seperated,standard,side,2760.0,0.9942165091633797,0.9928336769342423,0.9954379439353943,40
spatialTask_seperated,standard,side,2770.0,0.9942037463188171,0.9927877724170685,0.995590190589428,40
spatialTask_seperated,standard,side,2780.0,0.9942301034927368,0.9928891569375992,0.9956137239933014,40
spatialTask_seperated,standard,side,2790.0,0.9944268658757209,0.9931711569428444,0.9957015037536621,40
spatialTask_seperated,standard,side,2800.0,0.9944842010736465,0.9932823523879051,0.9957193911075592,40
spatialTask_seperated,standard,side,2810.0,0.9946285158395767,0.9934131696820259,0.9959033712744713,40
spatialTask_seperated,standard,side,2820.0,0.994741840660572,0.9935186773538589,0.9959479302167893,40
spatialTask_seperated,standard,side,2830.0,0.9947860479354859,0.9935500144958496,0.9959444776177406,40
spatialTask_seperated,standard,side,2840.0,0.9949508532881737,0.9937534213066102,0.9960418552160263,40
spatialTask_seperated,standard,side,2850.0,0.9951239839196205,0.9938960790634155,0.9962445333600044,40
spatialTask_seperated,standard,side,2860.0,0.9953020066022873,0.9940992817282677,0.9964174866676331,40
spatialTask_seperated,standard,side,2870.0,0.9954423189163208,0.994202122092247,0.9965439721941948,40
spatialTask_seperated,standard,side,2880.0,0.995394404232502,0.9941500902175904,0.9965019837021828,40
spatialTask_seperated,standard,side,2890.0,0.9953638240695,0.9940395444631577,0.9965149819850921,40
spatialTask_seperated,standard,side,2900.0,0.995235675573349,0.9938611283898353,0.9964398205280304,40
spatialTask_seperated,standard,side,2910.0,0.9952412724494935,0.9938373669981957,0.9965552568435669,40
spatialTask_seperated,standard,side,2920.0,0.9952461779117584,0.9938571512699127,0.9965619385242462,40
spatialTask_seperated,standard,side,2930.0,0.9954143837094307,0.9939815372228622,0.9967410445213318,40
spatialTask_seperated,standard,side,2940.0,0.9954691290855407,0.9939977720379829,0.9967838615179062,40
spatialTask_seperated,standard,side,2950.0,0.9954215124249458,0.9938902407884598,0.9967865899205208,40
spatialTask_seperated,standard,side,2960.0,0.9955537840723991,0.9940706580877304,0.996892212331295,40
spatialTask_seperated,standard,side,2970.0,0.995712260901928,0.9942768156528473,0.9970167890191078,40
spatialTask_seperated,standard,side,2980.0,0.9957812026143074,0.9943735361099243,0.9970492333173752,40
spatialTask_seperated,standard,side,2990.0,0.995892022550106,0.9945612370967865,0.9971347421407699,40
spatialTask_seperated,standard,side,3000.0,0.9958981543779373,0.9945682168006897,0.9970779910683631,40
spatialTask_seperated,standard,side,3010.0,0.9958802834153175,0.9946114152669907,0.9970610305666924,40
spatialTask_seperated,standard,side,3020.0,0.9959418147802352,0.9947548851370811,0.9970971509814263,40
spatialTask_seperated,standard,side,3030.0,0.9961862400174141,0.9950314298272133,0.9972555428743363,40
spatialTask_seperated,standard,side,3040.0,0.9963742718100548,0.995305648446083,0.997353732585907,40
spatialTask_seperated,standard,side,3050.0,0.9965044006705284,0.9954221233725548,0.9974123015999794,40
spatialTask_seperated,standard,side,3060.0,0.9965151697397232,0.9953750357031822,0.9974472939968109,40
spatialTask_seperated,standard,side,3070.0,0.9965181350708008,0.9953359097242356,0.9974767595529557,40
spatialTask_seperated,standard,side,3080.0,0.9964846074581146,0.9952999398112297,0.9974770441651344,40
spatialTask_seperated,standard,side,3090.0,0.996455979347229,0.9953117445111275,0.9974088907241822,40
spatialTask_seperated,standard,side,3100.0,0.9965811550617218,0.9954458251595497,0.9975473910570145,40
spatialTask_seperated,standard,side,3110.0,0.9965605095028878,0.9954780042171478,0.997466966509819,40
spatialTask_seperated,standard,side,3120.0,0.9965290307998658,0.995441272854805,0.9974509730935097,40
spatialTask_seperated,standard,side,3130.0,0.9966052412986756,0.9955336734652519,0.9975315034389496,40
spatialTask_seperated,standard,side,3140.0,0.9967372119426727,0.9956100463867188,0.9976564005017281,40
spatialTask_seperated,standard,side,3150.0,0.9967186063528061,0.9955888450145721,0.9976434841752052,40
spatialTask_seperated,standard,side,3160.0,0.9966594114899635,0.9955248668789863,0.9975936338305473,40
spatialTask_seperated,standard,side,3170.0,0.996721662580967,0.9955668300390244,0.9976313129067421,40
spatialTask_seperated,standard,side,3180.0,0.9967018142342567,0.9954665169119835,0.9976759448647499,40
spatialTask_seperated,standard,side,3190.0,0.9966940760612488,0.995507039129734,0.9976858511567116,40
spatialTask_seperated,standard,juice,0.0,0.5007038809359073,0.4977132573723793,0.5036877170205116,40
spatialTask_seperated,standard,juice,10.0,0.5004729874432087,0.4976811334490776,0.5032840058207512,40
spatialTask_seperated,standard,juice,20.0,0.49814715310931207,0.49399531334638597,0.5021330133080483,40
spatialTask_seperated,standard,juice,30.0,0.5003421977162361,0.49699441343545914,0.503550811111927,40
spatialTask_seperated,standard,juice,40.0,0.5005607590079307,0.49666296169161794,0.5043662562966347,40
spatialTask_seperated,standard,juice,50.0,0.5017190158367157,0.49817055836319923,0.5052529633045196,40
spatialTask_seperated,standard,juice,60.0,0.4999847628176212,0.49620495215058325,0.5036606669425965,40
spatialTask_seperated,standard,juice,70.0,0.5013279125094414,0.49768348410725594,0.5047369480133057,40
spatialTask_seperated,standard,juice,80.0,0.5004985079169273,0.4968169778585434,0.5041301190853119,40
spatialTask_seperated,standard,juice,90.0,0.5015700697898865,0.4977971978485584,0.504985049366951,40
spatialTask_seperated,standard,juice,100.0,0.500360245257616,0.49674617648124697,0.5038223981857299,40
spatialTask_seperated,standard,juice,110.0,0.49879792481660845,0.4949009336531162,0.5024770781397819,40
spatialTask_seperated,standard,juice,120.0,0.497748114913702,0.49351413995027543,0.501501651108265,40
spatialTask_seperated,standard,juice,130.0,0.5015567675232887,0.4980282738804817,0.5052218496799469,40
spatialTask_seperated,standard,juice,140.0,0.501123933494091,0.497589947283268,0.5044802859425545,40
spatialTask_seperated,standard,juice,150.0,0.500889851897955,0.496947655081749,0.5049438372254371,40
spatialTask_seperated,standard,juice,160.0,0.49835923239588736,0.49445984661579134,0.5021650075912476,40
spatialTask_seperated,standard,juice,170.0,0.49974699020385743,0.49549746587872506,0.5035933166742325,40
spatialTask_seperated,standard,juice,180.0,0.4988877229392529,0.49531490430235864,0.5023775160312652,40
spatialTask_seperated,standard,juice,190.0,0.49952791854739187,0.49546061381697654,0.5037376344203949,40
spatialTask_seperated,standard,juice,200.0,0.49857706800103185,0.4950580157339573,0.5020926028490067,40
spatialTask_seperated,standard,juice,210.0,0.5005122624337673,0.49674656689167024,0.5040089949965477,40
spatialTask_seperated,standard,juice,220.0,0.500649294257164,0.4971320182085037,0.5042277410626411,40
spatialTask_seperated,standard,juice,230.0,0.4994048111140728,0.4957502692937851,0.5030717819929122,40
spatialTask_seperated,standard,juice,240.0,0.5017064124345779,0.4985176585614681,0.504908698797226,40
spatialTask_seperated,standard,juice,250.0,0.5009069837629795,0.4975595474243164,0.5043333172798157,40
spatialTask_seperated,standard,juice,260.0,0.49900058656930923,0.49605421647429465,0.5023610010743141,40
spatialTask_seperated,standard,juice,270.0,0.5010390266776085,0.49747189208865167,0.5050997272133827,40
spatialTask_seperated,standard,juice,280.0,0.4995963893830776,0.4959970660507679,0.5033488810062409,40
spatialTask_seperated,standard,juice,290.0,0.5000356212258339,0.49652164354920386,0.5037041366100311,40
spatialTask_seperated,standard,juice,300.0,0.49834319949150085,0.49498273208737376,0.5020086035132408,40
spatialTask_seperated,standard,juice,310.0,0.5004694335162639,0.49741472378373147,0.5038757055997849,40
spatialTask_seperated,standard,juice,320.0,0.5011127904057503,0.4976376421749592,0.5047608703374863,40
spatialTask_seperated,standard,juice,330.0,0.5015926949679852,0.4981360659003258,0.5050956815481186,40
spatialTask_seperated,standard,juice,340.0,0.49968298748135564,0.4965227872133255,0.5028500989079475,40
spatialTask_seperated,standard,juice,350.0,0.5020024873316288,0.49889974370598794,0.5052235931158066,40
spatialTask_seperated,standard,juice,360.0,0.500612347573042,0.4975317306816578,0.5036267802119255,40
spatialTask_seperated,standard,juice,370.0,0.4998146936297417,0.49680921584367754,0.5027630865573883,40
spatialTask_seperated,standard,juice,380.0,0.5009104117751122,0.4977775625884533,0.504050326347351,40
spatialTask_seperated,standard,juice,390.0,0.49980351105332377,0.4969257012009621,0.5030508562922478,40
spatialTask_seperated,standard,juice,400.0,0.5002646803855896,0.4968616671860218,0.5037415236234665,40
spatialTask_seperated,standard,juice,410.0,0.49861801192164423,0.49549405798316004,0.5017533987760544,40
spatialTask_seperated,standard,juice,420.0,0.4995287902653217,0.49674412831664083,0.5021150141954422,40
spatialTask_seperated,standard,juice,430.0,0.5007837183773518,0.49797426238656045,0.5037420302629471,40
spatialTask_seperated,standard,juice,440.0,0.49915203005075454,0.4958097480237484,0.5025185331702232,40
spatialTask_seperated,standard,juice,450.0,0.5010359205305577,0.49726139158010485,0.5049248799681664,40
spatialTask_seperated,standard,juice,460.0,0.5000505700707436,0.4970894917845726,0.5033215299248696,40
spatialTask_seperated,standard,juice,470.0,0.5027088239789009,0.49997864589095115,0.5056967288255692,40
spatialTask_seperated,standard,juice,480.0,0.4997476153075695,0.49710969179868697,0.5023978635668754,40
spatialTask_seperated,standard,juice,490.0,0.5011203803122044,0.4974215663969517,0.5048784241080284,40
spatialTask_seperated,standard,juice,500.0,0.5643452346324921,0.5592580229043961,0.5697417438030243,40
spatialTask_seperated,standard,juice,510.0,0.593767236173153,0.5834854558110237,0.6049310296773911,40
spatialTask_seperated,standard,juice,520.0,0.6368420943617821,0.6203906863927842,0.6537309303879738,40
spatialTask_seperated,standard,juice,530.0,0.6707742139697075,0.653865197300911,0.6871545523405075,40
spatialTask_seperated,standard,juice,540.0,0.6913209170103073,0.6744298294186593,0.7064507141709327,40
spatialTask_seperated,standard,juice,550.0,0.7025033935904503,0.6878420859575272,0.7161212921142578,40
spatialTask_seperated,standard,juice,560.0,0.7116540506482124,0.69908005297184,0.724523676931858,40
spatialTask_seperated,standard,juice,570.0,0.7185806915163994,0.7070913150906563,0.7303157657384872,40
spatialTask_seperated,standard,juice,580.0,0.7216843411326408,0.7106993824243546,0.732346972823143,40
spatialTask_seperated,standard,juice,590.0,0.7226150140166283,0.7124934330582618,0.7325226157903671,40
spatialTask_seperated,standard,juice,600.0,0.7258629471063613,0.7162487775087356,0.7355393752455711,40
spatialTask_seperated,standard,juice,610.0,0.7268164947628974,0.7178861290216446,0.7358000457286835,40
spatialTask_seperated,standard,juice,620.0,0.7274139061570167,0.7187282621860505,0.7361811995506287,40
spatialTask_seperated,standard,juice,630.0,0.7281711474061012,0.7195857241749763,0.7369371235370636,40
spatialTask_seperated,standard,juice,640.0,0.7276699244976044,0.7187767878174782,0.7366682693362236,40
spatialTask_seperated,standard,juice,650.0,0.7268559083342552,0.7179856091737747,0.7356917455792427,40
spatialTask_seperated,standard,juice,660.0,0.7271971091628074,0.7184509575366974,0.7360208213329316,40
spatialTask_seperated,standard,juice,670.0,0.7286354169249535,0.7199829339981079,0.7369754299521446,40
spatialTask_seperated,standard,juice,680.0,0.7283845722675324,0.720188319683075,0.7364568561315536,40
spatialTask_seperated,standard,juice,690.0,0.7286008924245835,0.7204662591218949,0.7367777690291405,40
spatialTask_seperated,standard,juice,700.0,0.7281420275568962,0.7198661878705025,0.7366333186626435,40
spatialTask_seperated,standard,juice,710.0,0.7282215937972069,0.7201655030250549,0.7363179728388787,40
spatialTask_seperated,standard,juice,720.0,0.7277581959962844,0.7192046120762825,0.7361822232604027,40
spatialTask_seperated,standard,juice,730.0,0.7274669259786606,0.7191778615117073,0.7360028266906739,40
spatialTask_seperated,standard,juice,740.0,0.7276086658239365,0.7193042412400246,0.7358225509524345,40
spatialTask_seperated,standard,juice,750.0,0.728034371137619,0.7196685537695885,0.7364375799894333,40
spatialTask_seperated,standard,juice,760.0,0.727720345556736,0.7191957652568817,0.7360694766044616,40
spatialTask_seperated,standard,juice,770.0,0.7270137801766395,0.7183864071965218,0.73538336455822,40
spatialTask_seperated,standard,juice,780.0,0.7266128674149513,0.7181224808096885,0.7348919749259949,40
spatialTask_seperated,standard,juice,790.0,0.727408429980278,0.7189427673816681,0.7358594298362732,40
spatialTask_seperated,standard,juice,800.0,0.7269122585654259,0.7185670286417007,0.7355969280004502,40
spatialTask_seperated,standard,juice,810.0,0.7271550506353378,0.7186563745141029,0.7354846850037575,40
spatialTask_seperated,standard,juice,820.0,0.7270845383405685,0.7187128141522408,0.7352512598037719,40
spatialTask_seperated,standard,juice,830.0,0.7278228387236595,0.7194567248225212,0.7360476493835449,40
spatialTask_seperated,standard,juice,840.0,0.7276280388236046,0.7193247184157372,0.7359320119023323,40
spatialTask_seperated,standard,juice,850.0,0.7272393450140953,0.7190704241394996,0.7353705182671547,40
spatialTask_seperated,standard,juice,860.0,0.727667972445488,0.7191549941897393,0.7359267607331276,40
spatialTask_seperated,standard,juice,870.0,0.72779501080513,0.7191681861877441,0.736000083386898,40
spatialTask_seperated,standard,juice,880.0,0.728104381263256,0.7199431955814362,0.736223092675209,40
spatialTask_seperated,standard,juice,890.0,0.7275470227003098,0.7190904334187508,0.7357316434383392,40
spatialTask_seperated,standard,juice,900.0,0.7284882083535195,0.7203696429729461,0.7363855943083764,40
spatialTask_seperated,standard,juice,910.0,0.7279084041714668,0.719253258407116,0.7361836910247803,40
spatialTask_seperated,standard,juice,920.0,0.7279535412788392,0.7193755283951759,0.7362783819437027,40
spatialTask_seperated,standard,juice,930.0,0.7279365867376327,0.7196046829223632,0.7358126014471054,40
spatialTask_seperated,standard,juice,940.0,0.7273394569754601,0.7190617620944977,0.7352308809757233,40
spatialTask_seperated,standard,juice,950.0,0.7273088991641998,0.7191221863031387,0.7351040437817573,40
spatialTask_seperated,standard,juice,960.0,0.7273334786295891,0.7189839228987693,0.7353287994861603,40
spatialTask_seperated,standard,juice,970.0,0.7281310200691223,0.7196974575519561,0.7362382635474205,40
spatialTask_seperated,standard,juice,980.0,0.7279404804110527,0.7194930434226989,0.7360703364014626,40
spatialTask_seperated,standard,juice,990.0,0.7277322217822075,0.71951165497303,0.7357762143015861,40
spatialTask_seperated,standard,juice,1000.0,0.728243212401867,0.7203476816415787,0.7360280767083168,40
spatialTask_seperated,standard,juice,1010.0,0.7279392763972282,0.7198710784316062,0.735902239382267,40
spatialTask_seperated,standard,juice,1020.0,0.7275507628917695,0.7195788592100143,0.7355631574988365,40
spatialTask_seperated,standard,juice,1030.0,0.7280827626585961,0.7198366954922676,0.7360111758112907,40
spatialTask_seperated,standard,juice,1040.0,0.7275322124361991,0.7196281716227532,0.7353701934218406,40
spatialTask_seperated,standard,juice,1050.0,0.7275690689682961,0.7196139425039292,0.7356079816818237,40
spatialTask_seperated,standard,juice,1060.0,0.7273697122931481,0.7191870376467705,0.7356780499219895,40
spatialTask_seperated,standard,juice,1070.0,0.7279236599802971,0.719661682844162,0.7362536028027534,40
spatialTask_seperated,standard,juice,1080.0,0.7280070513486863,0.7201472103595734,0.7359876006841659,40
spatialTask_seperated,standard,juice,1090.0,0.7274719104170799,0.7195860475301743,0.7354627162218094,40
spatialTask_seperated,standard,juice,1100.0,0.7273282319307327,0.7190576642751694,0.7357618406414985,40
spatialTask_seperated,standard,juice,1110.0,0.7269321963191032,0.7187877610325814,0.735101717710495,40
spatialTask_seperated,standard,juice,1120.0,0.7268622577190399,0.7186415895819664,0.7349804297089577,40
spatialTask_seperated,standard,juice,1130.0,0.7272971108555794,0.7189580723643303,0.7354878231883049,40
spatialTask_seperated,standard,juice,1140.0,0.7269081443548202,0.7187759384512902,0.7350208818912506,40
spatialTask_seperated,standard,juice,1150.0,0.7274501994252205,0.7194991707801819,0.735498134791851,40
spatialTask_seperated,standard,juice,1160.0,0.7272064760327339,0.7190134584903717,0.7353326201438903,40
spatialTask_seperated,standard,juice,1170.0,0.7272336229681968,0.7191008061170578,0.7355286210775376,40
spatialTask_seperated,standard,juice,1180.0,0.7266908004879952,0.7184927314519882,0.735130725800991,40
spatialTask_seperated,standard,juice,1190.0,0.7267774149775506,0.7187610849738121,0.7348312243819237,40
spatialTask_seperated,standard,juice,1200.0,0.7273113280534744,0.719092744588852,0.7354536861181259,40
spatialTask_seperated,standard,juice,1210.0,0.7273634985089302,0.7191817760467529,0.7356514275074005,40
spatialTask_seperated,standard,juice,1220.0,0.7262180492281913,0.7181085675954819,0.734660167992115,40
spatialTask_seperated,standard,juice,1230.0,0.7276548594236374,0.719747218489647,0.7355144739151,40
spatialTask_seperated,standard,juice,1240.0,0.7280244886875152,0.720305235683918,0.7360410079360008,40
spatialTask_seperated,standard,juice,1250.0,0.7278760656714439,0.7198292046785355,0.7361109703779221,40
spatialTask_seperated,standard,juice,1260.0,0.7282536208629609,0.7202136680483818,0.7364252492785454,40
spatialTask_seperated,standard,juice,1270.0,0.7276903584599494,0.7200414180755615,0.735507695376873,40
spatialTask_seperated,standard,juice,1280.0,0.7277982458472252,0.7199175655841827,0.7357974022626876,40
spatialTask_seperated,standard,juice,1290.0,0.7272380009293556,0.7194470584392547,0.735378448665142,40
spatialTask_seperated,standard,juice,1300.0,0.7272133395075798,0.7191426172852516,0.735432867705822,40
spatialTask_seperated,standard,juice,1310.0,0.7272234410047531,0.7191404879093171,0.735282675921917,40
spatialTask_seperated,standard,juice,1320.0,0.7272614255547524,0.7188896387815475,0.7355949282646179,40
spatialTask_seperated,standard,juice,1330.0,0.7269712209701538,0.7185400500893593,0.7354864686727524,40
spatialTask_seperated,standard,juice,1340.0,0.7264096423983574,0.7179260909557342,0.7349728420376778,40
spatialTask_seperated,standard,juice,1350.0,0.7266260176897049,0.7183267429471016,0.735296243429184,40
spatialTask_seperated,standard,juice,1360.0,0.7261657699942589,0.7174887046217918,0.7345665842294693,40
spatialTask_seperated,standard,juice,1370.0,0.7270816147327424,0.7181442856788636,0.7358818471431732,40
spatialTask_seperated,standard,juice,1380.0,0.7266314923763275,0.718392625451088,0.7350859731435776,40
spatialTask_seperated,standard,juice,1390.0,0.7260400846600532,0.7175579026341439,0.7349220722913742,40
spatialTask_seperated,standard,juice,1400.0,0.7263135433197021,0.7179887086153031,0.7345671042799949,40
spatialTask_seperated,standard,juice,1410.0,0.7257295429706574,0.7174814760684967,0.7345234349370002,40
spatialTask_seperated,standard,juice,1420.0,0.7257270097732544,0.7173515483736992,0.734426012635231,40
spatialTask_seperated,standard,juice,1430.0,0.7261581540107727,0.7179281532764434,0.7348658993840218,40
spatialTask_seperated,standard,juice,1440.0,0.726750448346138,0.7187149584293365,0.7351222917437553,40
spatialTask_seperated,standard,juice,1450.0,0.7264614537358284,0.7182475343346596,0.734742060303688,40
spatialTask_seperated,standard,juice,1460.0,0.7270183756947517,0.7185048922896385,0.7351582616567611,40
spatialTask_seperated,standard,juice,1470.0,0.726264950633049,0.7177927285432816,0.7344724595546722,40
spatialTask_seperated,standard,juice,1480.0,0.7264350920915603,0.7179620042443275,0.734732273221016,40
spatialTask_seperated,standard,juice,1490.0,0.7265605807304383,0.7175890445709229,0.735751536488533,40
spatialTask_seperated,standard,juice,1500.0,0.9544555991888046,0.9460465431213378,0.9623576998710632,40
spatialTask_seperated,standard,juice,1510.0,0.9496242880821228,0.942033252120018,0.9571784138679504,40
spatialTask_seperated,standard,juice,1520.0,0.9422051832079887,0.9352459251880646,0.9489170998334885,40
spatialTask_seperated,standard,juice,1530.0,0.9388361215591431,0.9319736197590828,0.9455696359276772,40
spatialTask_seperated,standard,juice,1540.0,0.9360244289040566,0.9294341370463371,0.9420861467719078,40
spatialTask_seperated,standard,juice,1550.0,0.9350706219673157,0.9282954946160317,0.9409987032413483,40
spatialTask_seperated,standard,juice,1560.0,0.933777779340744,0.9272119328379631,0.939572662115097,40
spatialTask_seperated,standard,juice,1570.0,0.9324085280299187,0.9260813504457474,0.9382249847054481,40
spatialTask_seperated,standard,juice,1580.0,0.9317233622074127,0.9251335531473159,0.9376500427722931,40
spatialTask_seperated,standard,juice,1590.0,0.9306722953915596,0.9246861428022385,0.9363789096474647,40
spatialTask_seperated,standard,juice,1600.0,0.9303336888551712,0.9240069717168808,0.936597292125225,40
spatialTask_seperated,standard,juice,1610.0,0.928455401957035,0.9217324793338776,0.9349034249782562,40
spatialTask_seperated,standard,juice,1620.0,0.9270871445536614,0.919550834596157,0.9339578822255135,40
spatialTask_seperated,standard,juice,1630.0,0.9260063126683236,0.9179832085967063,0.9334715083241463,40
spatialTask_seperated,standard,juice,1640.0,0.923690578341484,0.9161137878894806,0.9312372252345085,40
spatialTask_seperated,standard,juice,1650.0,0.9217801332473755,0.9135624960064888,0.9293023467063903,40
spatialTask_seperated,standard,juice,1660.0,0.9197649821639061,0.9113769054412841,0.9274171620607377,40
spatialTask_seperated,standard,juice,1670.0,0.9182165801525116,0.9099237129092217,0.9263238072395324,40
spatialTask_seperated,standard,juice,1680.0,0.9174229681491852,0.9085250154137612,0.9259523183107377,40
spatialTask_seperated,standard,juice,1690.0,0.9154927775263786,0.9066127762198448,0.9240768432617188,40
spatialTask_seperated,standard,juice,1700.0,0.9137445747852325,0.9043211609125137,0.922698649764061,40
spatialTask_seperated,standard,juice,1710.0,0.912340173125267,0.9027219921350479,0.9218038260936737,40
spatialTask_seperated,standard,juice,1720.0,0.9114756077528,0.9015020415186882,0.9214974164962768,40
spatialTask_seperated,standard,juice,1730.0,0.9111467435956001,0.9006148234009743,0.9214527055621147,40
spatialTask_seperated,standard,juice,1740.0,0.9099157854914666,0.8983370006084442,0.920685900747776,40
spatialTask_seperated,standard,juice,1750.0,0.9079989612102508,0.8959769368171692,0.9189817070960998,40
spatialTask_seperated,standard,juice,1760.0,0.905655474960804,0.8927163034677505,0.9173533409833908,40
spatialTask_seperated,standard,juice,1770.0,0.9030087396502495,0.8896654099225998,0.9148421257734298,40
spatialTask_seperated,standard,juice,1780.0,0.9000298097729683,0.8852472916245461,0.9125028654932976,40
spatialTask_seperated,standard,juice,1790.0,0.8979902654886246,0.8806646972894668,0.9118397921323776,40
spatialTask_seperated,standard,juice,1800.0,0.8952988773584366,0.8765563234686852,0.9107888028025627,40
spatialTask_seperated,standard,juice,1810.0,0.8939770415425301,0.874948288500309,0.9096861630678177,40
spatialTask_seperated,standard,juice,1820.0,0.8930888399481773,0.873461602628231,0.9092046156525612,40
spatialTask_seperated,standard,juice,1830.0,0.8929030254483223,0.8723976939916611,0.909298175573349,40
spatialTask_seperated,standard,juice,1840.0,0.8916065096855164,0.8711858659982681,0.907894304394722,40
spatialTask_seperated,standard,juice,1850.0,0.890670220553875,0.8705293193459511,0.9072499960660935,40
spatialTask_seperated,standard,juice,1860.0,0.8920002028346061,0.8722025528550148,0.9083529725670815,40
spatialTask_seperated,standard,juice,1870.0,0.8919429555535316,0.8716425120830535,0.9082525417208671,40
spatialTask_seperated,standard,juice,1880.0,0.8912072107195854,0.8704801023006439,0.9079218909144402,40
spatialTask_seperated,standard,juice,1890.0,0.8908816426992416,0.8699058413505554,0.9079663574695587,40
spatialTask_seperated,standard,juice,1900.0,0.8916548535227775,0.8709685266017914,0.908702053129673,40
spatialTask_seperated,standard,juice,1910.0,0.8919525772333146,0.8713497281074524,0.9092125460505486,40
spatialTask_seperated,standard,juice,1920.0,0.8920818358659744,0.8712802648544311,0.9097806066274643,40
spatialTask_seperated,standard,juice,1930.0,0.892164072394371,0.8710149556398392,0.9101327806711197,40
spatialTask_seperated,standard,juice,1940.0,0.8925650045275688,0.8723643615841865,0.9106275737285614,40
spatialTask_seperated,standard,juice,1950.0,0.8932348430156708,0.8729247763752938,0.9108166754245758,40
spatialTask_seperated,standard,juice,1960.0,0.894693149626255,0.8744670405983925,0.9122494474053383,40
spatialTask_seperated,standard,juice,1970.0,0.8962960466742516,0.8764351457357407,0.9143739715218544,40
spatialTask_seperated,standard,juice,1980.0,0.8984889656305313,0.8782581210136413,0.9158962681889534,40
spatialTask_seperated,standard,juice,1990.0,0.9002190932631493,0.8800194069743157,0.9177083596587181,40
spatialTask_seperated,standard,juice,2000.0,0.9011031091213226,0.8810378819704056,0.9188124790787697,40
spatialTask_seperated,standard,juice,2010.0,0.9009018242359161,0.8794985264539719,0.9186952844262123,40
spatialTask_seperated,standard,juice,2020.0,0.9017066583037376,0.8798886835575104,0.920439587533474,40
spatialTask_seperated,standard,juice,2030.0,0.9025908231735229,0.8794394910335541,0.9218447118997574,40
spatialTask_seperated,standard,juice,2040.0,0.9023729026317596,0.8787361845374108,0.9224072426557541,40
spatialTask_seperated,standard,juice,2050.0,0.9018194586038589,0.8789817050099373,0.9211777985095978,40
spatialTask_seperated,standard,juice,2060.0,0.9010396927595139,0.8780923575162888,0.9202987864613533,40
spatialTask_seperated,standard,juice,2070.0,0.8995487451553345,0.876732337474823,0.9187636390328408,40
spatialTask_seperated,standard,juice,2080.0,0.8981206774711609,0.8757243677973747,0.9166514068841934,40
spatialTask_seperated,standard,juice,2090.0,0.8975870937108994,0.8762945041060448,0.9159353375434875,40
spatialTask_seperated,standard,juice,2100.0,0.8966046676039696,0.8747501343488693,0.9152373760938645,40
spatialTask_seperated,standard,juice,2110.0,0.895708505809307,0.8739744439721108,0.9142764911055565,40
spatialTask_seperated,standard,juice,2120.0,0.8939139544963837,0.8719914883375168,0.9125930219888687,40
spatialTask_seperated,standard,juice,2130.0,0.8919441431760788,0.8693565249443054,0.9119770526885986,40
spatialTask_seperated,standard,juice,2140.0,0.8910134568810463,0.867626728117466,0.9117801770567894,40
spatialTask_seperated,standard,juice,2150.0,0.8895204573869705,0.8652662098407745,0.9108224660158157,40
spatialTask_seperated,standard,juice,2160.0,0.8883173778653145,0.8637073844671249,0.9096198663115501,40
spatialTask_seperated,standard,juice,2170.0,0.8879690036177635,0.8638731613755226,0.9091500237584114,40
spatialTask_seperated,standard,juice,2180.0,0.887250816822052,0.8627678632736206,0.9085428610444068,40
spatialTask_seperated,standard,juice,2190.0,0.8864448860287666,0.8614060029387474,0.907809479534626,40
spatialTask_seperated,standard,juice,2200.0,0.8858669966459274,0.8613488122820854,0.9070504799485206,40
spatialTask_seperated,standard,juice,2210.0,0.8846330627799034,0.8602232336997986,0.9060141339898109,40
spatialTask_seperated,standard,juice,2220.0,0.8840332880616188,0.8594171673059463,0.9045718550682068,40
spatialTask_seperated,standard,juice,2230.0,0.8829642683267593,0.8589060872793197,0.9036091178655624,40
spatialTask_seperated,standard,juice,2240.0,0.8805950284004211,0.8565031424164772,0.9014818653464317,40
spatialTask_seperated,standard,juice,2250.0,0.879152949154377,0.8552449762821197,0.900012293457985,40
spatialTask_seperated,standard,juice,2260.0,0.8780784323811531,0.8545068010687829,0.898703983426094,40
spatialTask_seperated,standard,juice,2270.0,0.8760691091418267,0.8523430109024048,0.896755239367485,40
spatialTask_seperated,standard,juice,2280.0,0.8751046836376191,0.851574394106865,0.8955516010522843,40
spatialTask_seperated,standard,juice,2290.0,0.8721359565854072,0.847808787226677,0.8922608584165573,40
spatialTask_seperated,standard,juice,2300.0,0.8686786308884621,0.8439596861600875,0.8893922284245491,40
spatialTask_seperated,standard,juice,2310.0,0.8648815512657165,0.8401782050728798,0.8858562156558036,40
spatialTask_seperated,standard,juice,2320.0,0.8625267535448075,0.8372901201248169,0.8836006313562393,40
spatialTask_seperated,standard,juice,2330.0,0.8599339127540588,0.8342995539307594,0.8814999788999558,40
spatialTask_seperated,standard,juice,2340.0,0.8577478140592575,0.8317079350352288,0.8795881301164628,40
spatialTask_seperated,standard,juice,2350.0,0.8549657866358757,0.8281933262944221,0.8773007988929749,40
spatialTask_seperated,standard,juice,2360.0,0.8530242890119553,0.826214174926281,0.8759491339325904,40
spatialTask_seperated,standard,juice,2370.0,0.8496117785573005,0.8223182141780854,0.8725388363003731,40
spatialTask_seperated,standard,juice,2380.0,0.847121550142765,0.8199874550104141,0.8699882864952088,40
spatialTask_seperated,standard,juice,2390.0,0.8439450591802597,0.8170072913169861,0.8671141684055328,40
spatialTask_seperated,standard,juice,2400.0,0.842686052620411,0.8172230631113052,0.8650669008493423,40
spatialTask_seperated,standard,juice,2410.0,0.8403089329600334,0.8150909423828125,0.8619459018111228,40
spatialTask_seperated,standard,juice,2420.0,0.8365110263228417,0.8116979688405991,0.8580989152193069,40
spatialTask_seperated,standard,juice,2430.0,0.834967651963234,0.8108708694577217,0.8563302382826805,40
spatialTask_seperated,standard,juice,2440.0,0.8313352480530739,0.8073075145483017,0.8529623866081237,40
spatialTask_seperated,standard,juice,2450.0,0.828125624358654,0.8047581732273101,0.849446476995945,40
spatialTask_seperated,standard,juice,2460.0,0.8248235374689102,0.8010053232312202,0.8465792372822761,40
spatialTask_seperated,standard,juice,2470.0,0.819808867573738,0.7956348747015,0.8422843277454376,40
spatialTask_seperated,standard,juice,2480.0,0.8160777777433396,0.7915511652827263,0.8389713063836097,40
spatialTask_seperated,standard,juice,2490.0,0.8135058045387268,0.7896209597587586,0.8359019070863724,40
spatialTask_seperated,standard,juice,2500.0,0.8097197115421295,0.7857208669185638,0.8321469083428383,40
spatialTask_seperated,standard,juice,2510.0,0.8050242468714714,0.780741672217846,0.8271345019340515,40
spatialTask_seperated,standard,juice,2520.0,0.800870095193386,0.7774952203035355,0.822687205672264,40
spatialTask_seperated,standard,juice,2530.0,0.794876153767109,0.7705299064517022,0.8180234029889106,40
spatialTask_seperated,standard,juice,2540.0,0.7896950781345368,0.7652132406830787,0.8130785644054412,40
spatialTask_seperated,standard,juice,2550.0,0.7864965602755547,0.7616016000509263,0.8094893500208855,40
spatialTask_seperated,standard,juice,2560.0,0.7833702981472015,0.7592424228787422,0.8065327733755112,40
spatialTask_seperated,standard,juice,2570.0,0.7824841663241386,0.7588098540902137,0.8047355338931084,40
spatialTask_seperated,standard,juice,2580.0,0.7786815449595451,0.7553186103701591,0.801227517426014,40
spatialTask_seperated,standard,juice,2590.0,0.7774489387869835,0.7542893812060356,0.7995065674185753,40
spatialTask_seperated,standard,juice,2600.0,0.7769317895174026,0.7536786571145058,0.7993940755724906,40
spatialTask_seperated,standard,juice,2610.0,0.7751326888799668,0.7515159234404564,0.7981941416859627,40
spatialTask_seperated,standard,juice,2620.0,0.7718683063983918,0.748410376906395,0.7944378778338432,40
spatialTask_seperated,standard,juice,2630.0,0.7674019038677216,0.7439812406897545,0.7895294547080993,40
spatialTask_seperated,standard,juice,2640.0,0.7646176353096962,0.7407425835728645,0.7876073986291885,40
spatialTask_seperated,standard,juice,2650.0,0.7608586817979812,0.7360645905137062,0.7845844343304634,40
spatialTask_seperated,standard,juice,2660.0,0.7577849254012108,0.7343212828040123,0.7812502324581146,40
spatialTask_seperated,standard,juice,2670.0,0.7528554111719131,0.7273010849952698,0.7765882655978202,40
spatialTask_seperated,standard,juice,2680.0,0.7511886671185494,0.7257487952709198,0.775241170823574,40
spatialTask_seperated,standard,juice,2690.0,0.7482603088021278,0.7230719715356827,0.7718650937080384,40
spatialTask_seperated,standard,juice,2700.0,0.7458842635154724,0.7212548822164535,0.7687341183423996,40
spatialTask_seperated,standard,juice,2710.0,0.743523882329464,0.7188448429107666,0.7661988511681557,40
spatialTask_seperated,standard,juice,2720.0,0.7412091061472893,0.716695736348629,0.7630916059017181,40
spatialTask_seperated,standard,juice,2730.0,0.7379951551556587,0.7135211601853371,0.7601267904043197,40
spatialTask_seperated,standard,juice,2740.0,0.7353789672255516,0.7119281008839607,0.7571782290935516,40
spatialTask_seperated,standard,juice,2750.0,0.7315926820039749,0.7081143677234649,0.7537736237049103,40
spatialTask_seperated,standard,juice,2760.0,0.7289657354354858,0.7057054296135903,0.750669464468956,40
spatialTask_seperated,standard,juice,2770.0,0.7261582151055336,0.7021800890564919,0.7477694809436798,40
spatialTask_seperated,standard,juice,2780.0,0.720792131125927,0.6974705144762993,0.743542057275772,40
spatialTask_seperated,standard,juice,2790.0,0.7183483600616455,0.694568021595478,0.7413199335336685,40
spatialTask_seperated,standard,juice,2800.0,0.7159552663564682,0.6924651965498925,0.7388994961977005,40
spatialTask_seperated,standard,juice,2810.0,0.7118149057030678,0.6877471059560776,0.7350884854793549,40
spatialTask_seperated,standard,juice,2820.0,0.708614531159401,0.685090520977974,0.7313648030161858,40
spatialTask_seperated,standard,juice,2830.0,0.7041309088468551,0.681386812031269,0.7268314465880394,40
spatialTask_seperated,standard,juice,2840.0,0.7015392944216728,0.6788557887077331,0.723701249063015,40
spatialTask_seperated,standard,juice,2850.0,0.6991688176989556,0.6769596472382545,0.7211687803268433,40
spatialTask_seperated,standard,juice,2860.0,0.6947608262300491,0.6720715031027794,0.716453018784523,40
spatialTask_seperated,standard,juice,2870.0,0.6943719625473023,0.6718210965394974,0.7166150748729706,40
spatialTask_seperated,standard,juice,2880.0,0.692950764298439,0.6712134495377541,0.7149006813764572,40
spatialTask_seperated,standard,juice,2890.0,0.6909015268087387,0.6697768896818161,0.7119241312146187,40
spatialTask_seperated,standard,juice,2900.0,0.6905813291668892,0.6695517510175705,0.7115229234099388,40
spatialTask_seperated,standard,juice,2910.0,0.6872931644320488,0.6659699887037277,0.7080777272582054,40
spatialTask_seperated,standard,juice,2920.0,0.684611739218235,0.6626239836215972,0.7059290513396264,40
spatialTask_seperated,standard,juice,2930.0,0.6833411544561386,0.6610755398869514,0.7049929782748222,40
spatialTask_seperated,standard,juice,2940.0,0.6819028198719025,0.660039521753788,0.7032920598983765,40
spatialTask_seperated,standard,juice,2950.0,0.6778623163700104,0.6553913205862045,0.6986361145973206,40
spatialTask_seperated,standard,juice,2960.0,0.6758703753352165,0.6538009837269783,0.6961084634065628,40
spatialTask_seperated,standard,juice,2970.0,0.6689049541950226,0.6460203424096107,0.6892572641372681,40
spatialTask_seperated,standard,juice,2980.0,0.6653749376535416,0.6431590333580971,0.6856449410319329,40
spatialTask_seperated,standard,juice,2990.0,0.6637260764837265,0.6415553957223892,0.684466615319252,40
spatialTask_seperated,standard,juice,3000.0,0.6624323725700378,0.6409852057695389,0.6830208495259285,40
spatialTask_seperated,standard,juice,3010.0,0.6600133314728737,0.6389688849449158,0.6798640415072441,40
spatialTask_seperated,standard,juice,3020.0,0.6574774190783501,0.6366764351725578,0.6773034304380416,40
spatialTask_seperated,standard,juice,3030.0,0.6540893644094468,0.6344257891178131,0.6737821191549301,40
spatialTask_seperated,standard,juice,3040.0,0.6516239434480667,0.6307445377111435,0.6726072430610657,40
spatialTask_seperated,standard,juice,3050.0,0.6516737326979637,0.6306763932108879,0.6714168980717659,40
spatialTask_seperated,standard,juice,3060.0,0.6515393301844596,0.6301572680473327,0.6717845365405083,40
spatialTask_seperated,standard,juice,3070.0,0.6501278594136238,0.6292748808860779,0.6709115684032441,40
spatialTask_seperated,standard,juice,3080.0,0.6478729739785194,0.628106115758419,0.6670261859893799,40
spatialTask_seperated,standard,juice,3090.0,0.6433173224329949,0.6231929525732994,0.6628378540277481,40
spatialTask_seperated,standard,juice,3100.0,0.6406768634915352,0.6211736917495727,0.6605661854147911,40
spatialTask_seperated,standard,juice,3110.0,0.6402112960815429,0.6201465457677842,0.6604366257786751,40
spatialTask_seperated,standard,juice,3120.0,0.637719276547432,0.6166119441390038,0.6586645916104317,40
spatialTask_seperated,standard,juice,3130.0,0.6345804095268249,0.6138194903731347,0.6549481093883515,40
spatialTask_seperated,standard,juice,3140.0,0.6311881557106972,0.6111415416002274,0.651376485824585,40
spatialTask_seperated,standard,juice,3150.0,0.629780738055706,0.6109172269701958,0.648834066092968,40
spatialTask_seperated,standard,juice,3160.0,0.6264842540025711,0.6082715407013893,0.6460043206810951,40
spatialTask_seperated,standard,juice,3170.0,0.6250924035906792,0.6063883155584335,0.6446508824825287,40
spatialTask_seperated,standard,juice,3180.0,0.6232562497258186,0.6053271606564522,0.6433708220720291,40
spatialTask_seperated,standard,juice,3190.0,0.6200737521052361,0.6013816520571709,0.6394630521535873,40
spatialTask_seperated,standard,order,0.0,0.5001174680888653,0.49761648997664454,0.502741327881813,40
spatialTask_seperated,standard,order,10.0,0.4990850329399109,0.4960024207830429,0.502315790951252,40
spatialTask_seperated,standard,order,20.0,0.5007669754326344,0.49767308309674263,0.5040732145309448,40
spatialTask_seperated,standard,order,30.0,0.4999801754951477,0.4963617421686649,0.5036422461271286,40
spatialTask_seperated,standard,order,40.0,0.49995033740997313,0.4969949759542942,0.5031596422195435,40
spatialTask_seperated,standard,order,50.0,0.49960585236549376,0.49624199643731115,0.5031010672450066,40
spatialTask_seperated,standard,order,60.0,0.4989649310708046,0.4957282118499279,0.5022011086344719,40
spatialTask_seperated,standard,order,70.0,0.49902189522981644,0.4950104929506779,0.503096479177475,40
spatialTask_seperated,standard,order,80.0,0.5004354394972325,0.49660456702113154,0.5044868811964989,40
spatialTask_seperated,standard,order,90.0,0.4981868974864483,0.4939546212553978,0.5024264976382256,40
spatialTask_seperated,standard,order,100.0,0.5008596040308475,0.49699082374572756,0.5047955423593521,40
spatialTask_seperated,standard,order,110.0,0.5011457100510597,0.4972300186753273,0.5049296334385872,40
spatialTask_seperated,standard,order,120.0,0.500109576433897,0.4962610363960266,0.5038773238658905,40
spatialTask_seperated,standard,order,130.0,0.5004956528544426,0.49676892161369324,0.504501773416996,40
spatialTask_seperated,standard,order,140.0,0.5004308722913265,0.49614422395825386,0.5044065430760384,40
spatialTask_seperated,standard,order,150.0,0.4971231251955032,0.49246522411704063,0.5015864357352257,40
spatialTask_seperated,standard,order,160.0,0.4975290589034557,0.4931465871632099,0.5020062953233719,40
spatialTask_seperated,standard,order,170.0,0.4986207880079746,0.49450559839606284,0.5025399908423424,40
spatialTask_seperated,standard,order,180.0,0.499727463722229,0.4949529841542244,0.5041968122124671,40
spatialTask_seperated,standard,order,190.0,0.4998392842710018,0.4960890732705593,0.5034911602735519,40
spatialTask_seperated,standard,order,200.0,0.4996338538825512,0.49633570834994317,0.5027171552181244,40
spatialTask_seperated,standard,order,210.0,0.4982723735272884,0.494025956094265,0.5020900741219521,40
spatialTask_seperated,standard,order,220.0,0.5001876674592495,0.4960764318704605,0.5038149267435074,40
spatialTask_seperated,standard,order,230.0,0.4993584960699081,0.49516253024339674,0.5034604579210281,40
spatialTask_seperated,standard,order,240.0,0.4980733849108219,0.4939008101820946,0.502216237783432,40
spatialTask_seperated,standard,order,250.0,0.4974059112370014,0.4927682138979435,0.5016518011689186,40
spatialTask_seperated,standard,order,260.0,0.4975420139729977,0.4931813344359398,0.501792261004448,40
spatialTask_seperated,standard,order,270.0,0.4982250675559044,0.49442909359931947,0.50190439671278,40
spatialTask_seperated,standard,order,280.0,0.4991075612604618,0.4951544426381588,0.502876165509224,40
spatialTask_seperated,standard,order,290.0,0.4981393538415432,0.4942507676780224,0.5017392665147782,40
spatialTask_seperated,standard,order,300.0,0.4974769428372383,0.493705815076828,0.5011983692646027,40
spatialTask_seperated,standard,order,310.0,0.4985334575176239,0.49431521371006965,0.5026199027895928,40
spatialTask_seperated,standard,order,320.0,0.4958272896707058,0.492112547904253,0.499486243724823,40
spatialTask_seperated,standard,order,330.0,0.4958393320441246,0.49193897768855094,0.49923030734062196,40
spatialTask_seperated,standard,order,340.0,0.4968115113675594,0.4935854054987431,0.500140531361103,40
spatialTask_seperated,standard,order,350.0,0.49769180119037626,0.49410672336816785,0.501358138024807,40
spatialTask_seperated,standard,order,360.0,0.49602790623903276,0.49221141561865805,0.4997084565460682,40
spatialTask_seperated,standard,order,370.0,0.4949877433478832,0.49173987582325934,0.4980663686990738,40
spatialTask_seperated,standard,order,380.0,0.4965945765376091,0.49321037605404855,0.499565427005291,40
spatialTask_seperated,standard,order,390.0,0.49812386780977247,0.49420859664678574,0.5016520455479622,40
spatialTask_seperated,standard,order,400.0,0.49792107567191124,0.4939440183341503,0.501285369694233,40
spatialTask_seperated,standard,order,410.0,0.4966509349644184,0.4927846498787403,0.5001270428299904,40
spatialTask_seperated,standard,order,420.0,0.49686937406659126,0.49309036657214167,0.500567938387394,40
spatialTask_seperated,standard,order,430.0,0.4962440527975559,0.49166971668601034,0.5002044841647149,40
spatialTask_seperated,standard,order,440.0,0.49706664904952047,0.4925883039832115,0.5009239092469215,40
spatialTask_seperated,standard,order,450.0,0.4961483031511307,0.4920983240008354,0.49971376433968545,40
spatialTask_seperated,standard,order,460.0,0.49798571318387985,0.4936616808176041,0.501982806622982,40
spatialTask_seperated,standard,order,470.0,0.49504040703177454,0.49046335741877556,0.4994253270328045,40
spatialTask_seperated,standard,order,480.0,0.4970444791018963,0.4929314836859703,0.5011675149202347,40
spatialTask_seperated,standard,order,490.0,0.49702937304973605,0.493201195448637,0.5007044702768326,40
spatialTask_seperated,standard,order,500.0,0.7296176001429557,0.7210258290171623,0.7375966563820839,40
spatialTask_seperated,standard,order,510.0,0.7292604446411133,0.7206832692027092,0.7369771614670754,40
spatialTask_seperated,standard,order,520.0,0.7294192522764206,0.7205597937107087,0.7373398274183274,40
spatialTask_seperated,standard,order,530.0,0.7290182992815971,0.7202941343188286,0.7370144531130791,40
spatialTask_seperated,standard,order,540.0,0.7295354217290878,0.7208022087812423,0.7376522615551948,40
spatialTask_seperated,standard,order,550.0,0.7294414564967155,0.7210225507616996,0.7374554544687271,40
spatialTask_seperated,standard,order,560.0,0.7293191879987717,0.721159528195858,0.737295287847519,40
spatialTask_seperated,standard,order,570.0,0.7303607717156411,0.7218821540474891,0.7383881971240044,40
spatialTask_seperated,standard,order,580.0,0.7291920199990273,0.720348808169365,0.737305536866188,40
spatialTask_seperated,standard,order,590.0,0.7291833207011222,0.7209473952651024,0.7371662244200706,40
spatialTask_seperated,standard,order,600.0,0.7289701625704765,0.7206031128764152,0.7370586514472961,40
spatialTask_seperated,standard,order,610.0,0.7297695592045784,0.7210330128669739,0.7378066897392273,40
spatialTask_seperated,standard,order,620.0,0.7290347844362259,0.7204458311200141,0.7368997186422348,40
spatialTask_seperated,standard,order,630.0,0.728785851597786,0.7203571453690529,0.7366576954722405,40
spatialTask_seperated,standard,order,640.0,0.7286042541265487,0.7205389007925987,0.7362788647413254,40
spatialTask_seperated,standard,order,650.0,0.7283592030405999,0.7198513373732567,0.7358967334032058,40
spatialTask_seperated,standard,order,660.0,0.7291262149810791,0.7208543583750725,0.736673079431057,40
spatialTask_seperated,standard,order,670.0,0.7288174226880073,0.7201737150549888,0.7365844622254372,40
spatialTask_seperated,standard,order,680.0,0.7283605858683586,0.7200262144207954,0.7357482492923737,40
spatialTask_seperated,standard,order,690.0,0.7288196176290512,0.7205677539110183,0.7363471210002899,40
spatialTask_seperated,standard,order,700.0,0.7283800169825554,0.7202622309327126,0.7360177904367446,40
spatialTask_seperated,standard,order,710.0,0.7272513255476951,0.7189741715788841,0.7348243415355682,40
spatialTask_seperated,standard,order,720.0,0.7270570382475853,0.718713590502739,0.7348849833011627,40
spatialTask_seperated,standard,order,730.0,0.7277695387601852,0.7189680218696595,0.7357957497239113,40
spatialTask_seperated,standard,order,740.0,0.7277967810630799,0.7192013129591942,0.7358194813132286,40
spatialTask_seperated,standard,order,750.0,0.7276285946369171,0.7190174534916878,0.735150271654129,40
spatialTask_seperated,standard,order,760.0,0.7274708300828934,0.7189264938235282,0.7353016078472138,40
spatialTask_seperated,standard,order,770.0,0.726632222533226,0.7180689319968223,0.7344157293438911,40
spatialTask_seperated,standard,order,780.0,0.7270138338208199,0.7187958210706711,0.7348443880677223,40
spatialTask_seperated,standard,order,790.0,0.7267546743154526,0.7183633506298065,0.7344197168946266,40
spatialTask_seperated,standard,order,800.0,0.7269761890172959,0.718606273829937,0.7346534684300423,40
spatialTask_seperated,standard,order,810.0,0.7272104427218438,0.719112440943718,0.7349220231175423,40
spatialTask_seperated,standard,order,820.0,0.7265654623508453,0.7183745473623275,0.7343801096081733,40
spatialTask_seperated,standard,order,830.0,0.7275641575455666,0.7192946314811707,0.7353498488664627,40
spatialTask_seperated,standard,order,840.0,0.7276146784424782,0.7193686321377755,0.7354885742068291,40
spatialTask_seperated,standard,order,850.0,0.7270292475819587,0.7191050857305527,0.7348567962646484,40
spatialTask_seperated,standard,order,860.0,0.7272859409451484,0.7190190613269806,0.7352435424923897,40
spatialTask_seperated,standard,order,870.0,0.7273712083697319,0.7189925208687782,0.7352754428982735,40
spatialTask_seperated,standard,order,880.0,0.7272032231092453,0.7190695568919182,0.7350699797272682,40
spatialTask_seperated,standard,order,890.0,0.7268908590078353,0.7187705203890801,0.7346723705530167,40
spatialTask_seperated,standard,order,900.0,0.727051530778408,0.7190670534968376,0.7350378707051277,40
spatialTask_seperated,standard,order,910.0,0.727070452272892,0.7190135911107063,0.7349568367004394,40
spatialTask_seperated,standard,order,920.0,0.726248337328434,0.7184447586536408,0.7341445460915565,40
spatialTask_seperated,standard,order,930.0,0.7266617968678475,0.7183966964483262,0.7347328245639801,40
spatialTask_seperated,standard,order,940.0,0.7269092768430709,0.7187554568052292,0.7345844894647598,40
spatialTask_seperated,standard,order,950.0,0.726473231613636,0.718389692902565,0.7343212857842445,40
spatialTask_seperated,standard,order,960.0,0.7269688278436661,0.7190060511231422,0.7347822085022926,40
spatialTask_seperated,standard,order,970.0,0.7273748517036438,0.7194088101387024,0.7351742804050445,40
spatialTask_seperated,standard,order,980.0,0.7274219810962677,0.7195551946759224,0.7353602379560471,40
spatialTask_seperated,standard,order,990.0,0.7272656321525574,0.7188991978764534,0.7353765100240708,40
spatialTask_seperated,standard,order,1000.0,0.7274279892444611,0.7193161740899086,0.7355452492833138,40
spatialTask_seperated,standard,order,1010.0,0.7274260804057121,0.7195073574781418,0.7350691214203835,40
spatialTask_seperated,standard,order,1020.0,0.7272907465696334,0.7194728568196297,0.7350227147340774,40
spatialTask_seperated,standard,order,1030.0,0.7276389226317406,0.7198397070169449,0.7354432091116905,40
spatialTask_seperated,standard,order,1040.0,0.7276686415076256,0.7201266467571259,0.7351491630077363,40
spatialTask_seperated,standard,order,1050.0,0.7275323778390884,0.7196523204445839,0.7352226853370667,40
spatialTask_seperated,standard,order,1060.0,0.7273268789052963,0.7196686789393425,0.7347253635525703,40
spatialTask_seperated,standard,order,1070.0,0.7271949917078018,0.7192378386855125,0.7346392348408699,40
spatialTask_seperated,standard,order,1080.0,0.7271691605448722,0.7193008422851562,0.7344778090715408,40
spatialTask_seperated,standard,order,1090.0,0.7279160246253014,0.7200996533036232,0.7353487595915794,40
spatialTask_seperated,standard,order,1100.0,0.7276091530919075,0.719623202085495,0.7350621938705444,40
spatialTask_seperated,standard,order,1110.0,0.7279851749539376,0.7202558472752572,0.735461451113224,40
spatialTask_seperated,standard,order,1120.0,0.7278112590312957,0.7203511014580727,0.7353485748171806,40
spatialTask_seperated,standard,order,1130.0,0.7275005549192428,0.7196142867207527,0.7350690424442291,40
spatialTask_seperated,standard,order,1140.0,0.7272426635026932,0.7195815756917,0.7347079113125801,40
spatialTask_seperated,standard,order,1150.0,0.7268470719456672,0.7191026031970977,0.7343189612030983,40
spatialTask_seperated,standard,order,1160.0,0.7270529732108116,0.7190703392028809,0.7345995664596557,40
spatialTask_seperated,standard,order,1170.0,0.7271926447749137,0.7193656817078591,0.7349833354353905,40
spatialTask_seperated,standard,order,1180.0,0.7271714925765991,0.719202695786953,0.7347359552979469,40
spatialTask_seperated,standard,order,1190.0,0.7282133996486664,0.720225079357624,0.7358086228370666,40
spatialTask_seperated,standard,order,1200.0,0.7278247624635696,0.7197319358587265,0.7355647444725036,40
spatialTask_seperated,standard,order,1210.0,0.727242560684681,0.7191634967923164,0.7348339140415192,40
spatialTask_seperated,standard,order,1220.0,0.7275081232190133,0.7195128574967384,0.7352895632386207,40
spatialTask_seperated,standard,order,1230.0,0.7274015083909035,0.7198336169123649,0.7348831683397293,40
spatialTask_seperated,standard,order,1240.0,0.727971364557743,0.720343479514122,0.7354188367724419,40
spatialTask_seperated,standard,order,1250.0,0.7279556453227997,0.7200926974415779,0.7356653869152069,40
spatialTask_seperated,standard,order,1260.0,0.728662246465683,0.7207531452178955,0.7364148437976837,40
spatialTask_seperated,standard,order,1270.0,0.728129529953003,0.7200032025575638,0.7358889639377594,40
spatialTask_seperated,standard,order,1280.0,0.7276508063077927,0.719632925093174,0.7354027241468429,40
spatialTask_seperated,standard,order,1290.0,0.7279290437698365,0.7201968505978584,0.7354689732193946,40
spatialTask_seperated,standard,order,1300.0,0.7278420105576515,0.7201819851994514,0.735227832198143,40
spatialTask_seperated,standard,order,1310.0,0.7283227741718292,0.7209500208497047,0.7355419054627419,40
spatialTask_seperated,standard,order,1320.0,0.7282171055674553,0.7208981186151504,0.7354768544435502,40
spatialTask_seperated,standard,order,1330.0,0.7282459124922752,0.7207364663481712,0.735611554980278,40
spatialTask_seperated,standard,order,1340.0,0.7275428771972656,0.7198495760560035,0.7351476490497589,40
spatialTask_seperated,standard,order,1350.0,0.7279436036944389,0.7202078878879548,0.7356053441762924,40
spatialTask_seperated,standard,order,1360.0,0.7279664263129234,0.7201840862631798,0.7353854134678841,40
spatialTask_seperated,standard,order,1370.0,0.7276136085391045,0.7197319954633713,0.7354144871234893,40
spatialTask_seperated,standard,order,1380.0,0.7283264249563217,0.7204359605908394,0.7359256535768509,40
spatialTask_seperated,standard,order,1390.0,0.7277266100049019,0.7198049008846283,0.7355502605438232,40
spatialTask_seperated,standard,order,1400.0,0.7285696625709533,0.7207617089152336,0.7361643299460411,40
spatialTask_seperated,standard,order,1410.0,0.7277415245771408,0.7197349891066551,0.7354996904730797,40
spatialTask_seperated,standard,order,1420.0,0.7282307580113411,0.7204391658306122,0.7358599320054054,40
spatialTask_seperated,standard,order,1430.0,0.7286199688911438,0.720646607875824,0.7361385121941566,40
spatialTask_seperated,standard,order,1440.0,0.7283377930521965,0.7205490052700043,0.7358422502875328,40
spatialTask_seperated,standard,order,1450.0,0.7286923348903656,0.7209450453519821,0.7363260373473167,40
spatialTask_seperated,standard,order,1460.0,0.7288387358188629,0.7208998277783394,0.7362003579735756,40
spatialTask_seperated,standard,order,1470.0,0.7290128409862519,0.7212720155715943,0.7363198414444924,40
spatialTask_seperated,standard,order,1480.0,0.7285029232501984,0.7206914037466049,0.7357350215315819,40
spatialTask_seperated,standard,order,1490.0,0.7285547152161598,0.7209385201334954,0.7357086643576622,40
spatialTask_seperated,standard,order,1500.0,0.9591050297021866,0.9505496054887772,0.967246925830841,40
spatialTask_seperated,standard,order,1510.0,0.9465160489082336,0.9387110635638237,0.9535702094435692,40
spatialTask_seperated,standard,order,1520.0,0.9430914998054505,0.9361470967531205,0.9496335685253143,40
spatialTask_seperated,standard,order,1530.0,0.9436243563890457,0.93683220744133,0.9504385948181152,40
spatialTask_seperated,standard,order,1540.0,0.9449399217963219,0.9377343460917473,0.9519113808870315,40
spatialTask_seperated,standard,order,1550.0,0.9454088255763053,0.9382028415799141,0.9524667114019394,40
spatialTask_seperated,standard,order,1560.0,0.9459808707237244,0.9392958611249924,0.9527050614356994,40
spatialTask_seperated,standard,order,1570.0,0.9458217263221741,0.9387065395712852,0.9526848584413529,40
spatialTask_seperated,standard,order,1580.0,0.9455896049737931,0.9381927117705345,0.9525170713663101,40
spatialTask_seperated,standard,order,1590.0,0.9471231341362,0.940118844807148,0.9538538679480553,40
spatialTask_seperated,standard,order,1600.0,0.9491545125842095,0.9423767194151879,0.9560241490602494,40
spatialTask_seperated,standard,order,1610.0,0.9515123173594475,0.9445224612951278,0.958374661207199,40
spatialTask_seperated,standard,order,1620.0,0.9516420230269432,0.9443816140294075,0.9587806940078736,40
spatialTask_seperated,standard,order,1630.0,0.9521728113293648,0.9447686582803726,0.9595354422926903,40
spatialTask_seperated,standard,order,1640.0,0.9536664232611656,0.9454549312591553,0.9616072103381157,40
spatialTask_seperated,standard,order,1650.0,0.9556588158011436,0.9473357439041138,0.9635070964694024,40
spatialTask_seperated,standard,order,1660.0,0.956758140027523,0.9483889490365982,0.9644016683101654,40
spatialTask_seperated,standard,order,1670.0,0.958072017133236,0.9496338263154029,0.9658154591917991,40
spatialTask_seperated,standard,order,1680.0,0.9597098454833031,0.9513445109128952,0.9672696784138679,40
spatialTask_seperated,standard,order,1690.0,0.9607368171215057,0.9528588995337486,0.9678337559103966,40
spatialTask_seperated,standard,order,1700.0,0.9625404313206672,0.9550980001688003,0.9694862857460975,40
spatialTask_seperated,standard,order,1710.0,0.9635720565915108,0.9565429776906967,0.9701561093330383,40
spatialTask_seperated,standard,order,1720.0,0.9647253304719925,0.9576881542801857,0.9711593508720398,40
spatialTask_seperated,standard,order,1730.0,0.9674012959003448,0.9610632210969925,0.9734169960021972,40
spatialTask_seperated,standard,order,1740.0,0.9691244721412658,0.9629636034369469,0.9750648096203804,40
spatialTask_seperated,standard,order,1750.0,0.9705349802970886,0.9644345939159393,0.9762257844209671,40
spatialTask_seperated,standard,order,1760.0,0.9702955588698388,0.9645331725478172,0.9758813679218292,40
spatialTask_seperated,standard,order,1770.0,0.9707275092601776,0.965153506398201,0.9762923523783684,40
spatialTask_seperated,standard,order,1780.0,0.9720518320798874,0.9665563568472862,0.9773172363638878,40
spatialTask_seperated,standard,order,1790.0,0.9731614291667938,0.9673903241753579,0.9784258887171745,40
spatialTask_seperated,standard,order,1800.0,0.9739195480942726,0.9681400790810585,0.9793897047638893,40
spatialTask_seperated,standard,order,1810.0,0.974180418252945,0.9685112938284874,0.9793977811932564,40
spatialTask_seperated,standard,order,1820.0,0.9748067334294319,0.9694183975458145,0.9798033401370049,40
spatialTask_seperated,standard,order,1830.0,0.9750628396868706,0.9701039925217628,0.9797730952501297,40
spatialTask_seperated,standard,order,1840.0,0.9753281533718109,0.9705521687865257,0.9796649441123009,40
spatialTask_seperated,standard,order,1850.0,0.9760020315647125,0.9718595266342163,0.9799035415053368,40
spatialTask_seperated,standard,order,1860.0,0.9766328945755959,0.972992581129074,0.9802019581198692,40
spatialTask_seperated,standard,order,1870.0,0.9772781923413276,0.9735746905207634,0.9808525025844574,40
spatialTask_seperated,standard,order,1880.0,0.9779028743505478,0.9743103131651878,0.9815098509192467,40
spatialTask_seperated,standard,order,1890.0,0.978313073515892,0.9751396715641022,0.9815599530935287,40
spatialTask_seperated,standard,order,1900.0,0.9783145144581795,0.97501822412014,0.9816206231713295,40
spatialTask_seperated,standard,order,1910.0,0.9784003347158432,0.9748508185148239,0.9818977698683738,40
spatialTask_seperated,standard,order,1920.0,0.9783321857452393,0.9748950406908989,0.9817425608634949,40
spatialTask_seperated,standard,order,1930.0,0.9787302806973457,0.9750675648450852,0.9822889119386673,40
spatialTask_seperated,standard,order,1940.0,0.9795470356941223,0.9760234117507934,0.9828839734196663,40
spatialTask_seperated,standard,order,1950.0,0.9805001690983772,0.9771581411361694,0.9837503910064698,40
spatialTask_seperated,standard,order,1960.0,0.9811251655220985,0.9779398813843727,0.9843533709645271,40
spatialTask_seperated,standard,order,1970.0,0.9818999394774437,0.9787853002548218,0.9849922001361847,40
spatialTask_seperated,standard,order,1980.0,0.9826457753777504,0.9798250675201416,0.9855556353926659,40
spatialTask_seperated,standard,order,1990.0,0.9830786556005477,0.9802936241030693,0.9858674526214599,40
spatialTask_seperated,standard,order,2000.0,0.9834773615002632,0.9807740464806557,0.9861714854836464,40
spatialTask_seperated,standard,order,2010.0,0.9838533461093902,0.9811574712395668,0.9865732684731483,40
spatialTask_seperated,standard,order,2020.0,0.983840748667717,0.9810536593198776,0.9868019595742226,40
spatialTask_seperated,standard,order,2030.0,0.9840177342295646,0.9812569975852966,0.9869633734226226,40
spatialTask_seperated,standard,order,2040.0,0.9848634824156761,0.9821863159537315,0.987699942290783,40
spatialTask_seperated,standard,order,2050.0,0.9848228812217712,0.981895612180233,0.9877436995506287,40
spatialTask_seperated,standard,order,2060.0,0.9849592015147209,0.9818981036543846,0.9880855530500412,40
spatialTask_seperated,standard,order,2070.0,0.9851227670907974,0.9819033116102218,0.9881995156407356,40
spatialTask_seperated,standard,order,2080.0,0.9850256457924843,0.9818377166986465,0.9881546095013618,40
spatialTask_seperated,standard,order,2090.0,0.9849890366196632,0.9817366018891335,0.9880050987005233,40
spatialTask_seperated,standard,order,2100.0,0.9847156748175621,0.9813240960240364,0.9878147214651107,40
spatialTask_seperated,standard,order,2110.0,0.9848927944898606,0.981491157412529,0.987945482134819,40
spatialTask_seperated,standard,order,2120.0,0.9849673822522164,0.981604614853859,0.9879958033561707,40
spatialTask_seperated,standard,order,2130.0,0.9848941296339035,0.9815419107675553,0.9880188331007957,40
spatialTask_seperated,standard,order,2140.0,0.9849121391773223,0.9815130218863487,0.9880109488964081,40
spatialTask_seperated,standard,order,2150.0,0.9847908183932305,0.9815173044800758,0.9879175290465355,40
spatialTask_seperated,standard,order,2160.0,0.9847190380096436,0.9815022394061088,0.9877761274576187,40
spatialTask_seperated,standard,order,2170.0,0.9843428343534469,0.9810615301132202,0.9875440269708633,40
spatialTask_seperated,standard,order,2180.0,0.9843427792191506,0.981182011961937,0.9875258892774582,40
spatialTask_seperated,standard,order,2190.0,0.9843991756439209,0.9813418760895729,0.9875572547316551,40
spatialTask_seperated,standard,order,2200.0,0.9841993540525437,0.9809071809053421,0.9874556675553322,40
spatialTask_seperated,standard,order,2210.0,0.984035675227642,0.9807229071855545,0.9872727587819099,40
spatialTask_seperated,standard,order,2220.0,0.9844046846032143,0.9812658995389938,0.9874000266194344,40
spatialTask_seperated,standard,order,2230.0,0.9847422614693642,0.9817103698849678,0.9876188576221466,40
spatialTask_seperated,standard,order,2240.0,0.9848274677991867,0.9817137852311134,0.9877739161252975,40
spatialTask_seperated,standard,order,2250.0,0.9847935706377029,0.9816826835274697,0.9877513125538826,40
spatialTask_seperated,standard,order,2260.0,0.9846618101000786,0.9815601840615272,0.9875884860754013,40
spatialTask_seperated,standard,order,2270.0,0.9844037652015686,0.9811493337154389,0.9873746737837792,40
spatialTask_seperated,standard,order,2280.0,0.9841536208987236,0.9807799905538559,0.9872396931052208,40
spatialTask_seperated,standard,order,2290.0,0.9840637132525444,0.9805677309632301,0.9872953534126282,40
spatialTask_seperated,standard,order,2300.0,0.9841472551226615,0.9804098770022392,0.9875596314668655,40
spatialTask_seperated,standard,order,2310.0,0.9843147993087769,0.9805984497070312,0.9878483489155769,40
spatialTask_seperated,standard,order,2320.0,0.9843222811818123,0.980583342909813,0.9878036066889763,40
spatialTask_seperated,standard,order,2330.0,0.9841571271419525,0.9801591828465461,0.9878479242324829,40
spatialTask_seperated,standard,order,2340.0,0.9834375336766243,0.979153536260128,0.9872022688388824,40
spatialTask_seperated,standard,order,2350.0,0.9833740800619125,0.9790085643529892,0.987235164642334,40
spatialTask_seperated,standard,order,2360.0,0.9829340115189552,0.978527843952179,0.9870597466826438,40
spatialTask_seperated,standard,order,2370.0,0.9830551490187645,0.9785735204815864,0.9872423633933067,40
spatialTask_seperated,standard,order,2380.0,0.9831801280379295,0.9787678703665733,0.987379714846611,40
spatialTask_seperated,standard,order,2390.0,0.9834764853119851,0.9789821416139602,0.9876489788293839,40
spatialTask_seperated,standard,order,2400.0,0.9834795296192169,0.9788687691092491,0.9877535596489906,40
spatialTask_seperated,standard,order,2410.0,0.9828338205814362,0.9778395101428032,0.987334543466568,40
spatialTask_seperated,standard,order,2420.0,0.9824013024568558,0.9772467583417892,0.9869490653276444,40
spatialTask_seperated,standard,order,2430.0,0.9820307523012162,0.9766719117760658,0.9867238342761994,40
spatialTask_seperated,standard,order,2440.0,0.9820370629429818,0.9767370909452439,0.9866586804389954,40
spatialTask_seperated,standard,order,2450.0,0.9815896809101105,0.9761792436242104,0.9864291742444038,40
spatialTask_seperated,standard,order,2460.0,0.9814768120646477,0.9760425001382828,0.9864728555083275,40
spatialTask_seperated,standard,order,2470.0,0.9812977820634842,0.9756942555308342,0.9865182504057884,40
spatialTask_seperated,standard,order,2480.0,0.9810995995998383,0.9753992170095444,0.9864162236452103,40
spatialTask_seperated,standard,order,2490.0,0.9809821605682373,0.9753378897905349,0.9862468764185905,40
spatialTask_seperated,standard,order,2500.0,0.9811285227537155,0.9755791634321213,0.9862046256661415,40
spatialTask_seperated,standard,order,2510.0,0.9813343942165375,0.9760100483894348,0.9861846879124642,40
spatialTask_seperated,standard,order,2520.0,0.9811800420284271,0.9756434366106987,0.9863533288240433,40
spatialTask_seperated,standard,order,2530.0,0.9810886681079865,0.9755717515945435,0.986294363439083,40
spatialTask_seperated,standard,order,2540.0,0.9810914009809494,0.9754936426877976,0.9860878929495811,40
spatialTask_seperated,standard,order,2550.0,0.9810419738292694,0.9752752646803856,0.9858964636921883,40
spatialTask_seperated,standard,order,2560.0,0.9811344221234322,0.9752691507339477,0.9860907062888146,40
spatialTask_seperated,standard,order,2570.0,0.9805958613753318,0.9746335074305534,0.9857189550995826,40
spatialTask_seperated,standard,order,2580.0,0.9803438439965249,0.9743604689836503,0.9855925112962722,40
spatialTask_seperated,standard,order,2590.0,0.9801714643836021,0.9742907002568245,0.9854155033826828,40
spatialTask_seperated,standard,order,2600.0,0.980115607380867,0.9739745944738388,0.9853561088442803,40
spatialTask_seperated,standard,order,2610.0,0.9801637679338455,0.9740308523178101,0.9854609414935112,40
spatialTask_seperated,standard,order,2620.0,0.97948287576437,0.9728488892316818,0.9849720954895019,40
spatialTask_seperated,standard,order,2630.0,0.979757709801197,0.9731498539447785,0.9852711603045463,40
spatialTask_seperated,standard,order,2640.0,0.9801695600152016,0.9736904501914978,0.9857576385140419,40
spatialTask_seperated,standard,order,2650.0,0.9806599944829941,0.9739832624793052,0.9862394973635673,40
spatialTask_seperated,standard,order,2660.0,0.9805007979273797,0.9737632691860199,0.9862360924482345,40
spatialTask_seperated,standard,order,2670.0,0.9801776006817817,0.973344449698925,0.9860447749495507,40
spatialTask_seperated,standard,order,2680.0,0.9798183232545853,0.972746179997921,0.9858438849449158,40
spatialTask_seperated,standard,order,2690.0,0.9796673610806466,0.9724467024207115,0.9858935877680779,40
spatialTask_seperated,standard,order,2700.0,0.9791420236229896,0.9717300787568093,0.9857045590877533,40
spatialTask_seperated,standard,order,2710.0,0.9788171753287316,0.9710740655660629,0.9854220911860466,40
spatialTask_seperated,standard,order,2720.0,0.9784033492207527,0.9707788556814194,0.9850590080022812,40
spatialTask_seperated,standard,order,2730.0,0.9779914274811745,0.970526584982872,0.9847125440835953,40
spatialTask_seperated,standard,order,2740.0,0.9771488711237908,0.9697086066007614,0.9839343458414078,40
spatialTask_seperated,standard,order,2750.0,0.9767405837774277,0.9689100369811058,0.9836787551641464,40
spatialTask_seperated,standard,order,2760.0,0.975797489285469,0.9675370648503303,0.9829826220870018,40
spatialTask_seperated,standard,order,2770.0,0.9748682707548142,0.9660054787993431,0.9825535014271736,40
spatialTask_seperated,standard,order,2780.0,0.9738973259925843,0.9645759984850883,0.9819125145673752,40
spatialTask_seperated,standard,order,2790.0,0.9730442732572555,0.9630396232008934,0.9811874225735664,40
spatialTask_seperated,standard,order,2800.0,0.9721162870526314,0.961627846956253,0.9804780334234238,40
spatialTask_seperated,standard,order,2810.0,0.9709529682993889,0.960257601737976,0.9794716894626617,40
spatialTask_seperated,standard,order,2820.0,0.9706866532564163,0.9603835508227349,0.9789893358945847,40
spatialTask_seperated,standard,order,2830.0,0.9701451241970063,0.9597124725580215,0.9788203731179237,40
spatialTask_seperated,standard,order,2840.0,0.9696451470255851,0.9591243252158165,0.9782977938652039,40
spatialTask_seperated,standard,order,2850.0,0.969446650147438,0.959141020476818,0.9779251173138619,40
spatialTask_seperated,standard,order,2860.0,0.9693254142999649,0.9589153110980988,0.977979077398777,40
spatialTask_seperated,standard,order,2870.0,0.9691914692521095,0.959041579067707,0.9775714874267578,40
spatialTask_seperated,standard,order,2880.0,0.9691664978861809,0.9590095028281211,0.9776319295167923,40
spatialTask_seperated,standard,order,2890.0,0.9687564924359322,0.9584027290344238,0.9774817585945129,40
spatialTask_seperated,standard,order,2900.0,0.9691595643758774,0.9587553039193153,0.9776939690113068,40
spatialTask_seperated,standard,order,2910.0,0.9688624486327171,0.9584116101264953,0.9773481294512749,40
spatialTask_seperated,standard,order,2920.0,0.9687353909015656,0.9583261594176292,0.9771618917584419,40
spatialTask_seperated,standard,order,2930.0,0.9677057147026062,0.9571910232305527,0.9760629341006279,40
spatialTask_seperated,standard,order,2940.0,0.966972479224205,0.956023471057415,0.9755259856581688,40
spatialTask_seperated,standard,order,2950.0,0.9662759140133858,0.955297914147377,0.9750249847769737,40
spatialTask_seperated,standard,order,2960.0,0.9647634476423264,0.9534790590405464,0.973719385266304,40
spatialTask_seperated,standard,order,2970.0,0.9625676691532135,0.9512663513422013,0.9717097595334053,40
spatialTask_seperated,standard,order,2980.0,0.96150344312191,0.9492613643407821,0.9708466231822968,40
spatialTask_seperated,standard,order,2990.0,0.9604585006833076,0.947405144572258,0.9701975539326668,40
spatialTask_seperated,standard,order,3000.0,0.9585800692439079,0.9452688664197921,0.9686167031526566,40
spatialTask_seperated,standard,order,3010.0,0.9574414327740669,0.9443191573023796,0.9677017897367477,40
spatialTask_seperated,standard,order,3020.0,0.9566010817885399,0.9433536946773529,0.9669553354382515,40
spatialTask_seperated,standard,order,3030.0,0.9559074684977531,0.942830565571785,0.9665894061326981,40
spatialTask_seperated,standard,order,3040.0,0.9547834560275078,0.9414446398615837,0.9655806943774223,40
spatialTask_seperated,standard,order,3050.0,0.9543896168470383,0.9404285937547684,0.9651823580265045,40
spatialTask_seperated,standard,order,3060.0,0.9545676171779632,0.9401109397411347,0.9652866542339325,40
spatialTask_seperated,standard,order,3070.0,0.9546017438173294,0.9403186991810799,0.9653972044587136,40
spatialTask_seperated,standard,order,3080.0,0.9545763447880745,0.9408983588218689,0.965193672478199,40
spatialTask_seperated,standard,order,3090.0,0.9544376984238625,0.941114142537117,0.9646715730428695,40
spatialTask_seperated,standard,order,3100.0,0.9524620801210404,0.9384530365467072,0.9635418832302094,40
spatialTask_seperated,standard,order,3110.0,0.9511804610490799,0.9372069895267486,0.9629210710525513,40
spatialTask_seperated,standard,order,3120.0,0.9504940688610077,0.9364011630415916,0.9621693536639213,40
spatialTask_seperated,standard,order,3130.0,0.9504439681768417,0.9361784622073174,0.9622527539730072,40
spatialTask_seperated,standard,order,3140.0,0.950188384950161,0.9362197339534759,0.9619266256690026,40
spatialTask_seperated,standard,order,3150.0,0.9503709658980369,0.9359770298004151,0.9621137022972107,40
spatialTask_seperated,standard,order,3160.0,0.9497675791382789,0.9356099650263786,0.9615488946437836,40
spatialTask_seperated,standard,order,3170.0,0.9488584443926811,0.9344405710697175,0.9610175222158432,40
spatialTask_seperated,standard,order,3180.0,0.948879300057888,0.9344241037964821,0.9609473034739494,40
spatialTask_seperated,standard,order,3190.0,0.9484386309981346,0.9340038076043129,0.9606177344918251,40
spatialTask_seperated,grouped,side,0.0,0.5013010472059249,0.49842625185847284,0.504108265042305,40
spatialTask_seperated,grouped,side,10.0,0.4997919127345085,0.4966078594326973,0.5025372803211212,40
spatialTask_seperated,grouped,side,20.0,0.5001373738050461,0.4969783440232277,0.5031266242265702,40
spatialTask_seperated,grouped,side,30.0,0.49932166635990144,0.4962771490216255,0.5022331744432449,40
spatialTask_seperated,grouped,side,40.0,0.49940701872110366,0.4957499586045742,0.5027242302894592,40
spatialTask_seperated,grouped,side,50.0,0.5025681987404823,0.4987946733832359,0.5060764119029045,40
spatialTask_seperated,grouped,side,60.0,0.5022989578545094,0.4985787637531757,0.5057851552963257,40
spatialTask_seperated,grouped,side,70.0,0.5020006760954857,0.49856422543525697,0.5054635256528854,40
spatialTask_seperated,grouped,side,80.0,0.5021812245249748,0.4983972758054733,0.5058257013559342,40
spatialTask_seperated,grouped,side,90.0,0.5003960140049457,0.49610635340213777,0.5046617895364761,40
spatialTask_seperated,grouped,side,100.0,0.5010680451989173,0.49696059972047807,0.5054724916815758,40
spatialTask_seperated,grouped,side,110.0,0.5011998459696769,0.4971987888216972,0.5051629602909088,40
spatialTask_seperated,grouped,side,120.0,0.49969948306679723,0.4953110791742802,0.5038770765066147,40
spatialTask_seperated,grouped,side,130.0,0.5004587918519974,0.4967748872935772,0.5045954719185829,40
spatialTask_seperated,grouped,side,140.0,0.5013802513480187,0.4974134899675846,0.5055939376354217,40
spatialTask_seperated,grouped,side,150.0,0.5000784508883953,0.49568979144096376,0.5042917460203171,40
spatialTask_seperated,grouped,side,160.0,0.5003899611532688,0.49622168987989423,0.5045977890491485,40
spatialTask_seperated,grouped,side,170.0,0.5014606490731239,0.49740110859274866,0.5056379601359368,40
spatialTask_seperated,grouped,side,180.0,0.5027090355753898,0.4985192112624645,0.5071115806698799,40
spatialTask_seperated,grouped,side,190.0,0.5021420925855636,0.4974941320717335,0.5064972579479218,40
spatialTask_seperated,grouped,side,200.0,0.5012693896889686,0.49707148000597956,0.505426199734211,40
spatialTask_seperated,grouped,side,210.0,0.5009096071124077,0.49670139104127886,0.5048732981085777,40
spatialTask_seperated,grouped,side,220.0,0.501234045624733,0.49719998240470886,0.5050486534833908,40
spatialTask_seperated,grouped,side,230.0,0.5011208035051823,0.49726748690009115,0.5045624896883965,40
spatialTask_seperated,grouped,side,240.0,0.5011405639350415,0.49731128215789794,0.5048119232058526,40
spatialTask_seperated,grouped,side,250.0,0.5014651574194431,0.49796598628163335,0.5048623010516167,40
spatialTask_seperated,grouped,side,260.0,0.5027351938188076,0.4989564545452595,0.5066046923398971,40
spatialTask_seperated,grouped,side,270.0,0.5013968363404274,0.49737970978021623,0.505083717405796,40
spatialTask_seperated,grouped,side,280.0,0.5031623244285583,0.4992381989955902,0.5070406064391136,40
spatialTask_seperated,grouped,side,290.0,0.5029366441071034,0.49861855804920197,0.5071133643388748,40
spatialTask_seperated,grouped,side,300.0,0.5011281877756119,0.4974952019751072,0.504695625603199,40
spatialTask_seperated,grouped,side,310.0,0.5038131609559059,0.5001047417521477,0.5074023932218552,40
spatialTask_seperated,grouped,side,320.0,0.5017252497375011,0.4983407661318779,0.5054172709584236,40
spatialTask_seperated,grouped,side,330.0,0.5003971174359322,0.4966974399983883,0.5039331942796708,40
spatialTask_seperated,grouped,side,340.0,0.5012294128537178,0.49775965213775636,0.5048989593982697,40
spatialTask_seperated,grouped,side,350.0,0.5035652354359627,0.4999960348010063,0.5071192577481269,40
spatialTask_seperated,grouped,side,360.0,0.5014854840934276,0.49744339659810066,0.5055334359407425,40
spatialTask_seperated,grouped,side,370.0,0.5008164636790753,0.49760829135775564,0.5041738227009773,40
spatialTask_seperated,grouped,side,380.0,0.4995245456695557,0.49624892622232436,0.5026776030659675,40
spatialTask_seperated,grouped,side,390.0,0.5002968437969685,0.4970771484076977,0.5035521537065506,40
spatialTask_seperated,grouped,side,400.0,0.5002631150186062,0.4969170279800892,0.503457497060299,40
spatialTask_seperated,grouped,side,410.0,0.5004241988062859,0.49680840522050856,0.5038896635174751,40
spatialTask_seperated,grouped,side,420.0,0.5005249656736851,0.497370582818985,0.5034822896122932,40
spatialTask_seperated,grouped,side,430.0,0.5007534898817539,0.4974967196583748,0.5039145290851593,40
spatialTask_seperated,grouped,side,440.0,0.49998418912291526,0.49681487753987313,0.5032060280442238,40
spatialTask_seperated,grouped,side,450.0,0.4998279012739658,0.4964266538619995,0.5031584799289703,40
spatialTask_seperated,grouped,side,460.0,0.49949497133493426,0.496014978736639,0.5030183658003807,40
spatialTask_seperated,grouped,side,470.0,0.49956069737672804,0.496078909188509,0.5031101524829864,40
spatialTask_seperated,grouped,side,480.0,0.5002786882221699,0.49760107770562173,0.503185062110424,40
spatialTask_seperated,grouped,side,490.0,0.4999914363026619,0.4970172420144081,0.5031492367386818,40
spatialTask_seperated,grouped,side,500.0,0.5084645710885525,0.5022352546453476,0.5154308408498764,40
spatialTask_seperated,grouped,side,510.0,0.6713369332253933,0.6473106354475021,0.6922797039151192,40
spatialTask_seperated,grouped,side,520.0,0.7019119128584862,0.6827227726578713,0.7184668868780136,40
spatialTask_seperated,grouped,side,530.0,0.7178326457738876,0.7048349872231483,0.7291649341583252,40
spatialTask_seperated,grouped,side,540.0,0.7205967724323272,0.7072409614920616,0.731524258852005,40
spatialTask_seperated,grouped,side,550.0,0.7194511324167252,0.7071061670780182,0.729772487282753,40
spatialTask_seperated,grouped,side,560.0,0.7206769540905953,0.7101437017321587,0.7301960989832879,40
spatialTask_seperated,grouped,side,570.0,0.7204928755760193,0.7113502353429795,0.7291933059692383,40
spatialTask_seperated,grouped,side,580.0,0.7179500982165337,0.7087681412696838,0.7265341058373451,40
spatialTask_seperated,grouped,side,590.0,0.717838567495346,0.70936159491539,0.7261378347873688,40
spatialTask_seperated,grouped,side,600.0,0.7162917062640191,0.7075307667255402,0.7244902312755584,40
spatialTask_seperated,grouped,side,610.0,0.7145903453230857,0.7057974159717559,0.7227510049939155,40
spatialTask_seperated,grouped,side,620.0,0.7148306488990783,0.7058192178606987,0.7233685851097107,40
spatialTask_seperated,grouped,side,630.0,0.7140282526612282,0.7054353266954422,0.7224675580859184,40
spatialTask_seperated,grouped,side,640.0,0.7135441929101944,0.7045089513063431,0.7220175206661225,40
spatialTask_seperated,grouped,side,650.0,0.712560597062111,0.7039886832237243,0.7206493392586708,40
spatialTask_seperated,grouped,side,660.0,0.711834266781807,0.7031257897615433,0.7197725951671601,40
spatialTask_seperated,grouped,side,670.0,0.7112391144037247,0.7024868726730347,0.7197362259030342,40
spatialTask_seperated,grouped,side,680.0,0.710781230032444,0.7019979938864708,0.7192572355270386,40
spatialTask_seperated,grouped,side,690.0,0.7091946825385094,0.7002072989940643,0.7177496597170829,40
spatialTask_seperated,grouped,side,700.0,0.7088392019271851,0.7004754081368446,0.7171241000294686,40
spatialTask_seperated,grouped,side,710.0,0.7080810546875,0.699422512948513,0.7164652809500694,40
spatialTask_seperated,grouped,side,720.0,0.7062505707144737,0.6971949368715287,0.7151148825883865,40
spatialTask_seperated,grouped,side,730.0,0.7058369681239128,0.6972028344869614,0.7141525447368622,40
spatialTask_seperated,grouped,side,740.0,0.7051075130701066,0.6965960562229156,0.7134084060788155,40
spatialTask_seperated,grouped,side,750.0,0.7044187664985657,0.6954380542039871,0.7127535298466683,40
spatialTask_seperated,grouped,side,760.0,0.7038205295801163,0.6946535184979439,0.712292094528675,40
spatialTask_seperated,grouped,side,770.0,0.7037502825260162,0.6949065163731575,0.7122711330652237,40
spatialTask_seperated,grouped,side,780.0,0.7021203175187111,0.6931698322296143,0.7102917551994323,40
spatialTask_seperated,grouped,side,790.0,0.7021113991737366,0.6930855751037598,0.710460738837719,40
spatialTask_seperated,grouped,side,800.0,0.7019011929631234,0.6929845690727234,0.7104567557573318,40
spatialTask_seperated,grouped,side,810.0,0.7016479209065437,0.692804329097271,0.7099240943789482,40
spatialTask_seperated,grouped,side,820.0,0.7019672200083733,0.6935997933149338,0.7101009875535965,40
spatialTask_seperated,grouped,side,830.0,0.7012662202119827,0.692721988260746,0.7093701973557472,40
spatialTask_seperated,grouped,side,840.0,0.7020021408796311,0.6933490544557571,0.7102576911449432,40
spatialTask_seperated,grouped,side,850.0,0.7025873675942421,0.6944073140621185,0.7107053622603416,40
spatialTask_seperated,grouped,side,860.0,0.703064426779747,0.6944336131215095,0.7111633241176605,40
spatialTask_seperated,grouped,side,870.0,0.703400331735611,0.6945832744240761,0.7118352755904198,40
spatialTask_seperated,grouped,side,880.0,0.7039924636483192,0.6952210023999215,0.7125179827213287,40
spatialTask_seperated,grouped,side,890.0,0.7027386948466301,0.69399453997612,0.7106663748621941,40
spatialTask_seperated,grouped,side,900.0,0.7022541224956512,0.6936982408165931,0.7101216569542885,40
spatialTask_seperated,grouped,side,910.0,0.7017887711524964,0.6933760449290276,0.7096759811043739,40
spatialTask_seperated,grouped,side,920.0,0.701100580394268,0.6924484089016915,0.7090665996074677,40
spatialTask_seperated,grouped,side,930.0,0.7014949604868889,0.6929194271564484,0.7094421371817589,40
spatialTask_seperated,grouped,side,940.0,0.7012143224477768,0.6922315075993538,0.7092737421393395,40
spatialTask_seperated,grouped,side,950.0,0.7019800126552582,0.6930760741233826,0.7099491640925407,40
spatialTask_seperated,grouped,side,960.0,0.7025263264775277,0.6935329005122185,0.7104993760585785,40
spatialTask_seperated,grouped,side,970.0,0.7026179745793343,0.6938459515571594,0.7106318190693856,40
spatialTask_seperated,grouped,side,980.0,0.7023646503686904,0.6934508994221688,0.710534505546093,40
spatialTask_seperated,grouped,side,990.0,0.7020664915442467,0.6934776991605759,0.7101667329668999,40
spatialTask_seperated,grouped,side,1000.0,0.7018018424510956,0.6931478351354599,0.7098908439278603,40
spatialTask_seperated,grouped,side,1010.0,0.7028894662857056,0.6943298548460006,0.7109607934951783,40
spatialTask_seperated,grouped,side,1020.0,0.7027840495109559,0.6937494918704032,0.7109220117330551,40
spatialTask_seperated,grouped,side,1030.0,0.7034093201160431,0.69425038844347,0.7118281647562981,40
spatialTask_seperated,grouped,side,1040.0,0.703448137640953,0.694226796925068,0.7116347551345825,40
spatialTask_seperated,grouped,side,1050.0,0.7038732513785362,0.6953104630112648,0.7116964250802994,40
spatialTask_seperated,grouped,side,1060.0,0.7031256496906281,0.6946549877524376,0.7113095566630363,40
spatialTask_seperated,grouped,side,1070.0,0.7033667311072349,0.6948575168848038,0.7112561792135239,40
spatialTask_seperated,grouped,side,1080.0,0.7032400742173195,0.6945431739091873,0.7113236740231514,40
spatialTask_seperated,grouped,side,1090.0,0.7035983294248581,0.6948794573545456,0.7117213383316994,40
spatialTask_seperated,grouped,side,1100.0,0.7040741518139839,0.6958164274692535,0.7119687154889107,40
spatialTask_seperated,grouped,side,1110.0,0.7041346922516822,0.6959331572055817,0.7120218575000763,40
spatialTask_seperated,grouped,side,1120.0,0.7040888398885727,0.6957219585776329,0.7120119571685791,40
spatialTask_seperated,grouped,side,1130.0,0.7043220192193985,0.6958059430122375,0.7121258765459061,40
spatialTask_seperated,grouped,side,1140.0,0.7039030760526657,0.6950954690575599,0.71166210770607,40
spatialTask_seperated,grouped,side,1150.0,0.703452268242836,0.6951875954866409,0.711001755297184,40
spatialTask_seperated,grouped,side,1160.0,0.7034258082509041,0.6949510693550109,0.711039787530899,40
spatialTask_seperated,grouped,side,1170.0,0.7031923308968544,0.6947325721383095,0.710632598400116,40
spatialTask_seperated,grouped,side,1180.0,0.7033528953790664,0.6950309872627258,0.7110224649310112,40
spatialTask_seperated,grouped,side,1190.0,0.7036946713924408,0.6950983807444573,0.7113091662526131,40
spatialTask_seperated,grouped,side,1200.0,0.7039018988609314,0.695590777695179,0.7115425258874893,40
spatialTask_seperated,grouped,side,1210.0,0.7040598958730697,0.6955101683735847,0.7117359817028046,40
spatialTask_seperated,grouped,side,1220.0,0.7034635096788406,0.6946681797504425,0.7113876163959503,40
spatialTask_seperated,grouped,side,1230.0,0.7031471103429794,0.6946074068546295,0.7108156025409699,40
spatialTask_seperated,grouped,side,1240.0,0.7035483911633491,0.6948357790708541,0.7114526316523552,40
spatialTask_seperated,grouped,side,1250.0,0.7046736747026443,0.6961141332983971,0.7123314768075943,40
spatialTask_seperated,grouped,side,1260.0,0.7043223828077316,0.6960650831460953,0.7119607865810395,40
spatialTask_seperated,grouped,side,1270.0,0.7044879272580147,0.6957756772637367,0.7123307585716248,40
spatialTask_seperated,grouped,side,1280.0,0.7041730150580406,0.6954389616847039,0.7115433558821678,40
spatialTask_seperated,grouped,side,1290.0,0.7045940861105919,0.6960528403520584,0.7122162342071533,40
spatialTask_seperated,grouped,side,1300.0,0.7049699291586876,0.6964492231607438,0.7129244908690453,40
spatialTask_seperated,grouped,side,1310.0,0.7050561055541038,0.6969508111476899,0.7126474097371102,40
spatialTask_seperated,grouped,side,1320.0,0.7055111885070801,0.6972803264856339,0.7127932354807853,40
spatialTask_seperated,grouped,side,1330.0,0.7058598056435585,0.697651045024395,0.7131811439990997,40
spatialTask_seperated,grouped,side,1340.0,0.7066149964928627,0.6985236138105393,0.7139568403363228,40
spatialTask_seperated,grouped,side,1350.0,0.7069532737135887,0.6989119932055473,0.7143399938941002,40
spatialTask_seperated,grouped,side,1360.0,0.7066665247082711,0.698500245809555,0.7140364468097686,40
spatialTask_seperated,grouped,side,1370.0,0.7063933283090591,0.6978652372956275,0.7140674740076065,40
spatialTask_seperated,grouped,side,1380.0,0.7067970588803292,0.6984818160533905,0.7140975132584572,40
spatialTask_seperated,grouped,side,1390.0,0.7068642005324364,0.6987694591283798,0.7143968209624291,40
spatialTask_seperated,grouped,side,1400.0,0.706451703608036,0.698528952896595,0.7137173846364021,40
spatialTask_seperated,grouped,side,1410.0,0.7064234122633934,0.6982124820351601,0.7136114850640297,40
spatialTask_seperated,grouped,side,1420.0,0.7066996768116951,0.6987797141075134,0.7137989312410354,40
spatialTask_seperated,grouped,side,1430.0,0.7066685244441032,0.6989024996757507,0.713807612657547,40
spatialTask_seperated,grouped,side,1440.0,0.7069079101085662,0.6989080473780632,0.7141415998339653,40
spatialTask_seperated,grouped,side,1450.0,0.7073508828878403,0.6995309144258499,0.7145579114556313,40
spatialTask_seperated,grouped,side,1460.0,0.7070972740650177,0.6995439603924751,0.7142581686377525,40
spatialTask_seperated,grouped,side,1470.0,0.7073758020997047,0.6993530437350273,0.7147287145256996,40
spatialTask_seperated,grouped,side,1480.0,0.706865006685257,0.6989396214485168,0.714203628897667,40
spatialTask_seperated,grouped,side,1490.0,0.7077925711870193,0.700293493270874,0.7149980172514916,40
spatialTask_seperated,grouped,side,1500.0,0.7097698807716369,0.7013249635696411,0.7171565473079682,40
spatialTask_seperated,grouped,side,1510.0,0.7909360632300377,0.7695872381329536,0.809586250782013,40
spatialTask_seperated,grouped,side,1520.0,0.8325866892933845,0.8117088705301285,0.8512140899896622,40
spatialTask_seperated,grouped,side,1530.0,0.8511210411787034,0.8330844238400459,0.8678478538990021,40
spatialTask_seperated,grouped,side,1540.0,0.8661015287041665,0.8492895320057869,0.880513833463192,40
spatialTask_seperated,grouped,side,1550.0,0.8744429290294647,0.8605593606829643,0.8869976028800011,40
spatialTask_seperated,grouped,side,1560.0,0.882411377131939,0.87000892162323,0.8940590605139732,40
spatialTask_seperated,grouped,side,1570.0,0.8877377852797508,0.8765230059623719,0.8982787281274796,40
spatialTask_seperated,grouped,side,1580.0,0.8931809172034264,0.8828839898109436,0.902935579419136,40
spatialTask_seperated,grouped,side,1590.0,0.8975343808531762,0.888028834760189,0.9058626905083657,40
spatialTask_seperated,grouped,side,1600.0,0.8996837824583054,0.8900493666529655,0.9079914182424546,40
spatialTask_seperated,grouped,side,1610.0,0.8998093828558922,0.8898809656500817,0.90825355052948,40
spatialTask_seperated,grouped,side,1620.0,0.9021480858325959,0.8926894634962081,0.9101604118943214,40
spatialTask_seperated,grouped,side,1630.0,0.9058119460940361,0.8966447174549103,0.9132880970835686,40
spatialTask_seperated,grouped,side,1640.0,0.9095332458615303,0.9002260789275169,0.9170094892382622,40
spatialTask_seperated,grouped,side,1650.0,0.9139579042792321,0.9053370267152786,0.9211712881922722,40
spatialTask_seperated,grouped,side,1660.0,0.9173569813370704,0.9080604895949363,0.9249334931373596,40
spatialTask_seperated,grouped,side,1670.0,0.9192453399300575,0.9091852307319641,0.9272828996181488,40
spatialTask_seperated,grouped,side,1680.0,0.9206742212176323,0.9103807613253594,0.9290099546313286,40
spatialTask_seperated,grouped,side,1690.0,0.9227590411901474,0.9121895089745522,0.9306858122348786,40
spatialTask_seperated,grouped,side,1700.0,0.9244963213801384,0.9156726703047753,0.9318634152412415,40
spatialTask_seperated,grouped,side,1710.0,0.9267335936427117,0.9190909147262574,0.9331030800938607,40
spatialTask_seperated,grouped,side,1720.0,0.9278683453798294,0.921036821603775,0.9336033657193183,40
spatialTask_seperated,grouped,side,1730.0,0.9283117458224297,0.9216708838939667,0.9342206463217735,40
spatialTask_seperated,grouped,side,1740.0,0.9289099261164665,0.9228384405374527,0.9343925952911377,40
spatialTask_seperated,grouped,side,1750.0,0.9303128093481063,0.92431920170784,0.9358234867453575,40
spatialTask_seperated,grouped,side,1760.0,0.9325807884335517,0.9267911165952682,0.9376194655895234,40
spatialTask_seperated,grouped,side,1770.0,0.9331404969096184,0.9272129714488984,0.9384796977043152,40
spatialTask_seperated,grouped,side,1780.0,0.9336858585476875,0.9284066125750542,0.9383633241057396,40
spatialTask_seperated,grouped,side,1790.0,0.9356316357851029,0.9312754645943642,0.9396626606583596,40
spatialTask_seperated,grouped,side,1800.0,0.9381193220615387,0.933663971722126,0.9420529514551162,40
spatialTask_seperated,grouped,side,1810.0,0.9392636507749558,0.9350404113531112,0.9431223437190056,40
spatialTask_seperated,grouped,side,1820.0,0.9404554262757301,0.9362041130661964,0.9443890422582626,40
spatialTask_seperated,grouped,side,1830.0,0.9426244005560875,0.9382855385541916,0.9467729523777961,40
spatialTask_seperated,grouped,side,1840.0,0.9451037168502807,0.9411076888442039,0.9488030180335045,40
spatialTask_seperated,grouped,side,1850.0,0.947855044901371,0.9439596876502037,0.9513640210032464,40
spatialTask_seperated,grouped,side,1860.0,0.9501084476709366,0.9462509050965309,0.9536756336688995,40
spatialTask_seperated,grouped,side,1870.0,0.9508988931775093,0.947304853796959,0.954411244392395,40
spatialTask_seperated,grouped,side,1880.0,0.9527374595403671,0.9492783486843109,0.9560358360409736,40
spatialTask_seperated,grouped,side,1890.0,0.9542683020234108,0.9503599107265472,0.9582423537969589,40
spatialTask_seperated,grouped,side,1900.0,0.9545067250728607,0.9503609210252761,0.9583943754434585,40
spatialTask_seperated,grouped,side,1910.0,0.9548995211720467,0.9504310429096222,0.9587715253233909,40
spatialTask_seperated,grouped,side,1920.0,0.9547350376844406,0.950680710375309,0.9583457171916961,40
spatialTask_seperated,grouped,side,1930.0,0.9557258635759354,0.9516972914338112,0.9594644024968147,40
spatialTask_seperated,grouped,side,1940.0,0.9569813638925553,0.9527987241744995,0.9607095792889595,40
spatialTask_seperated,grouped,side,1950.0,0.9579042539000511,0.9534040585160255,0.9618029907345772,40
spatialTask_seperated,grouped,side,1960.0,0.9587110251188278,0.9545333087444305,0.9624204695224762,40
spatialTask_seperated,grouped,side,1970.0,0.9597514986991882,0.9553532212972641,0.9637332797050476,40
spatialTask_seperated,grouped,side,1980.0,0.9611736074090004,0.9570394814014435,0.965180829167366,40
spatialTask_seperated,grouped,side,1990.0,0.9628807350993156,0.9584859356284141,0.9670359164476394,40
spatialTask_seperated,grouped,side,2000.0,0.9628133267164231,0.9585867404937745,0.9669447124004364,40
spatialTask_seperated,grouped,side,2010.0,0.9626318275928497,0.9584284260869026,0.9667730316519737,40
spatialTask_seperated,grouped,side,2020.0,0.9631305038928986,0.9590224325656891,0.9673099234700203,40
spatialTask_seperated,grouped,side,2030.0,0.963590182363987,0.9594290435314179,0.9678215578198432,40
spatialTask_seperated,grouped,side,2040.0,0.9642131492495537,0.9599505320191384,0.9685843363404274,40
spatialTask_seperated,grouped,side,2050.0,0.9655789867043495,0.961400818824768,0.9696822732686996,40
spatialTask_seperated,grouped,side,2060.0,0.9674132093787193,0.963441975414753,0.9713242948055267,40
spatialTask_seperated,grouped,side,2070.0,0.9681694731116295,0.9643342614173889,0.9719707101583481,40
spatialTask_seperated,grouped,side,2080.0,0.9679560929536819,0.963965205848217,0.9717816054821015,40
spatialTask_seperated,grouped,side,2090.0,0.9687735363841057,0.9649097755551338,0.9725908219814301,40
spatialTask_seperated,grouped,side,2100.0,0.9689602136611939,0.9651286408305169,0.9725970730185509,40
spatialTask_seperated,grouped,side,2110.0,0.9685967147350312,0.9649239525198936,0.9723523512482644,40
spatialTask_seperated,grouped,side,2120.0,0.9682753145694732,0.9642526254057884,0.9719867601990699,40
spatialTask_seperated,grouped,side,2130.0,0.9676314860582351,0.9634070292115211,0.9714607104659081,40
spatialTask_seperated,grouped,side,2140.0,0.9673957377672195,0.9632926404476165,0.9713504910469055,40
spatialTask_seperated,grouped,side,2150.0,0.9675553411245346,0.9632634997367859,0.9716505661606789,40
spatialTask_seperated,grouped,side,2160.0,0.9678749471902848,0.9635101869702339,0.9720749288797379,40
spatialTask_seperated,grouped,side,2170.0,0.9678180232644081,0.9635327160358429,0.9719420954585075,40
spatialTask_seperated,grouped,side,2180.0,0.9683986768126488,0.9643120229244232,0.9722988396883011,40
spatialTask_seperated,grouped,side,2190.0,0.9691528111696244,0.9650013998150826,0.9730158925056458,40
spatialTask_seperated,grouped,side,2200.0,0.969695708155632,0.9656868681311608,0.973568071424961,40
spatialTask_seperated,grouped,side,2210.0,0.9703109011054039,0.9661906197667122,0.9740334659814834,40
spatialTask_seperated,grouped,side,2220.0,0.9714039772748947,0.9676802307367325,0.9751178964972496,40
spatialTask_seperated,grouped,side,2230.0,0.9715677052736282,0.9678262069821357,0.9752513960003852,40
spatialTask_seperated,grouped,side,2240.0,0.9718081504106522,0.9681840747594833,0.9753278747200966,40
spatialTask_seperated,grouped,side,2250.0,0.9722198486328125,0.9686161056160927,0.9758616641163826,40
spatialTask_seperated,grouped,side,2260.0,0.9727768227458,0.968975554406643,0.9765188857913017,40
spatialTask_seperated,grouped,side,2270.0,0.97315234541893,0.9692642271518708,0.9769788041710854,40
spatialTask_seperated,grouped,side,2280.0,0.9735647171735764,0.9695555567741394,0.9775002345442771,40
spatialTask_seperated,grouped,side,2290.0,0.9742325618863106,0.9698585152626038,0.9781891822814941,40
spatialTask_seperated,grouped,side,2300.0,0.9746877580881119,0.9701466709375381,0.9788902774453163,40
spatialTask_seperated,grouped,side,2310.0,0.9750677332282066,0.970377902686596,0.9794389218091964,40
spatialTask_seperated,grouped,side,2320.0,0.975804117321968,0.9710970550775528,0.9800079986453056,40
spatialTask_seperated,grouped,side,2330.0,0.9762696504592896,0.9716677606105805,0.9805738374590873,40
spatialTask_seperated,grouped,side,2340.0,0.9761645168066024,0.9718412905931473,0.9804487556219101,40
spatialTask_seperated,grouped,side,2350.0,0.976204065978527,0.9717467218637467,0.9806520059704781,40
spatialTask_seperated,grouped,side,2360.0,0.9762203425168992,0.9717728063464165,0.980709794163704,40
spatialTask_seperated,grouped,side,2370.0,0.9760036915540695,0.9716796353459358,0.980402047932148,40
spatialTask_seperated,grouped,side,2380.0,0.9758608996868133,0.9714456245303154,0.9803203225135804,40
spatialTask_seperated,grouped,side,2390.0,0.9761276468634605,0.9715453520417213,0.9807417914271355,40
spatialTask_seperated,grouped,side,2400.0,0.9764690101146698,0.9722195252776146,0.9809251189231872,40
spatialTask_seperated,grouped,side,2410.0,0.9766313701868057,0.9723545506596565,0.9810239240527153,40
spatialTask_seperated,grouped,side,2420.0,0.9768396064639091,0.9726815119385719,0.9813057616353035,40
spatialTask_seperated,grouped,side,2430.0,0.9776224747300148,0.9736302241683006,0.9821129113435745,40
spatialTask_seperated,grouped,side,2440.0,0.9780892685055733,0.9741536855697632,0.9821031883358955,40
spatialTask_seperated,grouped,side,2450.0,0.9782294601202011,0.9740291729569435,0.9823971912264824,40
spatialTask_seperated,grouped,side,2460.0,0.9787463828921318,0.9746914118528366,0.9827124506235123,40
spatialTask_seperated,grouped,side,2470.0,0.9790109381079674,0.9749921098351478,0.9830071985721588,40
spatialTask_seperated,grouped,side,2480.0,0.9786502912640571,0.9745007276535034,0.9826608687639237,40
spatialTask_seperated,grouped,side,2490.0,0.9789230778813363,0.9746683344244957,0.9827697768807411,40
spatialTask_seperated,grouped,side,2500.0,0.9797442883253098,0.975940129160881,0.983345265686512,40
spatialTask_seperated,grouped,side,2510.0,0.9806181713938713,0.9771987348794937,0.9838869541883468,40
spatialTask_seperated,grouped,side,2520.0,0.981113514304161,0.9779113829135895,0.9842227876186371,40
spatialTask_seperated,grouped,side,2530.0,0.9820779755711555,0.979142764210701,0.9851144075393676,40
spatialTask_seperated,grouped,side,2540.0,0.9824902594089509,0.9796940550208092,0.9855160161852836,40
spatialTask_seperated,grouped,side,2550.0,0.9829783692955971,0.9802723318338394,0.985760273039341,40
spatialTask_seperated,grouped,side,2560.0,0.983000385761261,0.9804446637630463,0.9857209488749504,40
spatialTask_seperated,grouped,side,2570.0,0.9832062557339668,0.9805976286530494,0.9859436810016632,40
spatialTask_seperated,grouped,side,2580.0,0.9833913788199424,0.980696189403534,0.9860251367092132,40
spatialTask_seperated,grouped,side,2590.0,0.983157254755497,0.9805365443229676,0.9857173919677734,40
spatialTask_seperated,grouped,side,2600.0,0.9837507545948029,0.9813874647021293,0.9862135142087937,40
spatialTask_seperated,grouped,side,2610.0,0.9838159412145615,0.981250311434269,0.9864109277725219,40
spatialTask_seperated,grouped,side,2620.0,0.9840089023113251,0.9813146129250526,0.9865954667329788,40
spatialTask_seperated,grouped,side,2630.0,0.9845154821872711,0.9819855138659477,0.9869571655988694,40
spatialTask_seperated,grouped,side,2640.0,0.9847178742289543,0.9823245748877525,0.9871269255876541,40
spatialTask_seperated,grouped,side,2650.0,0.9846416130661965,0.9823581993579864,0.9869734436273575,40
spatialTask_seperated,grouped,side,2660.0,0.9847684323787689,0.9823063507676124,0.9872592568397522,40
spatialTask_seperated,grouped,side,2670.0,0.9850254774093627,0.982492770254612,0.9876043140888214,40
spatialTask_seperated,grouped,side,2680.0,0.9850498870015144,0.9824856534600258,0.9876464307308197,40
spatialTask_seperated,grouped,side,2690.0,0.9853598237037658,0.9828202053904533,0.9878511726856232,40
spatialTask_seperated,grouped,side,2700.0,0.9856702581048011,0.9832459956407547,0.9880766630172729,40
spatialTask_seperated,grouped,side,2710.0,0.9857913076877594,0.9833323374390602,0.9882477700710297,40
spatialTask_seperated,grouped,side,2720.0,0.9857948869466782,0.983260041475296,0.988246288895607,40
spatialTask_seperated,grouped,side,2730.0,0.9859965324401856,0.9836718291044235,0.9882178738713264,40
spatialTask_seperated,grouped,side,2740.0,0.9863834142684936,0.9839448094367981,0.9887529402971268,40
spatialTask_seperated,grouped,side,2750.0,0.986951145529747,0.9842809215188026,0.989366152882576,40
spatialTask_seperated,grouped,side,2760.0,0.9873772472143173,0.9848471119999885,0.9897608622908592,40
spatialTask_seperated,grouped,side,2770.0,0.9872646942734719,0.9847150638699531,0.9896308496594429,40
spatialTask_seperated,grouped,side,2780.0,0.9872267410159111,0.9846684291958809,0.9895343601703643,40
spatialTask_seperated,grouped,side,2790.0,0.9875514850020408,0.9850965112447738,0.9898536697030067,40
spatialTask_seperated,grouped,side,2800.0,0.9875319093465805,0.9850381255149842,0.9898590683937073,40
spatialTask_seperated,grouped,side,2810.0,0.9876468420028687,0.9850961327552795,0.9898968860507011,40
spatialTask_seperated,grouped,side,2820.0,0.9876959875226021,0.9854682832956314,0.9898391321301461,40
spatialTask_seperated,grouped,side,2830.0,0.9882735252380371,0.986266265809536,0.990277461707592,40
spatialTask_seperated,grouped,side,2840.0,0.9889061138033867,0.9870100602507591,0.9908037856221199,40
spatialTask_seperated,grouped,side,2850.0,0.989253431558609,0.9874601945281029,0.9910145357251168,40
spatialTask_seperated,grouped,side,2860.0,0.9892790392041206,0.9875397145748138,0.9909111902117729,40
spatialTask_seperated,grouped,side,2870.0,0.9892559975385666,0.9875260755419731,0.9909548729658126,40
spatialTask_seperated,grouped,side,2880.0,0.9894173383712769,0.9876024767756462,0.991243164241314,40
spatialTask_seperated,grouped,side,2890.0,0.9895374268293381,0.9876536816358567,0.9913943767547607,40
spatialTask_seperated,grouped,side,2900.0,0.9899944558739662,0.9880085110664367,0.9919274896383286,40
spatialTask_seperated,grouped,side,2910.0,0.9899573385715484,0.9878255963325501,0.9918740928173065,40
spatialTask_seperated,grouped,side,2920.0,0.9900937840342522,0.9879213705658912,0.9920753449201584,40
spatialTask_seperated,grouped,side,2930.0,0.9901057407259941,0.9879028543829917,0.9921667873859406,40
spatialTask_seperated,grouped,side,2940.0,0.9901203587651253,0.987943272292614,0.9922163680195808,40
spatialTask_seperated,grouped,side,2950.0,0.9903608277440071,0.9882147938013077,0.9924754112958908,40
spatialTask_seperated,grouped,side,2960.0,0.9903520092368125,0.98824183344841,0.9924338713288308,40
spatialTask_seperated,grouped,side,2970.0,0.9903438493609429,0.9882934361696243,0.9923518002033234,40
spatialTask_seperated,grouped,side,2980.0,0.9902611240744591,0.9883369401097297,0.9923161581158638,40
spatialTask_seperated,grouped,side,2990.0,0.9907113209366798,0.9889026701450347,0.9926041603088379,40
spatialTask_seperated,grouped,side,3000.0,0.9908391952514648,0.9890505462884903,0.9927432104945183,40
spatialTask_seperated,grouped,side,3010.0,0.9911317646503448,0.9894557282328605,0.9929709658026695,40
spatialTask_seperated,grouped,side,3020.0,0.9914001926779747,0.989644019305706,0.9933286532759666,40
spatialTask_seperated,grouped,side,3030.0,0.991637772321701,0.9899108082056045,0.9935699656605721,40
spatialTask_seperated,grouped,side,3040.0,0.9919259861111641,0.9902068123221397,0.9938076823949814,40
spatialTask_seperated,grouped,side,3050.0,0.991518284380436,0.9896109536290169,0.9933604821562767,40
spatialTask_seperated,grouped,side,3060.0,0.9918963342905045,0.9901220977306366,0.9936855509877205,40
spatialTask_seperated,grouped,side,3070.0,0.9921050876379013,0.9904028341174126,0.9937623217701912,40
spatialTask_seperated,grouped,side,3080.0,0.9923449933528901,0.9907143846154213,0.9940162479877472,40
spatialTask_seperated,grouped,side,3090.0,0.9925967007875443,0.9908532217144966,0.9943018034100533,40
spatialTask_seperated,grouped,side,3100.0,0.9928216189146042,0.9911642208695411,0.9945115402340889,40
spatialTask_seperated,grouped,side,3110.0,0.992846266925335,0.991333295404911,0.9943940937519073,40
spatialTask_seperated,grouped,side,3120.0,0.9925361528992653,0.9909126132726669,0.9941767439246177,40
spatialTask_seperated,grouped,side,3130.0,0.9928199589252472,0.9912016063928604,0.9944469287991524,40
spatialTask_seperated,grouped,side,3140.0,0.9930906996130944,0.9915758520364761,0.9945733651518822,40
spatialTask_seperated,grouped,side,3150.0,0.9933430075645446,0.9916815996170044,0.9949316486716271,40
spatialTask_seperated,grouped,side,3160.0,0.9934480637311935,0.9918970480561257,0.9950313061475754,40
spatialTask_seperated,grouped,side,3170.0,0.9937031671404839,0.9921841159462929,0.995166502892971,40
spatialTask_seperated,grouped,side,3180.0,0.993858115375042,0.9925004824995994,0.9951896443963051,40
spatialTask_seperated,grouped,side,3190.0,0.9936476469039917,0.9921360105276108,0.9950332477688789,40
spatialTask_seperated,grouped,juice,0.0,0.5013560019433498,0.49834267497062684,0.5044343799352646,40
spatialTask_seperated,grouped,juice,10.0,0.5010038793087006,0.4969274491071701,0.5049079984426499,40
spatialTask_seperated,grouped,juice,20.0,0.5023540511727334,0.49889384731650355,0.5061067536473274,40
spatialTask_seperated,grouped,juice,30.0,0.5000168733298779,0.49661031290888785,0.5034944415092468,40
spatialTask_seperated,grouped,juice,40.0,0.5026888996362686,0.49913577288389205,0.5061726123094559,40
spatialTask_seperated,grouped,juice,50.0,0.5011558271944523,0.49748308658599855,0.5048544928431511,40
spatialTask_seperated,grouped,juice,60.0,0.5021917536854744,0.4985773429274559,0.5054826438426971,40
spatialTask_seperated,grouped,juice,70.0,0.4995923191308975,0.49562343060970304,0.5033185034990311,40
spatialTask_seperated,grouped,juice,80.0,0.5008559487760067,0.4973290219902992,0.5044430986046791,40
spatialTask_seperated,grouped,juice,90.0,0.5019697770476341,0.49852690324187277,0.5051876351237297,40
spatialTask_seperated,grouped,juice,100.0,0.5007752425968647,0.4974755965173244,0.5039664074778557,40
spatialTask_seperated,grouped,juice,110.0,0.5013894259929657,0.4976835668087006,0.5049640476703644,40
spatialTask_seperated,grouped,juice,120.0,0.5006786555051803,0.49685815200209615,0.5044229254126549,40
spatialTask_seperated,grouped,juice,130.0,0.5007043190300464,0.4964489959180355,0.5046287104487419,40
spatialTask_seperated,grouped,juice,140.0,0.5015031129121781,0.4966087371110916,0.5058055520057678,40
spatialTask_seperated,grouped,juice,150.0,0.5002734169363976,0.4959928870201111,0.5041467487812042,40
spatialTask_seperated,grouped,juice,160.0,0.5019542351365089,0.49773925766348837,0.5057141304016113,40
spatialTask_seperated,grouped,juice,170.0,0.49913566187024117,0.4944495163857937,0.5033221080899238,40
spatialTask_seperated,grouped,juice,180.0,0.4998261258006096,0.49517982453107834,0.5040689572691918,40
spatialTask_seperated,grouped,juice,190.0,0.5007733106613159,0.4962810143828392,0.504768630862236,40
spatialTask_seperated,grouped,juice,200.0,0.5004112116992474,0.4961438402533531,0.5044765561819077,40
spatialTask_seperated,grouped,juice,210.0,0.5018368124961853,0.49695244058966637,0.5056180953979492,40
spatialTask_seperated,grouped,juice,220.0,0.5013868682086468,0.497005794942379,0.5051459714770317,40
spatialTask_seperated,grouped,juice,230.0,0.5006120130419731,0.49681727960705757,0.5040723830461502,40
spatialTask_seperated,grouped,juice,240.0,0.5006848938763142,0.4967076614499092,0.5044870436191559,40
spatialTask_seperated,grouped,juice,250.0,0.49884784445166586,0.4948631219565868,0.5029077842831612,40
spatialTask_seperated,grouped,juice,260.0,0.49997052028775213,0.496021731197834,0.5036738693714142,40
spatialTask_seperated,grouped,juice,270.0,0.5014811374247075,0.4976253189146519,0.5050294235348701,40
spatialTask_seperated,grouped,juice,280.0,0.4998819656670094,0.4959321357309818,0.5036523073911667,40
spatialTask_seperated,grouped,juice,290.0,0.5020392052829266,0.4985019788146019,0.5054920360445976,40
spatialTask_seperated,grouped,juice,300.0,0.5002779386937618,0.4970158889889717,0.5036639735102654,40
spatialTask_seperated,grouped,juice,310.0,0.5028979912400245,0.4993435055017471,0.5066102355718612,40
spatialTask_seperated,grouped,juice,320.0,0.5018575102090835,0.4983818903565407,0.5056798115372658,40
spatialTask_seperated,grouped,juice,330.0,0.5016374245285988,0.4987030178308487,0.5046478465199471,40
spatialTask_seperated,grouped,juice,340.0,0.5005883365869522,0.49786838218569757,0.5036197319626808,40
spatialTask_seperated,grouped,juice,350.0,0.5015418857336045,0.49821160510182383,0.5050396829843521,40
spatialTask_seperated,grouped,juice,360.0,0.49972158446908,0.4965599365532398,0.5025418758392334,40
spatialTask_seperated,grouped,juice,370.0,0.500937121361494,0.4980826050043106,0.503775006532669,40
spatialTask_seperated,grouped,juice,380.0,0.5015920624136925,0.4986101947724819,0.5045920744538307,40
spatialTask_seperated,grouped,juice,390.0,0.5010012745857239,0.4978106528520584,0.5039418503642082,40
spatialTask_seperated,grouped,juice,400.0,0.500650928914547,0.4973345920443535,0.5036936044692993,40
spatialTask_seperated,grouped,juice,410.0,0.5005036167800426,0.4967251643538475,0.504116727411747,40
spatialTask_seperated,grouped,juice,420.0,0.5014561675488949,0.49809708446264267,0.5046569406986237,40
spatialTask_seperated,grouped,juice,430.0,0.5037595346570015,0.5001860737800599,0.5068917691707611,40
spatialTask_seperated,grouped,juice,440.0,0.5016793198883533,0.4976823002099991,0.5051317065954208,40
spatialTask_seperated,grouped,juice,450.0,0.5046037577092648,0.5012032493948937,0.5075013533234596,40
spatialTask_seperated,grouped,juice,460.0,0.5025631316006184,0.49946970865130424,0.5055175811052323,40
spatialTask_seperated,grouped,juice,470.0,0.5029371187090874,0.49900314658880235,0.5066548317670823,40
spatialTask_seperated,grouped,juice,480.0,0.5022824697196484,0.4991202786564827,0.5053169593214989,40
spatialTask_seperated,grouped,juice,490.0,0.5017066664993763,0.49812104403972624,0.5051255375146866,40
spatialTask_seperated,grouped,juice,500.0,0.5639847531914711,0.5583067700266838,0.5699629992246628,40
spatialTask_seperated,grouped,juice,510.0,0.5899991482496262,0.5787569090723992,0.6014878243207932,40
spatialTask_seperated,grouped,juice,520.0,0.6275101885199547,0.6123832195997239,0.643499779701233,40
spatialTask_seperated,grouped,juice,530.0,0.65882278829813,0.6434731006622314,0.674446952342987,40
spatialTask_seperated,grouped,juice,540.0,0.6767265021800994,0.6611479610204697,0.692335557937622,40
spatialTask_seperated,grouped,juice,550.0,0.6860280379652977,0.6715283587574958,0.6998542413115502,40
spatialTask_seperated,grouped,juice,560.0,0.6936014413833618,0.6801158130168915,0.706202320754528,40
spatialTask_seperated,grouped,juice,570.0,0.6981717556715011,0.6852652072906494,0.710694719851017,40
spatialTask_seperated,grouped,juice,580.0,0.6988776385784149,0.6874583974480629,0.7097837775945663,40
spatialTask_seperated,grouped,juice,590.0,0.6992469444870949,0.6879901394248009,0.7097926422953605,40
spatialTask_seperated,grouped,juice,600.0,0.7006352603435516,0.689933393895626,0.7112386643886566,40
spatialTask_seperated,grouped,juice,610.0,0.6993807941675186,0.6888295963406563,0.7104287818074226,40
spatialTask_seperated,grouped,juice,620.0,0.6991301283240319,0.6876312285661698,0.7101893544197082,40
spatialTask_seperated,grouped,juice,630.0,0.6987855091691018,0.6873653545975685,0.7096704199910164,40
spatialTask_seperated,grouped,juice,640.0,0.697248974442482,0.6856824070215225,0.7086511924862862,40
spatialTask_seperated,grouped,juice,650.0,0.6956375926733017,0.6838807344436646,0.7063973471522331,40
spatialTask_seperated,grouped,juice,660.0,0.6942591935396194,0.6830670937895775,0.7052067890763283,40
spatialTask_seperated,grouped,juice,670.0,0.694346196949482,0.6833961173892021,0.7047943532466888,40
spatialTask_seperated,grouped,juice,680.0,0.6944137632846832,0.6832669973373413,0.7051962673664093,40
spatialTask_seperated,grouped,juice,690.0,0.6930494517087936,0.6820869788527488,0.7040309011936188,40
spatialTask_seperated,grouped,juice,700.0,0.6925466194748878,0.6818835988640786,0.7037026464939118,40
spatialTask_seperated,grouped,juice,710.0,0.6917357549071312,0.6809994533658028,0.7023320645093918,40
spatialTask_seperated,grouped,juice,720.0,0.689573909342289,0.6783448815345764,0.7002778291702271,40
spatialTask_seperated,grouped,juice,730.0,0.6887865871191025,0.6777765169739723,0.6992607593536377,40
spatialTask_seperated,grouped,juice,740.0,0.6885391771793365,0.678350655734539,0.6990111514925956,40
spatialTask_seperated,grouped,juice,750.0,0.6891619294881821,0.6787527784705162,0.6997137546539307,40
spatialTask_seperated,grouped,juice,760.0,0.6882412135601044,0.6777009695768357,0.698750464618206,40
spatialTask_seperated,grouped,juice,770.0,0.68731489777565,0.676347291469574,0.6975165411829949,40
spatialTask_seperated,grouped,juice,780.0,0.6860862269997596,0.6749531507492066,0.6966454893350601,40
spatialTask_seperated,grouped,juice,790.0,0.6850989788770676,0.6738637953996658,0.6955164834856987,40
spatialTask_seperated,grouped,juice,800.0,0.684693843126297,0.673207476735115,0.6953142523765564,40
spatialTask_seperated,grouped,juice,810.0,0.6836724117398262,0.6726647406816483,0.6944129005074501,40
spatialTask_seperated,grouped,juice,820.0,0.6835878893733025,0.672210556268692,0.694323880970478,40
spatialTask_seperated,grouped,juice,830.0,0.6837049037218094,0.6724390923976898,0.6945939287543297,40
spatialTask_seperated,grouped,juice,840.0,0.6831441953778267,0.6719633579254151,0.6935640409588814,40
spatialTask_seperated,grouped,juice,850.0,0.6839109569787979,0.6727815717458725,0.6942687809467316,40
spatialTask_seperated,grouped,juice,860.0,0.6849260970950126,0.6738815426826477,0.6950280651450157,40
spatialTask_seperated,grouped,juice,870.0,0.6859762847423554,0.6755737319588662,0.695902693271637,40
spatialTask_seperated,grouped,juice,880.0,0.6853248700499535,0.6747498571872711,0.6953013598918915,40
spatialTask_seperated,grouped,juice,890.0,0.6845467329025269,0.6735740572214126,0.6952600926160812,40
spatialTask_seperated,grouped,juice,900.0,0.6845258370041847,0.6733782052993774,0.6951976284384728,40
spatialTask_seperated,grouped,juice,910.0,0.6839042559266091,0.6728209257125854,0.6943189755082131,40
spatialTask_seperated,grouped,juice,920.0,0.6837514787912369,0.6727996870875359,0.6939071640372276,40
spatialTask_seperated,grouped,juice,930.0,0.6838363528251648,0.6731581434607505,0.6938065201044082,40
spatialTask_seperated,grouped,juice,940.0,0.6837229207158089,0.6731242761015892,0.6937505513429642,40
spatialTask_seperated,grouped,juice,950.0,0.6835948303341866,0.6729025512933731,0.6934313163161278,40
spatialTask_seperated,grouped,juice,960.0,0.6841027542948723,0.6735522463917732,0.6941064953804016,40
spatialTask_seperated,grouped,juice,970.0,0.6838840886950492,0.6727656468749046,0.6938932701945305,40
spatialTask_seperated,grouped,juice,980.0,0.6844084545969963,0.6734847202897072,0.6943030521273613,40
spatialTask_seperated,grouped,juice,990.0,0.6848123580217361,0.6738496869802475,0.6946648880839348,40
spatialTask_seperated,grouped,juice,1000.0,0.6847686156630516,0.6741928860545159,0.6945908188819885,40
spatialTask_seperated,grouped,juice,1010.0,0.6842886507511139,0.6740337103605271,0.6941206470131874,40
spatialTask_seperated,grouped,juice,1020.0,0.6847008109092713,0.6737117886543273,0.6945321217179299,40
spatialTask_seperated,grouped,juice,1030.0,0.6836472928524018,0.6727557063102723,0.6936389252543449,40
spatialTask_seperated,grouped,juice,1040.0,0.6842324152588845,0.673288394510746,0.6943170621991157,40
spatialTask_seperated,grouped,juice,1050.0,0.6852457463741303,0.6748977348208427,0.6953623682260514,40
spatialTask_seperated,grouped,juice,1060.0,0.6858071237802505,0.6751425966620446,0.6956807285547256,40
spatialTask_seperated,grouped,juice,1070.0,0.6851860105991363,0.6753489017486572,0.694617523252964,40
spatialTask_seperated,grouped,juice,1080.0,0.6840571686625481,0.6731444284319877,0.6939883038401604,40
spatialTask_seperated,grouped,juice,1090.0,0.6847911328077316,0.6747531771659852,0.6943626075983047,40
spatialTask_seperated,grouped,juice,1100.0,0.6851539582014083,0.6746277511119843,0.6952621281147003,40
spatialTask_seperated,grouped,juice,1110.0,0.6849037393927574,0.6741982087492943,0.6951534643769264,40
spatialTask_seperated,grouped,juice,1120.0,0.6849976256489754,0.6745082214474678,0.6950988546013832,40
spatialTask_seperated,grouped,juice,1130.0,0.6856943786144256,0.6754412829875946,0.6956476673483849,40
spatialTask_seperated,grouped,juice,1140.0,0.6850408911705017,0.6747923478484154,0.6949146807193756,40
spatialTask_seperated,grouped,juice,1150.0,0.684957018494606,0.6745247498154641,0.6950852245092392,40
spatialTask_seperated,grouped,juice,1160.0,0.6853266745805741,0.6745631664991378,0.6954248666763305,40
spatialTask_seperated,grouped,juice,1170.0,0.6855636075139045,0.674938614666462,0.6957316279411316,40
spatialTask_seperated,grouped,juice,1180.0,0.6849107071757317,0.6745521664619446,0.6951884359121323,40
spatialTask_seperated,grouped,juice,1190.0,0.6848367676138878,0.674734553694725,0.6950304582715034,40
spatialTask_seperated,grouped,juice,1200.0,0.6846276044845581,0.6745625391602517,0.6946780204772949,40
spatialTask_seperated,grouped,juice,1210.0,0.6847329586744308,0.6750470921397209,0.6946570217609406,40
spatialTask_seperated,grouped,juice,1220.0,0.6838329583406448,0.6739363297820091,0.6937147513031959,40
spatialTask_seperated,grouped,juice,1230.0,0.6847278848290443,0.6749214604496956,0.6950214609503746,40
spatialTask_seperated,grouped,juice,1240.0,0.6854477360844612,0.6754649236798287,0.6956988140940666,40
spatialTask_seperated,grouped,juice,1250.0,0.686268949508667,0.6766998931765557,0.6963572695851326,40
spatialTask_seperated,grouped,juice,1260.0,0.6862687677145004,0.6762683421373368,0.6964178591966629,40
spatialTask_seperated,grouped,juice,1270.0,0.6851724043488503,0.6749872103333473,0.6952229097485543,40
spatialTask_seperated,grouped,juice,1280.0,0.6858334302902221,0.6755678176879882,0.6959107831120491,40
spatialTask_seperated,grouped,juice,1290.0,0.686344462633133,0.6759617015719414,0.6962442368268966,40
spatialTask_seperated,grouped,juice,1300.0,0.6872111693024635,0.6770833700895309,0.697277107834816,40
spatialTask_seperated,grouped,juice,1310.0,0.6873161166906356,0.677392202615738,0.6973175406455994,40
spatialTask_seperated,grouped,juice,1320.0,0.6872209176421166,0.6769963875412941,0.697210593521595,40
spatialTask_seperated,grouped,juice,1330.0,0.6877269685268402,0.6777569949626923,0.6978635609149932,40
spatialTask_seperated,grouped,juice,1340.0,0.6879090011119843,0.6774017199873924,0.6981788888573647,40
spatialTask_seperated,grouped,juice,1350.0,0.6875939443707466,0.6772145792841912,0.6979388624429703,40
spatialTask_seperated,grouped,juice,1360.0,0.6870600804686546,0.676765488088131,0.6972800135612488,40
spatialTask_seperated,grouped,juice,1370.0,0.6865836933255196,0.6760133996605873,0.6969876542687417,40
spatialTask_seperated,grouped,juice,1380.0,0.6865149661898613,0.6763282895088196,0.6966742187738418,40
spatialTask_seperated,grouped,juice,1390.0,0.686496353149414,0.6760129809379578,0.6966844111680984,40
spatialTask_seperated,grouped,juice,1400.0,0.6863385200500488,0.6753260478377342,0.6969029098749161,40
spatialTask_seperated,grouped,juice,1410.0,0.6869410052895546,0.6755905002355576,0.69753138422966,40
spatialTask_seperated,grouped,juice,1420.0,0.6872549101710319,0.6768060073256492,0.6972899556159973,40
spatialTask_seperated,grouped,juice,1430.0,0.6868967711925507,0.6759174630045891,0.6974931910634041,40
spatialTask_seperated,grouped,juice,1440.0,0.6884540289640426,0.6777762457728386,0.6985890373587609,40
spatialTask_seperated,grouped,juice,1450.0,0.6879207983613014,0.6773991689085961,0.6979869827628136,40
spatialTask_seperated,grouped,juice,1460.0,0.6870701983571053,0.6767093107104302,0.6972203209996224,40
spatialTask_seperated,grouped,juice,1470.0,0.6882083401083946,0.6782097399234772,0.6979301914572715,40
spatialTask_seperated,grouped,juice,1480.0,0.6874389410018921,0.6773381859064103,0.6972506672143937,40
spatialTask_seperated,grouped,juice,1490.0,0.688073655962944,0.6780580818653107,0.6978847876191139,40
spatialTask_seperated,grouped,juice,1500.0,0.8869788259267807,0.8793978661298751,0.8949126094579697,40
spatialTask_seperated,grouped,juice,1510.0,0.884668318927288,0.8773737415671349,0.892030043900013,40
spatialTask_seperated,grouped,juice,1520.0,0.8826498225331306,0.8754385575652123,0.8900601252913475,40
spatialTask_seperated,grouped,juice,1530.0,0.8809866830706596,0.8739347413182259,0.8884482875466346,40
spatialTask_seperated,grouped,juice,1540.0,0.8827855870127678,0.8756874546408653,0.8898952960968017,40
spatialTask_seperated,grouped,juice,1550.0,0.8837961047887802,0.876136676967144,0.8910891279578209,40
spatialTask_seperated,grouped,juice,1560.0,0.8841331705451012,0.8768034338951111,0.8911845743656158,40
spatialTask_seperated,grouped,juice,1570.0,0.8842163175344467,0.8767074644565582,0.8917049020528793,40
spatialTask_seperated,grouped,juice,1580.0,0.8810507282614708,0.8730558723211288,0.8885954335331917,40
spatialTask_seperated,grouped,juice,1590.0,0.8805270999670028,0.8729799464344978,0.8877813592553139,40
spatialTask_seperated,grouped,juice,1600.0,0.8800559207797051,0.8718757078051567,0.8875671982765198,40
spatialTask_seperated,grouped,juice,1610.0,0.8790420323610306,0.871034137904644,0.8868243053555489,40
spatialTask_seperated,grouped,juice,1620.0,0.8762140199542046,0.8680281698703766,0.8841760203242301,40
spatialTask_seperated,grouped,juice,1630.0,0.8742066159844398,0.8656894713640213,0.8823414579033851,40
spatialTask_seperated,grouped,juice,1640.0,0.8727339610457421,0.8641033217310905,0.8811189979314804,40
spatialTask_seperated,grouped,juice,1650.0,0.8721023380756379,0.8634894475340843,0.8805920109152794,40
spatialTask_seperated,grouped,juice,1660.0,0.8700816988945007,0.8608846679329872,0.8789535254240036,40
spatialTask_seperated,grouped,juice,1670.0,0.8693657904863358,0.8598162233829498,0.8783507034182548,40
spatialTask_seperated,grouped,juice,1680.0,0.869139751791954,0.8597703650593758,0.8784859657287598,40
spatialTask_seperated,grouped,juice,1690.0,0.8667333424091339,0.8568922653794289,0.8760025843977928,40
spatialTask_seperated,grouped,juice,1700.0,0.8641136810183525,0.854138833284378,0.8732113674283027,40
spatialTask_seperated,grouped,juice,1710.0,0.8638948738574982,0.8531317725777626,0.8736701652407646,40
spatialTask_seperated,grouped,juice,1720.0,0.8649730309844017,0.8552930057048798,0.8744278505444527,40
spatialTask_seperated,grouped,juice,1730.0,0.86385468095541,0.8540148794651031,0.8737240374088288,40
spatialTask_seperated,grouped,juice,1740.0,0.8620933383703232,0.8506929203867912,0.8730830743908882,40
spatialTask_seperated,grouped,juice,1750.0,0.8584277853369713,0.8457010149955749,0.8702018365263939,40
spatialTask_seperated,grouped,juice,1760.0,0.8557755708694458,0.8415442645549774,0.8685426205396652,40
spatialTask_seperated,grouped,juice,1770.0,0.8546681702136993,0.8399008944630623,0.8682403221726418,40
spatialTask_seperated,grouped,juice,1780.0,0.8526309341192245,0.8368162184953689,0.8674067065119744,40
spatialTask_seperated,grouped,juice,1790.0,0.850582905113697,0.8333264783024787,0.8662923499941826,40
spatialTask_seperated,grouped,juice,1800.0,0.8495831713080406,0.8313693761825561,0.8656632527709007,40
spatialTask_seperated,grouped,juice,1810.0,0.8458076849579811,0.8274125158786774,0.8632579684257508,40
spatialTask_seperated,grouped,juice,1820.0,0.8445477589964867,0.82574772387743,0.8621226280927659,40
spatialTask_seperated,grouped,juice,1830.0,0.8441182613372803,0.8250327840447426,0.8621589913964272,40
spatialTask_seperated,grouped,juice,1840.0,0.8431825742125512,0.8245837330818176,0.8612464815378189,40
spatialTask_seperated,grouped,juice,1850.0,0.8427215099334717,0.8223969370126725,0.8613915026187897,40
spatialTask_seperated,grouped,juice,1860.0,0.8428759679198266,0.822224247455597,0.8623827219009399,40
spatialTask_seperated,grouped,juice,1870.0,0.8422903150320054,0.8215737670660019,0.8623511120676994,40
spatialTask_seperated,grouped,juice,1880.0,0.8424172729253769,0.8207572549581528,0.8634411081671715,40
spatialTask_seperated,grouped,juice,1890.0,0.8414688870310784,0.8190335422754288,0.863303716480732,40
spatialTask_seperated,grouped,juice,1900.0,0.8409287452697753,0.8185536727309227,0.8619870454072952,40
spatialTask_seperated,grouped,juice,1910.0,0.8409975796937943,0.8183942928910255,0.8623660534620284,40
spatialTask_seperated,grouped,juice,1920.0,0.8423185631632805,0.8185882270336151,0.8636921390891075,40
spatialTask_seperated,grouped,juice,1930.0,0.8421164706349373,0.8175497591495514,0.8636010497808456,40
spatialTask_seperated,grouped,juice,1940.0,0.8431643128395081,0.8186698466539383,0.864973846077919,40
spatialTask_seperated,grouped,juice,1950.0,0.844176410138607,0.819767165184021,0.8655049234628678,40
spatialTask_seperated,grouped,juice,1960.0,0.8441851496696472,0.8197502732276917,0.8656342282891274,40
spatialTask_seperated,grouped,juice,1970.0,0.8434449762105942,0.8191420525312424,0.8658398672938347,40
spatialTask_seperated,grouped,juice,1980.0,0.8447054415941239,0.8199952408671379,0.8672792747616768,40
spatialTask_seperated,grouped,juice,1990.0,0.8465540200471878,0.8223278895020485,0.8702028557658196,40
spatialTask_seperated,grouped,juice,2000.0,0.8470996052026749,0.8227745398879052,0.8704965695738792,40
spatialTask_seperated,grouped,juice,2010.0,0.8479751512408257,0.8231834754347801,0.8718879640102386,40
spatialTask_seperated,grouped,juice,2020.0,0.8502178236842155,0.8254853874444962,0.8746257737278939,40
spatialTask_seperated,grouped,juice,2030.0,0.851440753042698,0.8261081755161286,0.8754074305295945,40
spatialTask_seperated,grouped,juice,2040.0,0.8523483544588089,0.8275634080171586,0.8759033232927322,40
spatialTask_seperated,grouped,juice,2050.0,0.8506051227450371,0.8247359707951546,0.8744611069560051,40
spatialTask_seperated,grouped,juice,2060.0,0.8480647936463356,0.821538619697094,0.8729070648550987,40
spatialTask_seperated,grouped,juice,2070.0,0.8479721203446389,0.8220985606312752,0.8722441956400871,40
spatialTask_seperated,grouped,juice,2080.0,0.8469737216830253,0.8217561915516853,0.8709814086556434,40
spatialTask_seperated,grouped,juice,2090.0,0.8466521635651588,0.8222210854291916,0.8707397490739822,40
spatialTask_seperated,grouped,juice,2100.0,0.8448925331234932,0.820330074429512,0.868608857691288,40
spatialTask_seperated,grouped,juice,2110.0,0.8430832132697106,0.8186575576663018,0.86736049503088,40
spatialTask_seperated,grouped,juice,2120.0,0.8408732801675797,0.8161367624998093,0.8654856726527214,40
spatialTask_seperated,grouped,juice,2130.0,0.839750449359417,0.8147195264697075,0.8644718185067177,40
spatialTask_seperated,grouped,juice,2140.0,0.8358199417591095,0.8102268621325492,0.860531322658062,40
spatialTask_seperated,grouped,juice,2150.0,0.8324740469455719,0.8068934187293053,0.8573826089501381,40
spatialTask_seperated,grouped,juice,2160.0,0.8306285351514816,0.8043691143393517,0.8562359035015106,40
spatialTask_seperated,grouped,juice,2170.0,0.8288529396057129,0.8014567360281944,0.8546771839261055,40
spatialTask_seperated,grouped,juice,2180.0,0.8290314570069313,0.8029346346855164,0.8547445461153984,40
spatialTask_seperated,grouped,juice,2190.0,0.8295659199357033,0.8035523518919945,0.8556870967149734,40
spatialTask_seperated,grouped,juice,2200.0,0.829820066690445,0.8032060220837594,0.8566897362470627,40
spatialTask_seperated,grouped,juice,2210.0,0.8284398451447487,0.8017165526747704,0.8550923228263855,40
spatialTask_seperated,grouped,juice,2220.0,0.8277643784880638,0.801452074944973,0.8545568764209748,40
spatialTask_seperated,grouped,juice,2230.0,0.8250235393643379,0.7982825726270676,0.8521122604608535,40
spatialTask_seperated,grouped,juice,2240.0,0.8227753713726997,0.796543450653553,0.849555715918541,40
spatialTask_seperated,grouped,juice,2250.0,0.8215323716402054,0.7956524223089219,0.8482712939381599,40
spatialTask_seperated,grouped,juice,2260.0,0.8190571874380111,0.7928986847400665,0.846841287612915,40
spatialTask_seperated,grouped,juice,2270.0,0.8164901912212372,0.7901358053088188,0.8438744738698005,40
spatialTask_seperated,grouped,juice,2280.0,0.813961885869503,0.7876029759645462,0.8415657967329025,40
spatialTask_seperated,grouped,juice,2290.0,0.8117346748709678,0.7851257294416427,0.8393672659993172,40
spatialTask_seperated,grouped,juice,2300.0,0.8102175161242485,0.7837411805987358,0.8380226701498031,40
spatialTask_seperated,grouped,juice,2310.0,0.8073720619082451,0.7808672234416008,0.8351849541068077,40
spatialTask_seperated,grouped,juice,2320.0,0.8041441172361374,0.7770127847790718,0.8320393890142441,40
spatialTask_seperated,grouped,juice,2330.0,0.8009046480059624,0.773332704603672,0.8291725367307663,40
spatialTask_seperated,grouped,juice,2340.0,0.79825718998909,0.7705543637275696,0.8267421215772629,40
spatialTask_seperated,grouped,juice,2350.0,0.7954730957746505,0.7671743869781494,0.824566887319088,40
spatialTask_seperated,grouped,juice,2360.0,0.791605430841446,0.7628412574529648,0.8214477866888046,40
spatialTask_seperated,grouped,juice,2370.0,0.7887112185359001,0.7599049046635628,0.8180905848741531,40
spatialTask_seperated,grouped,juice,2380.0,0.7852105289697647,0.7564018175005913,0.8140981569886208,40
spatialTask_seperated,grouped,juice,2390.0,0.7819761857390404,0.7528107792139054,0.8102740168571472,40
spatialTask_seperated,grouped,juice,2400.0,0.780243019759655,0.7514263942837716,0.8085824802517891,40
spatialTask_seperated,grouped,juice,2410.0,0.7769086316227913,0.7484054282307625,0.8047866761684418,40
spatialTask_seperated,grouped,juice,2420.0,0.774025110900402,0.74600690305233,0.802342589199543,40
spatialTask_seperated,grouped,juice,2430.0,0.7711781278252602,0.7437778443098069,0.7989788994193077,40
spatialTask_seperated,grouped,juice,2440.0,0.767288687825203,0.7400096565485,0.7944652959704399,40
spatialTask_seperated,grouped,juice,2450.0,0.7641183242201806,0.7375345200300216,0.7902668088674545,40
spatialTask_seperated,grouped,juice,2460.0,0.7589845135807991,0.7322313591837883,0.7860401719808578,40
spatialTask_seperated,grouped,juice,2470.0,0.755140133202076,0.7282483071088791,0.7828761830925941,40
spatialTask_seperated,grouped,juice,2480.0,0.7501766979694366,0.7233698427677154,0.7773532345890999,40
spatialTask_seperated,grouped,juice,2490.0,0.7457088440656662,0.7192748233675956,0.7729592859745026,40
spatialTask_seperated,grouped,juice,2500.0,0.740549935400486,0.7142664521932602,0.7678074851632118,40
spatialTask_seperated,grouped,juice,2510.0,0.7350727409124375,0.708266994357109,0.7627922967076302,40
spatialTask_seperated,grouped,juice,2520.0,0.7304678708314896,0.7032371282577514,0.759338042140007,40
spatialTask_seperated,grouped,juice,2530.0,0.726258946955204,0.6986976653337479,0.7543113946914672,40
spatialTask_seperated,grouped,juice,2540.0,0.7209276288747788,0.69408960044384,0.748099198937416,40
spatialTask_seperated,grouped,juice,2550.0,0.7142129749059677,0.6864048823714256,0.7414554297924042,40
spatialTask_seperated,grouped,juice,2560.0,0.7103631675243378,0.6816771700978279,0.7374423801898956,40
spatialTask_seperated,grouped,juice,2570.0,0.7086548715829849,0.6804559156298637,0.7359377935528755,40
spatialTask_seperated,grouped,juice,2580.0,0.7069817915558815,0.6802731066942215,0.7351970940828323,40
spatialTask_seperated,grouped,juice,2590.0,0.707136082649231,0.679812553524971,0.7345129787921906,40
spatialTask_seperated,grouped,juice,2600.0,0.7061795502901077,0.6787962928414345,0.7332956075668334,40
spatialTask_seperated,grouped,juice,2610.0,0.7043988138437272,0.6766455575823784,0.7318932697176933,40
spatialTask_seperated,grouped,juice,2620.0,0.7008027181029319,0.6733555391430854,0.7278224915266037,40
spatialTask_seperated,grouped,juice,2630.0,0.6974923565983773,0.6701529219746589,0.7244547247886658,40
spatialTask_seperated,grouped,juice,2640.0,0.6912847638130188,0.6621031075716018,0.7206072926521301,40
spatialTask_seperated,grouped,juice,2650.0,0.6870233252644539,0.6573130145668984,0.7180412217974663,40
spatialTask_seperated,grouped,juice,2660.0,0.6844872057437896,0.6550189390778541,0.7145942479372025,40
spatialTask_seperated,grouped,juice,2670.0,0.6820570200681686,0.6526398703455925,0.7127007454633713,40
spatialTask_seperated,grouped,juice,2680.0,0.6806398361921311,0.6515563681721688,0.7104581221938133,40
spatialTask_seperated,grouped,juice,2690.0,0.6769018962979316,0.6474810600280761,0.706694208085537,40
spatialTask_seperated,grouped,juice,2700.0,0.6741929367184639,0.6451137974858284,0.7031785756349563,40
spatialTask_seperated,grouped,juice,2710.0,0.6705348685383796,0.6415308535099029,0.699838075041771,40
spatialTask_seperated,grouped,juice,2720.0,0.6658968269824982,0.6374506458640099,0.694643160700798,40
spatialTask_seperated,grouped,juice,2730.0,0.6613905869424344,0.63223115503788,0.6906286910176277,40
spatialTask_seperated,grouped,juice,2740.0,0.6576624527573586,0.6277497187256813,0.6864969119429588,40
spatialTask_seperated,grouped,juice,2750.0,0.6537421129643917,0.6238993018865585,0.6835639983415603,40
spatialTask_seperated,grouped,juice,2760.0,0.6484993949532509,0.6178540408611297,0.6779786393046379,40
spatialTask_seperated,grouped,juice,2770.0,0.6454109191894531,0.6146137624979019,0.6742981940507888,40
spatialTask_seperated,grouped,juice,2780.0,0.640707541257143,0.6096318751573563,0.6690463274717331,40
spatialTask_seperated,grouped,juice,2790.0,0.6356626860797405,0.6056671962141991,0.6635475054383277,40
spatialTask_seperated,grouped,juice,2800.0,0.6309243887662888,0.6014762923121453,0.6594739124178887,40
spatialTask_seperated,grouped,juice,2810.0,0.6263113968074322,0.5969636932015419,0.6555490285158158,40
spatialTask_seperated,grouped,juice,2820.0,0.6215284325182437,0.5926915556192398,0.6502522602677345,40
spatialTask_seperated,grouped,juice,2830.0,0.6164242446422576,0.5870072185993195,0.6439580142498016,40
spatialTask_seperated,grouped,juice,2840.0,0.6149876110255719,0.5859698385000229,0.6422022923827171,40
spatialTask_seperated,grouped,juice,2850.0,0.6119401440024376,0.5815957069396973,0.6405629113316536,40
spatialTask_seperated,grouped,juice,2860.0,0.6079916782677174,0.5780126690864563,0.6368106514215469,40
spatialTask_seperated,grouped,juice,2870.0,0.6076808497309685,0.5778208911418915,0.6362893462181092,40
spatialTask_seperated,grouped,juice,2880.0,0.6063253454864025,0.5770404249429703,0.6349277317523956,40
spatialTask_seperated,grouped,juice,2890.0,0.603999950736761,0.5752071455121041,0.6315096274018288,40
spatialTask_seperated,grouped,juice,2900.0,0.6023564599454403,0.574181841313839,0.6294933542609215,40
spatialTask_seperated,grouped,juice,2910.0,0.599506288766861,0.5713657557964325,0.6261954218149185,40
spatialTask_seperated,grouped,juice,2920.0,0.5988939449191093,0.5711569488048553,0.6245089665055275,40
spatialTask_seperated,grouped,juice,2930.0,0.5956094115972519,0.56738610714674,0.6208549186587333,40
spatialTask_seperated,grouped,juice,2940.0,0.5931573994457722,0.5644941106438637,0.6186086431145668,40
spatialTask_seperated,grouped,juice,2950.0,0.5901784718036651,0.5609375447034836,0.6154479369521141,40
spatialTask_seperated,grouped,juice,2960.0,0.5870455011725426,0.558026023209095,0.6127803236246109,40
spatialTask_seperated,grouped,juice,2970.0,0.5822399437427521,0.552831906080246,0.6073879182338715,40
spatialTask_seperated,grouped,juice,2980.0,0.5800152391195297,0.5512038186192513,0.6055133163928985,40
spatialTask_seperated,grouped,juice,2990.0,0.5784585319459439,0.5505833610892296,0.6043286934494972,40
spatialTask_seperated,grouped,juice,3000.0,0.5761475838720799,0.5480654835700989,0.6025133892893791,40
spatialTask_seperated,grouped,juice,3010.0,0.5730112135410309,0.5463306397199631,0.5989401146769524,40
spatialTask_seperated,grouped,juice,3020.0,0.5693030342459678,0.5419416338205337,0.5970275983214378,40
spatialTask_seperated,grouped,juice,3030.0,0.5656358599662781,0.5388460889458656,0.5921717852354049,40
spatialTask_seperated,grouped,juice,3040.0,0.5645667053759098,0.536442269384861,0.5922853291034699,40
spatialTask_seperated,grouped,juice,3050.0,0.5628289259970188,0.5358170360326767,0.5922748759388924,40
spatialTask_seperated,grouped,juice,3060.0,0.561769337952137,0.5333152577280998,0.5903790086507797,40
spatialTask_seperated,grouped,juice,3070.0,0.5576493263244628,0.528790058195591,0.5861341804265976,40
spatialTask_seperated,grouped,juice,3080.0,0.5565293714404106,0.528615041077137,0.584463931620121,40
spatialTask_seperated,grouped,juice,3090.0,0.5519675560295582,0.524920180439949,0.5773889631032944,40
spatialTask_seperated,grouped,juice,3100.0,0.5512177288532257,0.5252110943198204,0.5763483762741088,40
spatialTask_seperated,grouped,juice,3110.0,0.5493938751518727,0.5234219506382942,0.5740887701511384,40
spatialTask_seperated,grouped,juice,3120.0,0.5443704560399055,0.5173227831721305,0.5691847026348114,40
spatialTask_seperated,grouped,juice,3130.0,0.5410057730972767,0.5156033232808113,0.5646063432097435,40
spatialTask_seperated,grouped,juice,3140.0,0.5382759623229504,0.5126130506396294,0.561860416829586,40
spatialTask_seperated,grouped,juice,3150.0,0.5342064887285233,0.5090864107012749,0.5578396275639534,40
spatialTask_seperated,grouped,juice,3160.0,0.5293413653969765,0.5046620845794678,0.5521918922662735,40
spatialTask_seperated,grouped,juice,3170.0,0.5274007350206376,0.5027885168790818,0.5499709576368332,40
spatialTask_seperated,grouped,juice,3180.0,0.5262254737317562,0.5009533122181893,0.5496159330010414,40
spatialTask_seperated,grouped,juice,3190.0,0.5237247161567211,0.4986743055284023,0.5468891143798827,40
spatialTask_seperated,grouped,order,0.0,0.4993376642465591,0.4968695491552353,0.501771405339241,40
spatialTask_seperated,grouped,order,10.0,0.49865398481488227,0.4953698642551899,0.5021342724561692,40
spatialTask_seperated,grouped,order,20.0,0.4997661836445332,0.49705294892191887,0.5023643210530281,40
spatialTask_seperated,grouped,order,30.0,0.49892882704734803,0.49578635320067405,0.5017777815461159,40
spatialTask_seperated,grouped,order,40.0,0.49900505393743516,0.49615527912974355,0.5019041284918785,40
spatialTask_seperated,grouped,order,50.0,0.5004716672003269,0.4969861336052418,0.5039835035800934,40
spatialTask_seperated,grouped,order,60.0,0.500390388071537,0.49681377336382865,0.50400819927454,40
spatialTask_seperated,grouped,order,70.0,0.49904166981577874,0.4950383923947811,0.5028886765241622,40
spatialTask_seperated,grouped,order,80.0,0.49898292645812037,0.4954858601093292,0.502319423854351,40
spatialTask_seperated,grouped,order,90.0,0.4999854080379009,0.49654888808727266,0.5034693151712417,40
spatialTask_seperated,grouped,order,100.0,0.5014007113873958,0.4985320813953876,0.5042233228683471,40
spatialTask_seperated,grouped,order,110.0,0.5017057560384274,0.498251149058342,0.5053660914301872,40
spatialTask_seperated,grouped,order,120.0,0.500449801236391,0.49722232297062874,0.5036545649170876,40
spatialTask_seperated,grouped,order,130.0,0.5000088557600975,0.4960721291601658,0.5041233196854591,40
spatialTask_seperated,grouped,order,140.0,0.4986223325133324,0.4947766989469528,0.5023935258388519,40
spatialTask_seperated,grouped,order,150.0,0.5004333607852459,0.49690186604857445,0.50400862544775,40
spatialTask_seperated,grouped,order,160.0,0.4990345619618893,0.4945554777979851,0.5033943340182304,40
spatialTask_seperated,grouped,order,170.0,0.500951960682869,0.4967814713716507,0.5052131414413452,40
spatialTask_seperated,grouped,order,180.0,0.4999082684516907,0.4954622283577919,0.5043824940919877,40
spatialTask_seperated,grouped,order,190.0,0.5006192788481713,0.49712362736463545,0.5042450472712516,40
spatialTask_seperated,grouped,order,200.0,0.4985048770904541,0.4948697410523891,0.502196079492569,40
spatialTask_seperated,grouped,order,210.0,0.5002579011023045,0.4965300664305687,0.5041375890374183,40
spatialTask_seperated,grouped,order,220.0,0.49941251054406166,0.4959432274103165,0.5032353743910789,40
spatialTask_seperated,grouped,order,230.0,0.49899925068020823,0.4951521135866642,0.5030746981501579,40
spatialTask_seperated,grouped,order,240.0,0.4984365403652191,0.4951227128505707,0.5022826597094536,40
spatialTask_seperated,grouped,order,250.0,0.4978731006383896,0.4944594882428646,0.501484876871109,40
spatialTask_seperated,grouped,order,260.0,0.4971765950322151,0.4931514374911785,0.5013623282313346,40
spatialTask_seperated,grouped,order,270.0,0.49634326472878454,0.4925878055393696,0.5004222631454468,40
spatialTask_seperated,grouped,order,280.0,0.49573305919766425,0.4915796846151352,0.49968755915760993,40
spatialTask_seperated,grouped,order,290.0,0.4963755548000336,0.4924590289592743,0.5005195826292038,40
spatialTask_seperated,grouped,order,300.0,0.49707112833857536,0.4932128772139549,0.5007410228252411,40
spatialTask_seperated,grouped,order,310.0,0.4980357505381107,0.4943320281803608,0.5021245583891869,40
spatialTask_seperated,grouped,order,320.0,0.4954104423522949,0.4918001413345337,0.4994924321770668,40
spatialTask_seperated,grouped,order,330.0,0.4947304256260395,0.49089249819517133,0.49878992661833765,40
spatialTask_seperated,grouped,order,340.0,0.4954311393201351,0.49174728989601135,0.4990940846502781,40
spatialTask_seperated,grouped,order,350.0,0.4954808674752712,0.49127170369029044,0.49950370863080024,40
spatialTask_seperated,grouped,order,360.0,0.49563072472810743,0.49216988384723664,0.49934601187705996,40
spatialTask_seperated,grouped,order,370.0,0.49494393914937973,0.4912868872284889,0.49870875626802447,40
spatialTask_seperated,grouped,order,380.0,0.49503704980015756,0.4912437669932842,0.49890090376138685,40
spatialTask_seperated,grouped,order,390.0,0.49659295603632925,0.49295635521411896,0.5006590142846108,40
spatialTask_seperated,grouped,order,400.0,0.49670009687542915,0.49300859943032266,0.5002839341759682,40
spatialTask_seperated,grouped,order,410.0,0.4973833531141281,0.493905408680439,0.5014749765396118,40
spatialTask_seperated,grouped,order,420.0,0.4961498610675335,0.49218220859766004,0.5004360064864158,40
spatialTask_seperated,grouped,order,430.0,0.49570148065686226,0.4919248893857002,0.49974748566746713,40
spatialTask_seperated,grouped,order,440.0,0.49552624449133875,0.4914423555135727,0.4999914295971394,40
spatialTask_seperated,grouped,order,450.0,0.49445989578962324,0.4901792347431183,0.4992528811097145,40
spatialTask_seperated,grouped,order,460.0,0.49681470096111296,0.4930503748357296,0.5012518852949143,40
spatialTask_seperated,grouped,order,470.0,0.4968332424759865,0.4930855356156826,0.5010286659002304,40
spatialTask_seperated,grouped,order,480.0,0.49693653285503386,0.49287290722131727,0.501311507821083,40
spatialTask_seperated,grouped,order,490.0,0.4957105442881584,0.49182711020112035,0.4998092226684093,40
spatialTask_seperated,grouped,order,500.0,0.7281815081834793,0.7195330858230591,0.7358978003263473,40
spatialTask_seperated,grouped,order,510.0,0.7270284861326217,0.7185262829065323,0.7349065348505974,40
spatialTask_seperated,grouped,order,520.0,0.724818916618824,0.7161454245448112,0.7327566146850586,40
spatialTask_seperated,grouped,order,530.0,0.7249719649553299,0.7162436410784722,0.7325536459684372,40
spatialTask_seperated,grouped,order,540.0,0.723187942802906,0.7143629759550094,0.7312260121107101,40
spatialTask_seperated,grouped,order,550.0,0.7225293964147568,0.7136865392327308,0.7305458560585976,40
spatialTask_seperated,grouped,order,560.0,0.7209025457501411,0.7120671570301056,0.7291478902101517,40
spatialTask_seperated,grouped,order,570.0,0.7207437247037888,0.7123480021953583,0.7284260928630829,40
spatialTask_seperated,grouped,order,580.0,0.7195381939411163,0.7110116451978683,0.7272556126117706,40
spatialTask_seperated,grouped,order,590.0,0.7177572444081306,0.7091622069478035,0.7254038617014885,40
spatialTask_seperated,grouped,order,600.0,0.7165039524435997,0.7075970202684403,0.724444855749607,40
spatialTask_seperated,grouped,order,610.0,0.7149787321686745,0.7060819521546364,0.7231608852744102,40
spatialTask_seperated,grouped,order,620.0,0.7143795847892761,0.705455994606018,0.7224880114197731,40
spatialTask_seperated,grouped,order,630.0,0.7137146323919297,0.7053874731063843,0.7215773552656174,40
spatialTask_seperated,grouped,order,640.0,0.7130762666463852,0.7046258017420769,0.7214305758476257,40
spatialTask_seperated,grouped,order,650.0,0.7132188662886619,0.7049571216106415,0.7212007105350494,40
spatialTask_seperated,grouped,order,660.0,0.7122947767376899,0.7037104710936546,0.7203603312373161,40
spatialTask_seperated,grouped,order,670.0,0.7116867825388908,0.7036766707897186,0.7196733340620994,40
spatialTask_seperated,grouped,order,680.0,0.7102516457438469,0.7020381614565849,0.7181425094604492,40
spatialTask_seperated,grouped,order,690.0,0.7084893628954887,0.7000783413648606,0.716843894124031,40
spatialTask_seperated,grouped,order,700.0,0.7077089250087738,0.698952853679657,0.715764793753624,40
spatialTask_seperated,grouped,order,710.0,0.7050402075052261,0.6967089802026749,0.7127997726202011,40
spatialTask_seperated,grouped,order,720.0,0.7046606257557869,0.6965939313173294,0.7120979204773903,40
spatialTask_seperated,grouped,order,730.0,0.7042546227574349,0.6959269747138024,0.7117483675479889,40
spatialTask_seperated,grouped,order,740.0,0.7036296844482421,0.6951333463191987,0.7111975342035294,40
spatialTask_seperated,grouped,order,750.0,0.7033707574009895,0.6950957849621773,0.7108818978071213,40
spatialTask_seperated,grouped,order,760.0,0.7030199930071831,0.6945472612977028,0.7102587953209877,40
spatialTask_seperated,grouped,order,770.0,0.702617122232914,0.69436574280262,0.7099189132452011,40
spatialTask_seperated,grouped,order,780.0,0.7019566595554352,0.6936132565140725,0.70920629799366,40
spatialTask_seperated,grouped,order,790.0,0.7010104119777679,0.6923670262098313,0.7084465399384499,40
spatialTask_seperated,grouped,order,800.0,0.700668178498745,0.6921351760625839,0.7083208054304123,40
spatialTask_seperated,grouped,order,810.0,0.7009258434176445,0.6926115736365318,0.7083894565701485,40
spatialTask_seperated,grouped,order,820.0,0.7009246796369553,0.6926104754209519,0.708280873298645,40
spatialTask_seperated,grouped,order,830.0,0.701412545144558,0.6929275035858155,0.7090540543198586,40
spatialTask_seperated,grouped,order,840.0,0.7011762127280236,0.6927630722522735,0.7086535528302192,40
spatialTask_seperated,grouped,order,850.0,0.7001437395811081,0.6916601091623307,0.7078190565109252,40
spatialTask_seperated,grouped,order,860.0,0.6998988464474678,0.6910826057195664,0.7075259476900101,40
spatialTask_seperated,grouped,order,870.0,0.7005979105830192,0.6924810171127319,0.707998913526535,40
spatialTask_seperated,grouped,order,880.0,0.7001947879791259,0.6922157481312752,0.7075966894626617,40
spatialTask_seperated,grouped,order,890.0,0.6998359709978104,0.6916131347417831,0.7073633968830109,40
spatialTask_seperated,grouped,order,900.0,0.699941472709179,0.6917561158537865,0.707423809170723,40
spatialTask_seperated,grouped,order,910.0,0.700022105872631,0.6917367249727249,0.7075047358870507,40
spatialTask_seperated,grouped,order,920.0,0.6999738857150077,0.6918509870767593,0.7071021780371666,40
spatialTask_seperated,grouped,order,930.0,0.6998602092266083,0.6917249575257302,0.7072403565049171,40
spatialTask_seperated,grouped,order,940.0,0.6999661341309548,0.6917305260896682,0.7074845626950264,40
spatialTask_seperated,grouped,order,950.0,0.6999412164092064,0.6915371686220169,0.7073934629559517,40
spatialTask_seperated,grouped,order,960.0,0.700844144821167,0.6925087496638298,0.7084360420703888,40
spatialTask_seperated,grouped,order,970.0,0.7003228202462196,0.6922579303383827,0.7078692972660064,40
spatialTask_seperated,grouped,order,980.0,0.6998959347605705,0.6917022824287414,0.7075253903865815,40
spatialTask_seperated,grouped,order,990.0,0.7003403469920159,0.692159965634346,0.7079590231180191,40
spatialTask_seperated,grouped,order,1000.0,0.6998442500829697,0.69151591360569,0.7073354214429856,40
spatialTask_seperated,grouped,order,1010.0,0.699647556245327,0.6913643777370453,0.7072333127260209,40
spatialTask_seperated,grouped,order,1020.0,0.6997415348887444,0.6910929635167122,0.7076193690299988,40
spatialTask_seperated,grouped,order,1030.0,0.7001503795385361,0.6914225831627846,0.7078715473413467,40
spatialTask_seperated,grouped,order,1040.0,0.7006949260830879,0.6922424226999283,0.7081143334507942,40
spatialTask_seperated,grouped,order,1050.0,0.7006845027208328,0.6926300391554833,0.7079641208052635,40
spatialTask_seperated,grouped,order,1060.0,0.7008616700768471,0.692731748521328,0.7080899760127067,40
spatialTask_seperated,grouped,order,1070.0,0.7007875949144363,0.6930518463253975,0.707839959859848,40
spatialTask_seperated,grouped,order,1080.0,0.700822414457798,0.6933764651417732,0.7076861843466759,40
spatialTask_seperated,grouped,order,1090.0,0.700060959160328,0.6924569055438041,0.7070427730679512,40
spatialTask_seperated,grouped,order,1100.0,0.700341546535492,0.6927472278475761,0.7074415251612663,40
spatialTask_seperated,grouped,order,1110.0,0.7004278570413589,0.6925247550010681,0.7075942173600197,40
spatialTask_seperated,grouped,order,1120.0,0.7005021810531616,0.6921587124466896,0.708001060783863,40
spatialTask_seperated,grouped,order,1130.0,0.7008675634860992,0.693055248260498,0.7080474242568016,40
spatialTask_seperated,grouped,order,1140.0,0.7007050827145577,0.6927736148238182,0.707980127632618,40
spatialTask_seperated,grouped,order,1150.0,0.7010747596621514,0.6925952300429344,0.7086616277694702,40
spatialTask_seperated,grouped,order,1160.0,0.7016837745904922,0.693306790292263,0.7092588469386101,40
spatialTask_seperated,grouped,order,1170.0,0.7011968076229096,0.6926484346389771,0.7087935596704483,40
spatialTask_seperated,grouped,order,1180.0,0.7016016647219658,0.69347535520792,0.709105733036995,40
spatialTask_seperated,grouped,order,1190.0,0.7024519756436348,0.6946309000253678,0.7099125504493713,40
spatialTask_seperated,grouped,order,1200.0,0.7027527138590812,0.6951983287930489,0.7099745526909829,40
spatialTask_seperated,grouped,order,1210.0,0.702601458132267,0.6949476152658463,0.7096267163753509,40
spatialTask_seperated,grouped,order,1220.0,0.7020698636770248,0.6942413717508316,0.709240834414959,40
spatialTask_seperated,grouped,order,1230.0,0.7020546823740006,0.6941479086875916,0.7092641860246658,40
spatialTask_seperated,grouped,order,1240.0,0.7025419518351554,0.6944384634494781,0.7098063990473747,40
spatialTask_seperated,grouped,order,1250.0,0.7031430512666702,0.6952575877308845,0.7107675909996033,40
spatialTask_seperated,grouped,order,1260.0,0.7032160744071007,0.6956068009138108,0.7101994588971138,40
spatialTask_seperated,grouped,order,1270.0,0.7043604835867882,0.696661451458931,0.7113643079996109,40
spatialTask_seperated,grouped,order,1280.0,0.703686410188675,0.6960800975561142,0.7107211068272591,40
spatialTask_seperated,grouped,order,1290.0,0.7040483355522156,0.6966674908995628,0.7108017578721046,40
spatialTask_seperated,grouped,order,1300.0,0.7039813235402107,0.6964793860912323,0.7108422264456749,40
spatialTask_seperated,grouped,order,1310.0,0.7035874500870705,0.6961711689829826,0.7100753381848335,40
spatialTask_seperated,grouped,order,1320.0,0.7035443693399429,0.6963981196284295,0.7100531563162804,40
spatialTask_seperated,grouped,order,1330.0,0.7036289528012276,0.6963282614946366,0.7100367411971092,40
spatialTask_seperated,grouped,order,1340.0,0.7043263837695122,0.697126391530037,0.7109338775277138,40
spatialTask_seperated,grouped,order,1350.0,0.7041054233908653,0.6966028422117233,0.7108074977993966,40
spatialTask_seperated,grouped,order,1360.0,0.7046204254031181,0.6973121851682663,0.7114450454711914,40
spatialTask_seperated,grouped,order,1370.0,0.7044616743922234,0.6973317563533783,0.7111391380429268,40
spatialTask_seperated,grouped,order,1380.0,0.7053235530853271,0.6983894810080529,0.7120648637413979,40
spatialTask_seperated,grouped,order,1390.0,0.7057289466261863,0.6985147029161454,0.7121938660740852,40
spatialTask_seperated,grouped,order,1400.0,0.7057349503040313,0.6985747635364532,0.7121695637702942,40
spatialTask_seperated,grouped,order,1410.0,0.7053621023893356,0.6979219898581505,0.7117549389600754,40
spatialTask_seperated,grouped,order,1420.0,0.7055424943566322,0.6978385582566261,0.7123527184128762,40
spatialTask_seperated,grouped,order,1430.0,0.7056276604533196,0.6981458202004432,0.7123455762863159,40
spatialTask_seperated,grouped,order,1440.0,0.7063374698162079,0.6988425597548484,0.7129699200391769,40
spatialTask_seperated,grouped,order,1450.0,0.7061082899570466,0.6987671181559563,0.7127383783459663,40
spatialTask_seperated,grouped,order,1460.0,0.7059946909546853,0.6988543659448624,0.7125894218683243,40
spatialTask_seperated,grouped,order,1470.0,0.7058030098676682,0.6987068235874176,0.7123948842287063,40
spatialTask_seperated,grouped,order,1480.0,0.7051977559924125,0.6983403399586677,0.7115661084651947,40
spatialTask_seperated,grouped,order,1490.0,0.7059500455856323,0.6985688477754592,0.712650080025196,40
spatialTask_seperated,grouped,order,1500.0,0.8909652888774872,0.8829534947872162,0.8985245928168297,40
spatialTask_seperated,grouped,order,1510.0,0.8878768742084503,0.8802352041006088,0.8947829693555832,40
spatialTask_seperated,grouped,order,1520.0,0.8902598738670349,0.8827990636229515,0.8973899364471436,40
spatialTask_seperated,grouped,order,1530.0,0.8937406361103057,0.8861058264970779,0.9010544508695603,40
spatialTask_seperated,grouped,order,1540.0,0.897409375011921,0.889924070239067,0.9046306252479553,40
spatialTask_seperated,grouped,order,1550.0,0.8990641698241234,0.8914143189787864,0.9063503593206406,40
spatialTask_seperated,grouped,order,1560.0,0.9002088457345963,0.8924108773469925,0.9078575253486634,40
spatialTask_seperated,grouped,order,1570.0,0.9019770175218582,0.8942794814705849,0.9091270655393601,40
spatialTask_seperated,grouped,order,1580.0,0.9021144807338715,0.8940690442919731,0.9090380862355232,40
spatialTask_seperated,grouped,order,1590.0,0.9034342184662819,0.8949429824948311,0.9103498414158822,40
spatialTask_seperated,grouped,order,1600.0,0.9043116271495819,0.8962585121393204,0.9111409544944763,40
spatialTask_seperated,grouped,order,1610.0,0.9054685488343239,0.8980739429593086,0.9121150523424149,40
spatialTask_seperated,grouped,order,1620.0,0.9074468448758125,0.8998075008392334,0.9137850746512413,40
spatialTask_seperated,grouped,order,1630.0,0.9081370279192924,0.9000652804970741,0.9151951834559441,40
spatialTask_seperated,grouped,order,1640.0,0.9108650699257851,0.9017888605594635,0.9185938850045204,40
spatialTask_seperated,grouped,order,1650.0,0.9128521904349327,0.9036281734704972,0.9205213695764541,40
spatialTask_seperated,grouped,order,1660.0,0.915432108938694,0.9065580710768699,0.923006895184517,40
spatialTask_seperated,grouped,order,1670.0,0.9154140263795852,0.9058310568332673,0.9232286661863327,40
spatialTask_seperated,grouped,order,1680.0,0.917718181014061,0.9086845561861991,0.92568848580122,40
spatialTask_seperated,grouped,order,1690.0,0.9205264031887055,0.9119226932525635,0.9278319284319878,40
spatialTask_seperated,grouped,order,1700.0,0.9219901382923126,0.9137948408722878,0.9289858177304268,40
spatialTask_seperated,grouped,order,1710.0,0.9235519990324974,0.9155933737754822,0.9306247785687447,40
spatialTask_seperated,grouped,order,1720.0,0.9256155908107757,0.917972058057785,0.9325659871101379,40
spatialTask_seperated,grouped,order,1730.0,0.9279364421963692,0.9209887325763703,0.9347727581858635,40
spatialTask_seperated,grouped,order,1740.0,0.929389500617981,0.9227869123220444,0.9358107596635818,40
spatialTask_seperated,grouped,order,1750.0,0.9298611029982566,0.9236054182052612,0.9360705778002739,40
spatialTask_seperated,grouped,order,1760.0,0.9313328996300697,0.9247128784656524,0.9375801965594291,40
spatialTask_seperated,grouped,order,1770.0,0.9332180961966514,0.9263506919145584,0.9398252844810486,40
spatialTask_seperated,grouped,order,1780.0,0.9351094558835029,0.928876331448555,0.9415384963154793,40
spatialTask_seperated,grouped,order,1790.0,0.937141914665699,0.9306724712252616,0.9437684461474418,40
spatialTask_seperated,grouped,order,1800.0,0.9377896770834923,0.9318864062428475,0.9438345938920975,40
spatialTask_seperated,grouped,order,1810.0,0.9375622972846032,0.9320666745305062,0.9432711809873581,40
spatialTask_seperated,grouped,order,1820.0,0.9377660006284714,0.9322124749422074,0.9435825929045677,40
spatialTask_seperated,grouped,order,1830.0,0.93881815969944,0.9331563681364059,0.9447856977581978,40
spatialTask_seperated,grouped,order,1840.0,0.940409678220749,0.9348287805914879,0.9457599341869354,40
spatialTask_seperated,grouped,order,1850.0,0.9420084252953529,0.9367516085505485,0.9469644457101822,40
spatialTask_seperated,grouped,order,1860.0,0.9437256589531898,0.9385938763618469,0.948660446703434,40
spatialTask_seperated,grouped,order,1870.0,0.945662273466587,0.9402670785784721,0.9507840052247047,40
spatialTask_seperated,grouped,order,1880.0,0.9471985161304474,0.9417176023125648,0.9525172919034958,40
spatialTask_seperated,grouped,order,1890.0,0.9483972460031509,0.94310462474823,0.9531606435775757,40
spatialTask_seperated,grouped,order,1900.0,0.9486645042896271,0.9434751138091088,0.953384681046009,40
spatialTask_seperated,grouped,order,1910.0,0.9487844944000244,0.9438567891716957,0.9535207286477089,40
spatialTask_seperated,grouped,order,1920.0,0.949344253540039,0.9449674814939499,0.9537439569830894,40
spatialTask_seperated,grouped,order,1930.0,0.9514916121959687,0.9471200451254844,0.9557199329137802,40
spatialTask_seperated,grouped,order,1940.0,0.9533097729086876,0.9486691758036614,0.9576696321368218,40
spatialTask_seperated,grouped,order,1950.0,0.9539366587996483,0.949130180478096,0.9581331223249435,40
spatialTask_seperated,grouped,order,1960.0,0.954858374595642,0.9500923410058022,0.959293968975544,40
spatialTask_seperated,grouped,order,1970.0,0.955956244468689,0.9513402059674263,0.9604249417781829,40
spatialTask_seperated,grouped,order,1980.0,0.9575170502066612,0.9530468702316284,0.9617823407053947,40
spatialTask_seperated,grouped,order,1990.0,0.9588411018252373,0.9541005462408065,0.9630904003977776,40
spatialTask_seperated,grouped,order,2000.0,0.9596792355179786,0.9549369588494301,0.9641234904527665,40
spatialTask_seperated,grouped,order,2010.0,0.9589301511645317,0.954192028939724,0.9635080218315124,40
spatialTask_seperated,grouped,order,2020.0,0.959688825905323,0.9546418145298958,0.9647669315338134,40
spatialTask_seperated,grouped,order,2030.0,0.9607730433344841,0.9558459684252739,0.9660124644637108,40
spatialTask_seperated,grouped,order,2040.0,0.9611792027950287,0.956506471335888,0.965981411933899,40
spatialTask_seperated,grouped,order,2050.0,0.9621790170669555,0.9575413957238197,0.9668992415070534,40
spatialTask_seperated,grouped,order,2060.0,0.9622778370976448,0.9579497516155243,0.9669318050146103,40
spatialTask_seperated,grouped,order,2070.0,0.9619821220636368,0.9576046377420425,0.9667235910892487,40
spatialTask_seperated,grouped,order,2080.0,0.9625625535845757,0.957960668206215,0.9670949727296829,40
spatialTask_seperated,grouped,order,2090.0,0.9630749881267547,0.9578508451581002,0.9679285198450088,40
spatialTask_seperated,grouped,order,2100.0,0.9635205775499344,0.9582107916474343,0.9684999257326126,40
spatialTask_seperated,grouped,order,2110.0,0.9631552696228027,0.9579371392726899,0.9682781338691712,40
spatialTask_seperated,grouped,order,2120.0,0.9634400710463524,0.9584292516112327,0.9682731002569198,40
spatialTask_seperated,grouped,order,2130.0,0.9642179995775223,0.9591337516903877,0.9691622480750084,40
spatialTask_seperated,grouped,order,2140.0,0.9640429705381394,0.9590566739439964,0.9688627809286118,40
spatialTask_seperated,grouped,order,2150.0,0.9647059366106987,0.9594537377357483,0.9695854559540749,40
spatialTask_seperated,grouped,order,2160.0,0.9647446438670159,0.9592273712158204,0.9697568416595459,40
spatialTask_seperated,grouped,order,2170.0,0.9646928489208222,0.9590111672878265,0.9700351968407631,40
spatialTask_seperated,grouped,order,2180.0,0.9655147850513458,0.9600389406085015,0.9706798300147057,40
spatialTask_seperated,grouped,order,2190.0,0.9657892480492591,0.9607272639870643,0.9707134231925011,40
spatialTask_seperated,grouped,order,2200.0,0.9661149740219116,0.961184811592102,0.970882223546505,40
spatialTask_seperated,grouped,order,2210.0,0.9664160162210464,0.9613824427127838,0.9711800634860992,40
spatialTask_seperated,grouped,order,2220.0,0.9673737242817879,0.9625137612223625,0.9722158133983612,40
spatialTask_seperated,grouped,order,2230.0,0.9678540110588074,0.9631721332669259,0.9723478138446808,40
spatialTask_seperated,grouped,order,2240.0,0.9686418622732162,0.963981705904007,0.9732530936598778,40
spatialTask_seperated,grouped,order,2250.0,0.9693775549530983,0.9650094822049141,0.9738662093877792,40
spatialTask_seperated,grouped,order,2260.0,0.9697399407625198,0.9653917565941811,0.9740153446793556,40
spatialTask_seperated,grouped,order,2270.0,0.9697652503848075,0.9649879768490791,0.9743092983961106,40
spatialTask_seperated,grouped,order,2280.0,0.9697760730981827,0.9648888677358627,0.9745020687580108,40
spatialTask_seperated,grouped,order,2290.0,0.9691147327423095,0.9639866784214973,0.9741324350237847,40
spatialTask_seperated,grouped,order,2300.0,0.9691121280193329,0.9639788433909416,0.9742285549640656,40
spatialTask_seperated,grouped,order,2310.0,0.9687602162361145,0.9632338017225266,0.974113330245018,40
spatialTask_seperated,grouped,order,2320.0,0.9685086354613304,0.9626936376094818,0.9738424226641655,40
spatialTask_seperated,grouped,order,2330.0,0.9683020293712616,0.9622076392173767,0.9739177048206329,40
spatialTask_seperated,grouped,order,2340.0,0.9673999100923538,0.9608381241559982,0.9734904870390892,40
spatialTask_seperated,grouped,order,2350.0,0.9666352540254592,0.9600219041109085,0.9728148385882378,40
spatialTask_seperated,grouped,order,2360.0,0.9662091001868248,0.9596953988075256,0.9724788293242455,40
spatialTask_seperated,grouped,order,2370.0,0.9656004279851913,0.9587777882814408,0.9721644669771194,40
spatialTask_seperated,grouped,order,2380.0,0.9659693792462349,0.959180323779583,0.9726351544260978,40
spatialTask_seperated,grouped,order,2390.0,0.9661997228860855,0.9594390779733658,0.9729408040642739,40
spatialTask_seperated,grouped,order,2400.0,0.9665116250514985,0.959821791946888,0.972923181951046,40
spatialTask_seperated,grouped,order,2410.0,0.9666752800345421,0.9598769873380661,0.9730477541685104,40
spatialTask_seperated,grouped,order,2420.0,0.9661259576678276,0.9592026948928833,0.9727046772837639,40
spatialTask_seperated,grouped,order,2430.0,0.9655305445194244,0.9584238067269325,0.9722516059875488,40
spatialTask_seperated,grouped,order,2440.0,0.9651711240410805,0.9578600928187371,0.9720526978373527,40
spatialTask_seperated,grouped,order,2450.0,0.9653979688882828,0.9578127533197403,0.9722284778952599,40
spatialTask_seperated,grouped,order,2460.0,0.9649723261594773,0.9572048172354698,0.9721878245472908,40
spatialTask_seperated,grouped,order,2470.0,0.9648168429732322,0.9571408465504646,0.9719286903738975,40
spatialTask_seperated,grouped,order,2480.0,0.964704142510891,0.9569172337651253,0.9720690980553627,40
spatialTask_seperated,grouped,order,2490.0,0.9645564332604408,0.9567932337522507,0.9718960285186767,40
spatialTask_seperated,grouped,order,2500.0,0.9648701623082161,0.9573907300829887,0.9721934884786606,40
spatialTask_seperated,grouped,order,2510.0,0.9649586766958237,0.957480899989605,0.9721640065312386,40
spatialTask_seperated,grouped,order,2520.0,0.96528150588274,0.9577074810862541,0.9722567811608315,40
spatialTask_seperated,grouped,order,2530.0,0.9652673572301864,0.9575039923191071,0.9723394960165024,40
spatialTask_seperated,grouped,order,2540.0,0.9644531816244125,0.9563501238822937,0.9717297717928887,40
spatialTask_seperated,grouped,order,2550.0,0.9642379984259606,0.9562127709388732,0.9716709285974503,40
spatialTask_seperated,grouped,order,2560.0,0.964101941883564,0.9559058248996735,0.9714906483888626,40
spatialTask_seperated,grouped,order,2570.0,0.9636085838079452,0.9558079600334167,0.9707448333501816,40
spatialTask_seperated,grouped,order,2580.0,0.9637681409716606,0.9556467041373253,0.9710639089345932,40
spatialTask_seperated,grouped,order,2590.0,0.9644260108470917,0.9562215030193328,0.9714767202734947,40
spatialTask_seperated,grouped,order,2600.0,0.9649566233158111,0.9563955575227737,0.9720502376556397,40
spatialTask_seperated,grouped,order,2610.0,0.9656405955553055,0.9573850318789482,0.9727798298001289,40
spatialTask_seperated,grouped,order,2620.0,0.964585779607296,0.9564471274614335,0.9720289885997773,40
spatialTask_seperated,grouped,order,2630.0,0.9638309583067894,0.9555005669593811,0.9714887544512749,40
spatialTask_seperated,grouped,order,2640.0,0.9638166055083275,0.9554978907108307,0.9712626740336419,40
spatialTask_seperated,grouped,order,2650.0,0.9637745559215546,0.9553199216723443,0.9715394124388694,40
spatialTask_seperated,grouped,order,2660.0,0.9628347665071487,0.9544640347361565,0.9705741345882416,40
spatialTask_seperated,grouped,order,2670.0,0.962675653398037,0.9546149343252182,0.9703762084245682,40
spatialTask_seperated,grouped,order,2680.0,0.9633068412542343,0.9552135080099106,0.9712449893355369,40
spatialTask_seperated,grouped,order,2690.0,0.9632692769169807,0.9546202659606934,0.9715599194169044,40
spatialTask_seperated,grouped,order,2700.0,0.9628718629479408,0.9541310638189315,0.9712256968021393,40
spatialTask_seperated,grouped,order,2710.0,0.9621212288737298,0.9528551071882247,0.970509746670723,40
spatialTask_seperated,grouped,order,2720.0,0.9617069840431214,0.9528466820716858,0.9699655935168267,40
spatialTask_seperated,grouped,order,2730.0,0.9608006775379181,0.9519769132137299,0.9691470608115196,40
spatialTask_seperated,grouped,order,2740.0,0.9600245609879494,0.9514930248260498,0.9683861926198005,40
spatialTask_seperated,grouped,order,2750.0,0.9587947621941566,0.9498167484998703,0.9676089286804199,40
spatialTask_seperated,grouped,order,2760.0,0.9576714113354683,0.9480625450611114,0.9669601425528527,40
spatialTask_seperated,grouped,order,2770.0,0.9560618042945862,0.9462646186351776,0.965652771294117,40
spatialTask_seperated,grouped,order,2780.0,0.954498502612114,0.9443245813250541,0.9647386342287063,40
spatialTask_seperated,grouped,order,2790.0,0.9540983036160469,0.9434485718607902,0.9648639023303985,40
spatialTask_seperated,grouped,order,2800.0,0.9521090999245644,0.9413619726896286,0.9630794748663902,40
spatialTask_seperated,grouped,order,2810.0,0.9511989846825599,0.9402604565024376,0.9622959524393082,40
spatialTask_seperated,grouped,order,2820.0,0.9500963255763054,0.9384772822260856,0.9615416318178177,40
spatialTask_seperated,grouped,order,2830.0,0.9493010729551316,0.9381739124655724,0.9605742141604423,40
spatialTask_seperated,grouped,order,2840.0,0.9495414406061172,0.938480193912983,0.9608415618538857,40
spatialTask_seperated,grouped,order,2850.0,0.9499019593000412,0.9392284840345383,0.9610631331801415,40
spatialTask_seperated,grouped,order,2860.0,0.949952632188797,0.9392800778150558,0.9607661947607994,40
spatialTask_seperated,grouped,order,2870.0,0.9502139046788216,0.9400629445910453,0.9610972985625267,40
spatialTask_seperated,grouped,order,2880.0,0.9504813060164452,0.9402033567428589,0.9614571616053581,40
spatialTask_seperated,grouped,order,2890.0,0.9509542420506477,0.9408297285437583,0.9618415728211402,40
spatialTask_seperated,grouped,order,2900.0,0.9509077876806259,0.9408306762576103,0.961630941927433,40
spatialTask_seperated,grouped,order,2910.0,0.9500175148248673,0.9393954783678055,0.9609388023614883,40
spatialTask_seperated,grouped,order,2920.0,0.9491741493344307,0.9387691855430603,0.9600161850452423,40
spatialTask_seperated,grouped,order,2930.0,0.9473678827285766,0.9359808042645454,0.9588760361075401,40
spatialTask_seperated,grouped,order,2940.0,0.9459014609456062,0.9342052832245826,0.9576830312609672,40
spatialTask_seperated,grouped,order,2950.0,0.9448579505085946,0.9334460109472275,0.9562456578016281,40
spatialTask_seperated,grouped,order,2960.0,0.9426951974630355,0.9306465089321136,0.9547260224819183,40
spatialTask_seperated,grouped,order,2970.0,0.9399280428886414,0.9269170358777046,0.952727222442627,40
spatialTask_seperated,grouped,order,2980.0,0.9390937641263009,0.926229652762413,0.9521502882242203,40
spatialTask_seperated,grouped,order,2990.0,0.9376732915639877,0.9243499368429184,0.9510941997170448,40
spatialTask_seperated,grouped,order,3000.0,0.9365111887454987,0.922891654074192,0.9503261595964432,40
spatialTask_seperated,grouped,order,3010.0,0.9348299741744995,0.9207101806998252,0.9489935010671615,40
spatialTask_seperated,grouped,order,3020.0,0.934561412036419,0.9207660302519798,0.9485848858952522,40
spatialTask_seperated,grouped,order,3030.0,0.9334427893161774,0.9192785963416099,0.9478801488876343,40
spatialTask_seperated,grouped,order,3040.0,0.9324459820985794,0.9189500093460083,0.946992103755474,40
spatialTask_seperated,grouped,order,3050.0,0.9325368598103523,0.9191681370139122,0.9468981310725212,40
spatialTask_seperated,grouped,order,3060.0,0.9333375439047813,0.9194396376609802,0.9479844734072685,40
spatialTask_seperated,grouped,order,3070.0,0.9325492143630981,0.9187902316451073,0.9468742951750755,40
spatialTask_seperated,grouped,order,3080.0,0.9331968128681183,0.9191920757293701,0.9475560367107392,40
spatialTask_seperated,grouped,order,3090.0,0.9335115075111389,0.9193394884467125,0.9473363503813743,40
spatialTask_seperated,grouped,order,3100.0,0.9316196322441102,0.9177008256316185,0.9458891808986664,40
spatialTask_seperated,grouped,order,3110.0,0.9307209640741348,0.9157281562685966,0.9450736925005913,40
spatialTask_seperated,grouped,order,3120.0,0.930243031680584,0.9153640836477279,0.9445448860526084,40
spatialTask_seperated,grouped,order,3130.0,0.9296752572059631,0.914597450196743,0.9441342040896415,40
spatialTask_seperated,grouped,order,3140.0,0.9300811901688576,0.914919413626194,0.944365219771862,40
spatialTask_seperated,grouped,order,3150.0,0.9302302479743958,0.9152022942900657,0.9448325276374817,40
spatialTask_seperated,grouped,order,3160.0,0.9293889746069908,0.9149120822548866,0.9436689272522927,40
spatialTask_seperated,grouped,order,3170.0,0.9288686498999595,0.9136911883950234,0.943513996899128,40
spatialTask_seperated,grouped,order,3180.0,0.9284153625369072,0.9132789924740792,0.9429993256926537,40
spatialTask_seperated,grouped,order,3190.0,0.928403602540493,0.9135290309786797,0.9433303222060203,40
spatialTask_seperated,value_matched,side,0.0,0.5016164086759091,0.4980647936463356,0.5049037963151932,40
spatialTask_seperated,value_matched,side,10.0,0.4998783513903618,0.49594019278883933,0.504048191010952,40
spatialTask_seperated,value_matched,side,20.0,0.500000388175249,0.4965155839920044,0.5037741854786872,40
spatialTask_seperated,value_matched,side,30.0,0.49941608756780625,0.49614348635077477,0.5030024155974389,40
spatialTask_seperated,value_matched,side,40.0,0.5013885855674743,0.49712550565600394,0.5062662824988365,40
spatialTask_seperated,value_matched,side,50.0,0.50253916233778,0.49833363071084025,0.5070841237902641,40
spatialTask_seperated,value_matched,side,60.0,0.5024427644908428,0.4979127675294876,0.5071106866002083,40
spatialTask_seperated,value_matched,side,70.0,0.5026838481426239,0.4974894799292088,0.5078388348221778,40
spatialTask_seperated,value_matched,side,80.0,0.5012664213776589,0.4969368055462837,0.5058586299419403,40
spatialTask_seperated,value_matched,side,90.0,0.4989952497184277,0.49384373500943185,0.5042164698243141,40
spatialTask_seperated,value_matched,side,100.0,0.5012656278908253,0.4968669854104519,0.5058909982442856,40
spatialTask_seperated,value_matched,side,110.0,0.5002120263874531,0.4958728298544884,0.504981204867363,40
spatialTask_seperated,value_matched,side,120.0,0.4998555712401867,0.49532597213983537,0.5049812659621239,40
spatialTask_seperated,value_matched,side,130.0,0.5008542858064174,0.4966152377426624,0.5053175568580628,40
spatialTask_seperated,value_matched,side,140.0,0.5015389360487461,0.4970870964229107,0.5064241111278533,40
spatialTask_seperated,value_matched,side,150.0,0.4988731950521469,0.49480698332190515,0.5033972084522247,40
spatialTask_seperated,value_matched,side,160.0,0.49713066816329954,0.49241921976208686,0.5019526019692421,40
spatialTask_seperated,value_matched,side,170.0,0.49961716681718826,0.4949397385120392,0.5045741885900498,40
spatialTask_seperated,value_matched,side,180.0,0.501388418674469,0.49674237966537477,0.5062117025256156,40
spatialTask_seperated,value_matched,side,190.0,0.5007667653262615,0.49640162363648416,0.5054244846105576,40
spatialTask_seperated,value_matched,side,200.0,0.5000685408711434,0.49547469094395635,0.5046799793839455,40
spatialTask_seperated,value_matched,side,210.0,0.5006155729293823,0.49622306153178214,0.5055025666952133,40
spatialTask_seperated,value_matched,side,220.0,0.5016409672796727,0.49757392406463624,0.5057220786809922,40
spatialTask_seperated,value_matched,side,230.0,0.5019685119390488,0.4975601576268673,0.5065218403935432,40
spatialTask_seperated,value_matched,side,240.0,0.5008830763399601,0.49584008008241653,0.5053350105881691,40
spatialTask_seperated,value_matched,side,250.0,0.5016776844859123,0.49746677428483965,0.5056814581155777,40
spatialTask_seperated,value_matched,side,260.0,0.5029820024967193,0.4988797791302204,0.5068507581949234,40
spatialTask_seperated,value_matched,side,270.0,0.49899025484919546,0.49495108649134634,0.5029187276959419,40
spatialTask_seperated,value_matched,side,280.0,0.4992364808917046,0.49520029053092,0.5034534201025963,40
spatialTask_seperated,value_matched,side,290.0,0.49986023679375646,0.4951148219406605,0.5046412944793701,40
spatialTask_seperated,value_matched,side,300.0,0.4987513355910778,0.493665786832571,0.5036536514759063,40
spatialTask_seperated,value_matched,side,310.0,0.5010573983192443,0.49711876958608625,0.5049604147672653,40
spatialTask_seperated,value_matched,side,320.0,0.498925919085741,0.4944143183529377,0.5032032743096352,40
spatialTask_seperated,value_matched,side,330.0,0.5012914776802063,0.4974463641643524,0.5052873730659485,40
spatialTask_seperated,value_matched,side,340.0,0.49999420791864396,0.49548305496573447,0.5044056251645088,40
spatialTask_seperated,value_matched,side,350.0,0.5031775996088982,0.4990997277200222,0.5073996990919113,40
spatialTask_seperated,value_matched,side,360.0,0.5012000806629657,0.49692869931459427,0.5056304410099983,40
spatialTask_seperated,value_matched,side,370.0,0.5007742315530777,0.4960657715797424,0.505540132522583,40
spatialTask_seperated,value_matched,side,380.0,0.49959919080138204,0.49503988325595855,0.5039588719606399,40
spatialTask_seperated,value_matched,side,390.0,0.4979654774069786,0.4935277245938778,0.5020775780081749,40
spatialTask_seperated,value_matched,side,400.0,0.5002862319350243,0.49606227353215215,0.5043279856443406,40
spatialTask_seperated,value_matched,side,410.0,0.49759047478437424,0.4927955210208893,0.5022947311401367,40
spatialTask_seperated,value_matched,side,420.0,0.4986906051635742,0.494687170535326,0.5026757761836051,40
spatialTask_seperated,value_matched,side,430.0,0.49898053854703905,0.49478538036346437,0.5029766634106636,40
spatialTask_seperated,value_matched,side,440.0,0.4975908026099205,0.49375559836626054,0.5011558398604393,40
spatialTask_seperated,value_matched,side,450.0,0.49977243691682816,0.49558523669838905,0.5038626834750175,40
spatialTask_seperated,value_matched,side,460.0,0.49888882264494894,0.49451554492115973,0.5028877690434456,40
spatialTask_seperated,value_matched,side,470.0,0.49887319654226303,0.4943594805896282,0.5034234687685967,40
spatialTask_seperated,value_matched,side,480.0,0.4983994372189045,0.4937880739569664,0.502539835870266,40
spatialTask_seperated,value_matched,side,490.0,0.49989429488778114,0.49579993933439254,0.5040008842945098,40
spatialTask_seperated,value_matched,side,500.0,0.5032551325857639,0.4989969149231911,0.5079470276832581,40
spatialTask_seperated,value_matched,side,510.0,0.6918516673147679,0.6645140886306763,0.7135168150067329,40
spatialTask_seperated,value_matched,side,520.0,0.723909230530262,0.7032301515340805,0.7410503894090652,40
spatialTask_seperated,value_matched,side,530.0,0.741884583234787,0.7275971457362175,0.7526308268308639,40
spatialTask_seperated,value_matched,side,540.0,0.7448220804333687,0.7325467526912689,0.7540873378515244,40
spatialTask_seperated,value_matched,side,550.0,0.7459202215075493,0.7340099334716796,0.7551754027605057,40
spatialTask_seperated,value_matched,side,560.0,0.7478985920548439,0.7377843543887138,0.7560076519846917,40
spatialTask_seperated,value_matched,side,570.0,0.748224227130413,0.7395031690597534,0.7557137355208396,40
spatialTask_seperated,value_matched,side,580.0,0.7483274653553963,0.7396409511566162,0.7559014141559601,40
spatialTask_seperated,value_matched,side,590.0,0.7486011758446693,0.7401037365198135,0.7559173718094826,40
spatialTask_seperated,value_matched,side,600.0,0.7492941424250603,0.7403748109936714,0.7565905019640923,40
spatialTask_seperated,value_matched,side,610.0,0.748610320687294,0.7399096965789795,0.7561217367649078,40
spatialTask_seperated,value_matched,side,620.0,0.7485536471009254,0.7394333124160767,0.7559547826647759,40
spatialTask_seperated,value_matched,side,630.0,0.7484526470303535,0.7399415358901024,0.755889555811882,40
spatialTask_seperated,value_matched,side,640.0,0.7486448153853417,0.7403898894786834,0.7557413786649704,40
spatialTask_seperated,value_matched,side,650.0,0.7479457288980484,0.73950355052948,0.7552019909024239,40
spatialTask_seperated,value_matched,side,660.0,0.7477474823594094,0.7390019938349723,0.7552644342184067,40
spatialTask_seperated,value_matched,side,670.0,0.7477193951606751,0.7388259321451187,0.7551280587911606,40
spatialTask_seperated,value_matched,side,680.0,0.7478086873888969,0.7389219254255295,0.7553447291254998,40
spatialTask_seperated,value_matched,side,690.0,0.7475740954279899,0.7388964667916298,0.7550727084279061,40
spatialTask_seperated,value_matched,side,700.0,0.7477358400821685,0.739233273267746,0.7549567759037018,40
spatialTask_seperated,value_matched,side,710.0,0.7478363811969757,0.7394083619117737,0.7551678359508515,40
spatialTask_seperated,value_matched,side,720.0,0.7480809330940247,0.7398445934057236,0.7554100960493088,40
spatialTask_seperated,value_matched,side,730.0,0.7475032731890678,0.7388863727450371,0.7548393398523331,40
spatialTask_seperated,value_matched,side,740.0,0.747604039311409,0.7387890085577965,0.7549365296959877,40
spatialTask_seperated,value_matched,side,750.0,0.7479960262775421,0.7395719155669213,0.7551589116454125,40
spatialTask_seperated,value_matched,side,760.0,0.7470839694142342,0.7386823818087578,0.7542304337024689,40
spatialTask_seperated,value_matched,side,770.0,0.7473589420318604,0.7388104319572448,0.7545803353190422,40
spatialTask_seperated,value_matched,side,780.0,0.7472568973898888,0.7385117903351783,0.7545849204063415,40
spatialTask_seperated,value_matched,side,790.0,0.74646375477314,0.7375867024064064,0.7537513762712479,40
spatialTask_seperated,value_matched,side,800.0,0.7466929093003273,0.7378055199980735,0.7540304243564606,40
spatialTask_seperated,value_matched,side,810.0,0.7467037379741669,0.7377764910459519,0.7541721940040589,40
spatialTask_seperated,value_matched,side,820.0,0.7471652880311013,0.7382800549268722,0.7545229941606522,40
spatialTask_seperated,value_matched,side,830.0,0.7469060063362122,0.7381248474121094,0.7542502969503403,40
spatialTask_seperated,value_matched,side,840.0,0.7463536441326142,0.7372771397233009,0.7539362445473671,40
spatialTask_seperated,value_matched,side,850.0,0.7461953744292259,0.737122243642807,0.7536867842078209,40
spatialTask_seperated,value_matched,side,860.0,0.7477169439196587,0.7390473380684852,0.7549528896808624,40
spatialTask_seperated,value_matched,side,870.0,0.7479439154267311,0.7392548605799675,0.755221252143383,40
spatialTask_seperated,value_matched,side,880.0,0.7478686302900315,0.7391858905553818,0.7550604462623596,40
spatialTask_seperated,value_matched,side,890.0,0.7472084119915963,0.738760931789875,0.7543166100978851,40
spatialTask_seperated,value_matched,side,900.0,0.747472631931305,0.7388523384928704,0.7546666577458382,40
spatialTask_seperated,value_matched,side,910.0,0.7473797246813774,0.7390579149127007,0.7544501557946205,40
spatialTask_seperated,value_matched,side,920.0,0.7470297947525978,0.7386687457561493,0.7542524397373199,40
spatialTask_seperated,value_matched,side,930.0,0.7481331214308738,0.7398549109697342,0.7551806986331939,40
spatialTask_seperated,value_matched,side,940.0,0.7478990972042083,0.7393309444189071,0.7551672354340553,40
spatialTask_seperated,value_matched,side,950.0,0.7477788493037224,0.7390466690063476,0.7552599489688874,40
spatialTask_seperated,value_matched,side,960.0,0.7479340329766273,0.739527402818203,0.7551011264324188,40
spatialTask_seperated,value_matched,side,970.0,0.7479349926114083,0.739342175424099,0.7552454382181167,40
spatialTask_seperated,value_matched,side,980.0,0.7472340688109398,0.7390679627656936,0.7543421030044556,40
spatialTask_seperated,value_matched,side,990.0,0.7475414648652077,0.7391367509961129,0.7547490730881691,40
spatialTask_seperated,value_matched,side,1000.0,0.7471594125032425,0.7384519025683403,0.7545320883393287,40
spatialTask_seperated,value_matched,side,1010.0,0.747732812166214,0.7389046534895897,0.7551316455006599,40
spatialTask_seperated,value_matched,side,1020.0,0.7480234622955322,0.7393900036811829,0.7553160548210144,40
spatialTask_seperated,value_matched,side,1030.0,0.7478522196412086,0.7394225627183915,0.7548793986439705,40
spatialTask_seperated,value_matched,side,1040.0,0.7478265166282654,0.7393284976482392,0.7550912246108055,40
spatialTask_seperated,value_matched,side,1050.0,0.7477508172392845,0.7394037172198296,0.7548512741923332,40
spatialTask_seperated,value_matched,side,1060.0,0.7473245680332183,0.7388539761304855,0.754522055387497,40
spatialTask_seperated,value_matched,side,1070.0,0.7478577226400376,0.7395279839634895,0.7549467533826828,40
spatialTask_seperated,value_matched,side,1080.0,0.7478496432304382,0.7394692525267601,0.7549433231353759,40
spatialTask_seperated,value_matched,side,1090.0,0.7479080468416214,0.7392563104629517,0.7550857350230217,40
spatialTask_seperated,value_matched,side,1100.0,0.7480372712016106,0.7395084097981452,0.7552334144711494,40
spatialTask_seperated,value_matched,side,1110.0,0.7480754211544991,0.7394610196352005,0.7554115876555443,40
spatialTask_seperated,value_matched,side,1120.0,0.7478859961032868,0.7392796128988266,0.7552622050046921,40
spatialTask_seperated,value_matched,side,1130.0,0.7479712337255477,0.7393908053636551,0.7553556680679321,40
spatialTask_seperated,value_matched,side,1140.0,0.7473925948143005,0.7387678876519204,0.7547466561198235,40
spatialTask_seperated,value_matched,side,1150.0,0.7479481503367424,0.7391137629747391,0.7553686916828155,40
spatialTask_seperated,value_matched,side,1160.0,0.7477899789810181,0.7391022861003875,0.7548071458935738,40
spatialTask_seperated,value_matched,side,1170.0,0.747855493426323,0.7392253190279007,0.7550801157951355,40
spatialTask_seperated,value_matched,side,1180.0,0.7475007325410843,0.7387924283742905,0.7547774270176888,40
spatialTask_seperated,value_matched,side,1190.0,0.7481042236089707,0.7392872631549835,0.7554620265960693,40
spatialTask_seperated,value_matched,side,1200.0,0.7487160965800286,0.7400964975357056,0.7560200840234756,40
spatialTask_seperated,value_matched,side,1210.0,0.7485339611768722,0.739788606762886,0.7558884650468827,40
spatialTask_seperated,value_matched,side,1220.0,0.7480279266834259,0.7393731072545051,0.7548698663711548,40
spatialTask_seperated,value_matched,side,1230.0,0.7484722837805748,0.7397001251578331,0.7556903332471847,40
spatialTask_seperated,value_matched,side,1240.0,0.7480064421892166,0.7391544803977013,0.755233496427536,40
spatialTask_seperated,value_matched,side,1250.0,0.7484602645039559,0.7395698919892311,0.7554819911718369,40
spatialTask_seperated,value_matched,side,1260.0,0.7482392638921738,0.7394334062933922,0.7554341778159142,40
spatialTask_seperated,value_matched,side,1270.0,0.7483397200703621,0.7395218595862388,0.7555804312229156,40
spatialTask_seperated,value_matched,side,1280.0,0.7484950155019761,0.7396530658006668,0.7559056773781776,40
spatialTask_seperated,value_matched,side,1290.0,0.748431921005249,0.7394429296255112,0.7557122230529785,40
spatialTask_seperated,value_matched,side,1300.0,0.7478013589978219,0.7389756947755813,0.7550835743546486,40
spatialTask_seperated,value_matched,side,1310.0,0.7486462607979775,0.739832192659378,0.7557919740676879,40
spatialTask_seperated,value_matched,side,1320.0,0.748396584391594,0.7393500328063964,0.755713015794754,40
spatialTask_seperated,value_matched,side,1330.0,0.7486393764615059,0.7400865733623505,0.7559858083724975,40
spatialTask_seperated,value_matched,side,1340.0,0.7490073353052139,0.7401330024003983,0.7563688218593597,40
spatialTask_seperated,value_matched,side,1350.0,0.7488555431365966,0.7398921579122544,0.7563523665070534,40
spatialTask_seperated,value_matched,side,1360.0,0.7489306017756462,0.739974758028984,0.7564013808965683,40
spatialTask_seperated,value_matched,side,1370.0,0.7488053113222122,0.7397626101970672,0.7563046842813492,40
spatialTask_seperated,value_matched,side,1380.0,0.7484846591949463,0.74007877856493,0.7557629451155663,40
spatialTask_seperated,value_matched,side,1390.0,0.7481888860464097,0.7394725248217583,0.7554928883910179,40
spatialTask_seperated,value_matched,side,1400.0,0.7483265161514282,0.7398997932672501,0.7553381115198136,40
spatialTask_seperated,value_matched,side,1410.0,0.7477570548653603,0.7391389727592468,0.7547888666391372,40
spatialTask_seperated,value_matched,side,1420.0,0.7479583323001862,0.7392956301569938,0.7552570253610611,40
spatialTask_seperated,value_matched,side,1430.0,0.748303835093975,0.739705266058445,0.755504210293293,40
spatialTask_seperated,value_matched,side,1440.0,0.7477125778794289,0.7386668100953102,0.7550725936889648,40
spatialTask_seperated,value_matched,side,1450.0,0.7481177657842636,0.7393034175038338,0.7552895843982697,40
spatialTask_seperated,value_matched,side,1460.0,0.7481760874390602,0.7394087433815002,0.7552652046084404,40
spatialTask_seperated,value_matched,side,1470.0,0.7479900494217873,0.7390831649303437,0.7553501695394516,40
spatialTask_seperated,value_matched,side,1480.0,0.7477856010198594,0.7388125345110893,0.7553284481167793,40
spatialTask_seperated,value_matched,side,1490.0,0.7482758209109306,0.7397956684231758,0.7555128157138824,40
spatialTask_seperated,value_matched,side,1500.0,0.748974135518074,0.7399116769433022,0.7564214766025543,40
spatialTask_seperated,value_matched,side,1510.0,0.8487230435013771,0.8265210211277008,0.8702575132250786,40
spatialTask_seperated,value_matched,side,1520.0,0.8966746956110001,0.8742188438773155,0.9181687608361244,40
spatialTask_seperated,value_matched,side,1530.0,0.9168151557445526,0.8959323331713677,0.9365033745765686,40
spatialTask_seperated,value_matched,side,1540.0,0.9322016283869743,0.9155130878090858,0.9471590131521225,40
spatialTask_seperated,value_matched,side,1550.0,0.9425445824861527,0.9289637923240661,0.9543457508087159,40
spatialTask_seperated,value_matched,side,1560.0,0.9500882059335709,0.9387105718255043,0.960018090903759,40
spatialTask_seperated,value_matched,side,1570.0,0.9530602887272834,0.9424634471535682,0.9622461929917335,40
spatialTask_seperated,value_matched,side,1580.0,0.9554923355579377,0.9458244130015373,0.9641210392117501,40
spatialTask_seperated,value_matched,side,1590.0,0.9587191939353943,0.9498661428689956,0.9665460333228111,40
spatialTask_seperated,value_matched,side,1600.0,0.9624539449810982,0.9538516774773598,0.9697265535593033,40
spatialTask_seperated,value_matched,side,1610.0,0.9645991086959839,0.9560239091515541,0.9719413727521896,40
spatialTask_seperated,value_matched,side,1620.0,0.9651342108845711,0.9564944714307785,0.9724768728017807,40
spatialTask_seperated,value_matched,side,1630.0,0.9665463238954544,0.9581582114100456,0.9736749693751335,40
spatialTask_seperated,value_matched,side,1640.0,0.9685003235936165,0.9601001262664794,0.9755637094378471,40
spatialTask_seperated,value_matched,side,1650.0,0.9699406281113625,0.9619665384292603,0.9763770461082458,40
spatialTask_seperated,value_matched,side,1660.0,0.971258993446827,0.9630399286746979,0.9773579716682435,40
spatialTask_seperated,value_matched,side,1670.0,0.9728256791830063,0.9643589302897453,0.9790106028318405,40
spatialTask_seperated,value_matched,side,1680.0,0.9741332456469536,0.965222917497158,0.9804413363337516,40
spatialTask_seperated,value_matched,side,1690.0,0.9749080747365951,0.96617893576622,0.9811233252286911,40
spatialTask_seperated,value_matched,side,1700.0,0.9760780319571495,0.9678061157464981,0.9817632004618645,40
spatialTask_seperated,value_matched,side,1710.0,0.9768314987421036,0.9697720810770989,0.9817950665950775,40
spatialTask_seperated,value_matched,side,1720.0,0.9778077244758606,0.9720208019018173,0.9822189509868622,40
spatialTask_seperated,value_matched,side,1730.0,0.9790993660688401,0.9734876692295075,0.9835440307855606,40
spatialTask_seperated,value_matched,side,1740.0,0.979725481569767,0.9745131671428681,0.9839628115296364,40
spatialTask_seperated,value_matched,side,1750.0,0.9804426312446595,0.9754330143332481,0.9844299837946892,40
spatialTask_seperated,value_matched,side,1760.0,0.9814205586910247,0.9770297333598137,0.9851720452308654,40
spatialTask_seperated,value_matched,side,1770.0,0.9819998562335968,0.9777255684137345,0.985543106496334,40
spatialTask_seperated,value_matched,side,1780.0,0.9830671817064285,0.979424712061882,0.9862595781683922,40
spatialTask_seperated,value_matched,side,1790.0,0.9839716374874115,0.9807251408696175,0.9868258148431778,40
spatialTask_seperated,value_matched,side,1800.0,0.984432752430439,0.9814584225416183,0.9872102499008178,40
spatialTask_seperated,value_matched,side,1810.0,0.9846135810017586,0.9818522453308105,0.9872003197669983,40
spatialTask_seperated,value_matched,side,1820.0,0.9854497149586677,0.9828003525733948,0.987967936694622,40
spatialTask_seperated,value_matched,side,1830.0,0.9860661044716835,0.9835393488407135,0.9883421778678894,40
spatialTask_seperated,value_matched,side,1840.0,0.9867346927523613,0.9841960281133652,0.9890390127897263,40
spatialTask_seperated,value_matched,side,1850.0,0.9873155891895294,0.9848844230175018,0.9895555034279824,40
spatialTask_seperated,value_matched,side,1860.0,0.9879276245832443,0.9855797499418258,0.9900802776217461,40
spatialTask_seperated,value_matched,side,1870.0,0.9883689522743225,0.9861413016915321,0.990328362584114,40
spatialTask_seperated,value_matched,side,1880.0,0.9886893585324288,0.9865458086133003,0.990614752471447,40
spatialTask_seperated,value_matched,side,1890.0,0.9892591327428818,0.987316845357418,0.9910935565829277,40
spatialTask_seperated,value_matched,side,1900.0,0.989721667766571,0.9879458263516426,0.9912436306476593,40
spatialTask_seperated,value_matched,side,1910.0,0.989516431093216,0.9878261432051658,0.9910739287734032,40
spatialTask_seperated,value_matched,side,1920.0,0.9891827017068863,0.9875548914074898,0.9906497210264206,40
spatialTask_seperated,value_matched,side,1930.0,0.9890693873167038,0.9874986335635185,0.9905300617218018,40
spatialTask_seperated,value_matched,side,1940.0,0.9894189804792404,0.9878507450222969,0.9908540189266205,40
spatialTask_seperated,value_matched,side,1950.0,0.9899610951542854,0.9885236471891403,0.9912574365735054,40
spatialTask_seperated,value_matched,side,1960.0,0.990551671385765,0.9891374692320823,0.9918350830674172,40
spatialTask_seperated,value_matched,side,1970.0,0.9911288872361184,0.9895939350128173,0.9923993527889252,40
spatialTask_seperated,value_matched,side,1980.0,0.9911523461341858,0.989557933807373,0.9924947082996368,40
spatialTask_seperated,value_matched,side,1990.0,0.9912060961127281,0.9896019503474236,0.9925839617848397,40
spatialTask_seperated,value_matched,side,2000.0,0.9914667457342148,0.9898917689919472,0.9928242847323417,40
spatialTask_seperated,value_matched,side,2010.0,0.9914531961083413,0.989838869869709,0.9928032532334328,40
spatialTask_seperated,value_matched,side,2020.0,0.9916264250874519,0.9900331109762192,0.9929445773363114,40
spatialTask_seperated,value_matched,side,2030.0,0.9918175339698792,0.9899733766913414,0.993345758318901,40
spatialTask_seperated,value_matched,side,2040.0,0.9918039679527283,0.9900272116065025,0.9933397963643074,40
spatialTask_seperated,value_matched,side,2050.0,0.991743940114975,0.9900478303432465,0.99322609603405,40
spatialTask_seperated,value_matched,side,2060.0,0.991769103705883,0.990032535791397,0.993379408121109,40
spatialTask_seperated,value_matched,side,2070.0,0.9916811063885689,0.9898024722933769,0.9934236273169518,40
spatialTask_seperated,value_matched,side,2080.0,0.9917027026414871,0.9897219583392143,0.99349897056818,40
spatialTask_seperated,value_matched,side,2090.0,0.9915836349129676,0.9896317258477211,0.993334986269474,40
spatialTask_seperated,value_matched,side,2100.0,0.9916578531265259,0.989786510169506,0.9933790042996407,40
spatialTask_seperated,value_matched,side,2110.0,0.9917321294546128,0.9899617657065392,0.9933618932962418,40
spatialTask_seperated,value_matched,side,2120.0,0.9915635019540787,0.9897587791085243,0.9930609822273254,40
spatialTask_seperated,value_matched,side,2130.0,0.9913593128323555,0.9896157562732697,0.9927847191691399,40
spatialTask_seperated,value_matched,side,2140.0,0.991344764828682,0.9896333023905755,0.9928263068199158,40
spatialTask_seperated,value_matched,side,2150.0,0.9912632197141648,0.9894562274217605,0.9928869783878327,40
spatialTask_seperated,value_matched,side,2160.0,0.9913207709789276,0.9894285291433335,0.992948243021965,40
spatialTask_seperated,value_matched,side,2170.0,0.9914584338665009,0.989505735039711,0.9931170165538787,40
spatialTask_seperated,value_matched,side,2180.0,0.9916151881217956,0.989679029583931,0.9932719126343728,40
spatialTask_seperated,value_matched,side,2190.0,0.9915790542960167,0.9896451592445373,0.9932263672351838,40
spatialTask_seperated,value_matched,side,2200.0,0.9916646584868432,0.9897548198699951,0.9932844623923301,40
spatialTask_seperated,value_matched,side,2210.0,0.9918690264225006,0.9898811832070351,0.9934678256511689,40
spatialTask_seperated,value_matched,side,2220.0,0.9920812383294105,0.9902219593524932,0.9936617240309715,40
spatialTask_seperated,value_matched,side,2230.0,0.9921442285180092,0.9901682689785958,0.9937557473778724,40
spatialTask_seperated,value_matched,side,2240.0,0.9920502007007599,0.9898982360959053,0.9937554448843002,40
spatialTask_seperated,value_matched,side,2250.0,0.9921275407075882,0.9900088369846344,0.9938532173633575,40
spatialTask_seperated,value_matched,side,2260.0,0.9924652248620986,0.9904982417821884,0.9940737381577491,40
spatialTask_seperated,value_matched,side,2270.0,0.9928544878959655,0.9910466760396958,0.9944905385375022,40
spatialTask_seperated,value_matched,side,2280.0,0.99299326390028,0.9910643190145493,0.9947052732110023,40
spatialTask_seperated,value_matched,side,2290.0,0.992862993478775,0.9909407064318657,0.9946278095245361,40
spatialTask_seperated,value_matched,side,2300.0,0.9930402025580406,0.9911111697554589,0.9947575971484184,40
spatialTask_seperated,value_matched,side,2310.0,0.9932587191462516,0.9913937389850617,0.9949797436594963,40
spatialTask_seperated,value_matched,side,2320.0,0.9933472096920013,0.9915802642703057,0.9949304953217506,40
spatialTask_seperated,value_matched,side,2330.0,0.9935563236474991,0.9919561892747879,0.995067971944809,40
spatialTask_seperated,value_matched,side,2340.0,0.9936805367469788,0.9921115338802338,0.9951884344220161,40
spatialTask_seperated,value_matched,side,2350.0,0.9938692525029182,0.9924015954136849,0.9952955961227417,40
spatialTask_seperated,value_matched,side,2360.0,0.9937748819589615,0.9922287866473198,0.9952542796730995,40
spatialTask_seperated,value_matched,side,2370.0,0.9938253700733185,0.9923424169421196,0.995282131433487,40
spatialTask_seperated,value_matched,side,2380.0,0.9937645345926285,0.9923432141542434,0.9951649501919746,40
spatialTask_seperated,value_matched,side,2390.0,0.9934918433427811,0.9918979957699776,0.9950145199894905,40
spatialTask_seperated,value_matched,side,2400.0,0.9932385519146919,0.9915317505598068,0.9948902606964112,40
spatialTask_seperated,value_matched,side,2410.0,0.9931799337267876,0.9913978517055512,0.9948794081807136,40
spatialTask_seperated,value_matched,side,2420.0,0.9932737961411476,0.9914486467838287,0.9949252173304558,40
spatialTask_seperated,value_matched,side,2430.0,0.993455995619297,0.9917443126440049,0.9950280874967575,40
spatialTask_seperated,value_matched,side,2440.0,0.9936049923300743,0.991916923224926,0.995060770213604,40
spatialTask_seperated,value_matched,side,2450.0,0.9937440067529678,0.9921111196279526,0.9951555356383324,40
spatialTask_seperated,value_matched,side,2460.0,0.9938061267137528,0.992224645614624,0.9952105015516282,40
spatialTask_seperated,value_matched,side,2470.0,0.9938055381178856,0.9922333642840385,0.9952600046992301,40
spatialTask_seperated,value_matched,side,2480.0,0.9938642859458924,0.992166443169117,0.9954105868935585,40
spatialTask_seperated,value_matched,side,2490.0,0.9939653486013412,0.9922545611858368,0.9955336153507233,40
spatialTask_seperated,value_matched,side,2500.0,0.9941651493310928,0.992458064854145,0.9956925928592681,40
spatialTask_seperated,value_matched,side,2510.0,0.9942488864064216,0.9925069600343704,0.9957933038473129,40
spatialTask_seperated,value_matched,side,2520.0,0.9945058077573776,0.9928510040044785,0.9960109829902649,40
spatialTask_seperated,value_matched,side,2530.0,0.9946983367204666,0.9930304020643235,0.9961584448814392,40
spatialTask_seperated,value_matched,side,2540.0,0.9944700866937637,0.9927605390548706,0.9959854349493981,40
spatialTask_seperated,value_matched,side,2550.0,0.9942729145288467,0.9925327643752098,0.9958416640758514,40
spatialTask_seperated,value_matched,side,2560.0,0.994412536919117,0.9927124470472336,0.9959736973047256,40
spatialTask_seperated,value_matched,side,2570.0,0.9946025401353836,0.9928740486502647,0.9961147651076316,40
spatialTask_seperated,value_matched,side,2580.0,0.9947991400957108,0.9931451931595803,0.9962484568357468,40
spatialTask_seperated,value_matched,side,2590.0,0.9950027465820312,0.9934574663639069,0.9962961331009865,40
spatialTask_seperated,value_matched,side,2600.0,0.9952135920524597,0.9938084080815315,0.9963792905211448,40
spatialTask_seperated,value_matched,side,2610.0,0.9954375207424164,0.9939903125166893,0.9966054648160935,40
spatialTask_seperated,value_matched,side,2620.0,0.9954506158828735,0.99394341558218,0.9966680452227592,40
spatialTask_seperated,value_matched,side,2630.0,0.9955377459526062,0.9940561950206757,0.9967262208461761,40
spatialTask_seperated,value_matched,side,2640.0,0.9955937951803208,0.9941042587161064,0.9967361018061638,40
spatialTask_seperated,value_matched,side,2650.0,0.9955648228526115,0.9940844431519509,0.9967450812458992,40
spatialTask_seperated,value_matched,side,2660.0,0.995557613670826,0.994112765789032,0.996714785695076,40
spatialTask_seperated,value_matched,side,2670.0,0.9955533221364021,0.994192935526371,0.9966724351048469,40
spatialTask_seperated,value_matched,side,2680.0,0.9956319347023964,0.9942980319261551,0.9966894492506981,40
spatialTask_seperated,value_matched,side,2690.0,0.9958583861589432,0.9945880830287933,0.996841986477375,40
spatialTask_seperated,value_matched,side,2700.0,0.9960579857230186,0.9948552891612052,0.9969642922282219,40
spatialTask_seperated,value_matched,side,2710.0,0.996149317920208,0.9950038015842437,0.9970386743545532,40
spatialTask_seperated,value_matched,side,2720.0,0.9962552189826965,0.9951763659715652,0.9971117064356804,40
spatialTask_seperated,value_matched,side,2730.0,0.9964418545365333,0.9955011129379272,0.9972448885440827,40
spatialTask_seperated,value_matched,side,2740.0,0.9964754760265351,0.9955446630716324,0.9973079919815063,40
spatialTask_seperated,value_matched,side,2750.0,0.996622371673584,0.9956835642457008,0.9974477156996727,40
spatialTask_seperated,value_matched,side,2760.0,0.9967396542429924,0.9958572030067444,0.9975187867879868,40
spatialTask_seperated,value_matched,side,2770.0,0.9968937307596206,0.9960122644901276,0.9976583927869797,40
spatialTask_seperated,value_matched,side,2780.0,0.997055521607399,0.9962579518556595,0.9977602168917656,40
spatialTask_seperated,value_matched,side,2790.0,0.9970091700553894,0.996162623167038,0.9977452352643013,40
spatialTask_seperated,value_matched,side,2800.0,0.9968998208642006,0.9960245251655578,0.9976710498332977,40
spatialTask_seperated,value_matched,side,2810.0,0.9968443900346756,0.9958869338035583,0.997685295343399,40
spatialTask_seperated,value_matched,side,2820.0,0.9968853458762169,0.9959755048155785,0.9976891741156578,40
spatialTask_seperated,value_matched,side,2830.0,0.9969044461846351,0.9959816172719002,0.9976997390389443,40
spatialTask_seperated,value_matched,side,2840.0,0.9969472542405129,0.9960864543914795,0.9977193176746368,40
spatialTask_seperated,value_matched,side,2850.0,0.9970821961760521,0.9962574630975723,0.9978475496172905,40
spatialTask_seperated,value_matched,side,2860.0,0.9971650332212448,0.9963370934128761,0.9979125842452049,40
spatialTask_seperated,value_matched,side,2870.0,0.9972959220409393,0.9965433031320572,0.9979906722903251,40
spatialTask_seperated,value_matched,side,2880.0,0.9973912104964257,0.9965700447559357,0.9981179252266884,40
spatialTask_seperated,value_matched,side,2890.0,0.9974544003605843,0.9966679975390434,0.9981742814183235,40
spatialTask_seperated,value_matched,side,2900.0,0.9973896890878677,0.9965446501970291,0.9980922490358353,40
spatialTask_seperated,value_matched,side,2910.0,0.9972531870007515,0.9963373094797134,0.9980595275759697,40
spatialTask_seperated,value_matched,side,2920.0,0.9972617581486702,0.996333709359169,0.998105201125145,40
spatialTask_seperated,value_matched,side,2930.0,0.9972502768039704,0.9963319897651672,0.9981338411569596,40
spatialTask_seperated,value_matched,side,2940.0,0.9972735434770584,0.9963702291250229,0.9981266051530838,40
spatialTask_seperated,value_matched,side,2950.0,0.9973627865314484,0.9964994311332702,0.9981819719076157,40
spatialTask_seperated,value_matched,side,2960.0,0.9973487988114357,0.9964454010128975,0.9981711983680726,40
spatialTask_seperated,value_matched,side,2970.0,0.9973472192883491,0.9964011594653129,0.9981793761253357,40
spatialTask_seperated,value_matched,side,2980.0,0.9973914131522179,0.9965106099843979,0.9981948986649514,40
spatialTask_seperated,value_matched,side,2990.0,0.9974758744239807,0.9966214418411254,0.9982321590185166,40
spatialTask_seperated,value_matched,side,3000.0,0.997529947757721,0.9966628760099411,0.9982951790094375,40
spatialTask_seperated,value_matched,side,3010.0,0.9976467862725258,0.9968148365616798,0.9984006375074387,40
spatialTask_seperated,value_matched,side,3020.0,0.9978357955813408,0.9969586998224258,0.9985874101519585,40
spatialTask_seperated,value_matched,side,3030.0,0.9978069201111793,0.9969305992126465,0.9985097244381904,40
spatialTask_seperated,value_matched,side,3040.0,0.997878061234951,0.9969714134931564,0.9985788077116012,40
spatialTask_seperated,value_matched,side,3050.0,0.9978154882788658,0.9969413265585899,0.9985414415597915,40
spatialTask_seperated,value_matched,side,3060.0,0.9977638214826584,0.996891425549984,0.9984809532761574,40
spatialTask_seperated,value_matched,side,3070.0,0.997732762992382,0.9968869224190712,0.9984368175268173,40
spatialTask_seperated,value_matched,side,3080.0,0.9978459283709527,0.9969954907894134,0.9985236123204231,40
spatialTask_seperated,value_matched,side,3090.0,0.9978134840726852,0.9969941943883895,0.9984786599874497,40
spatialTask_seperated,value_matched,side,3100.0,0.9978211104869843,0.997001650929451,0.9984639853239059,40
spatialTask_seperated,value_matched,side,3110.0,0.9978942632675171,0.9970663219690323,0.9985522657632828,40
spatialTask_seperated,value_matched,side,3120.0,0.9978810042142868,0.9970943003892898,0.9985226169228554,40
spatialTask_seperated,value_matched,side,3130.0,0.9978490099310875,0.9970460116863251,0.9985294550657272,40
spatialTask_seperated,value_matched,side,3140.0,0.9979084819555283,0.9971112802624702,0.9985790342092514,40
spatialTask_seperated,value_matched,side,3150.0,0.9979389533400536,0.9971420288085937,0.9986089244484901,40
spatialTask_seperated,value_matched,side,3160.0,0.9979475304484368,0.9971184685826302,0.9986299514770508,40
spatialTask_seperated,value_matched,side,3170.0,0.9979711845517159,0.9971278414130211,0.9986809685826301,40
spatialTask_seperated,value_matched,side,3180.0,0.9980257824063301,0.9972046166658401,0.9987472832202912,40
spatialTask_seperated,value_matched,side,3190.0,0.9979614391922951,0.9971288695931435,0.9986695483326912,40
spatialTask_seperated,value_matched,juice,0.0,0.49161047860980034,0.4798700213432312,0.5030428037047386,40
spatialTask_seperated,value_matched,juice,10.0,0.4968264654278755,0.48443337082862853,0.5093763962388038,40
spatialTask_seperated,value_matched,juice,20.0,0.5067029789090156,0.49510187432169916,0.5185356885194778,40
spatialTask_seperated,value_matched,juice,30.0,0.5021462760865688,0.4907274104654789,0.5137174934148788,40
spatialTask_seperated,value_matched,juice,40.0,0.5065746031701565,0.49552517756819725,0.5181981340050698,40
spatialTask_seperated,value_matched,juice,50.0,0.5013548761606217,0.48924014791846276,0.5144578114151954,40
spatialTask_seperated,value_matched,juice,60.0,0.494998786598444,0.48497695177793504,0.5066452950239182,40
spatialTask_seperated,value_matched,juice,70.0,0.4901240631937981,0.4790720775723457,0.5018303483724594,40
spatialTask_seperated,value_matched,juice,80.0,0.48776223361492155,0.47537284567952154,0.5008691161870956,40
spatialTask_seperated,value_matched,juice,90.0,0.4992978721857071,0.48922048360109327,0.5099069118499756,40
spatialTask_seperated,value_matched,juice,100.0,0.4885916315019131,0.4790255069732666,0.49785858318209647,40
spatialTask_seperated,value_matched,juice,110.0,0.4893481649458408,0.4788749672472477,0.5002227798104286,40
spatialTask_seperated,value_matched,juice,120.0,0.4916017860174179,0.4809157758951187,0.503467133641243,40
spatialTask_seperated,value_matched,juice,130.0,0.49329454079270363,0.4807076372206211,0.5051886171102524,40
spatialTask_seperated,value_matched,juice,140.0,0.48735893666744234,0.4749628722667694,0.49916601479053496,40
spatialTask_seperated,value_matched,juice,150.0,0.4897798724472523,0.47448793053627014,0.5048806846141816,40
spatialTask_seperated,value_matched,juice,160.0,0.49360327795147896,0.48195926398038863,0.5052888661623001,40
spatialTask_seperated,value_matched,juice,170.0,0.49524733051657677,0.479561797529459,0.5106107234954834,40
spatialTask_seperated,value_matched,juice,180.0,0.4943939454853535,0.4819648779928684,0.5070353358983993,40
spatialTask_seperated,value_matched,juice,190.0,0.4946571685373783,0.4808731459081173,0.5090531036257744,40
spatialTask_seperated,value_matched,juice,200.0,0.4960881404578686,0.4825941674411297,0.5085352510213852,40
spatialTask_seperated,value_matched,juice,210.0,0.5014887012541294,0.4881107971072197,0.5149761721491813,40
spatialTask_seperated,value_matched,juice,220.0,0.4949768878519535,0.4814970202744007,0.5076807141304016,40
spatialTask_seperated,value_matched,juice,230.0,0.49340467527508736,0.4784187234938145,0.5072997242212296,40
spatialTask_seperated,value_matched,juice,240.0,0.4967669352889061,0.48505945429205893,0.5086929887533188,40
spatialTask_seperated,value_matched,juice,250.0,0.49126207306981085,0.4770387873053551,0.5052443876862526,40
spatialTask_seperated,value_matched,juice,260.0,0.4930662788450718,0.47993832305073736,0.5049542307853698,40
spatialTask_seperated,value_matched,juice,270.0,0.48968950361013414,0.4776611976325512,0.5023233190178871,40
spatialTask_seperated,value_matched,juice,280.0,0.4991388753056526,0.48664640858769415,0.511323231458664,40
spatialTask_seperated,value_matched,juice,290.0,0.5002022095024585,0.48903318122029305,0.511537353694439,40
spatialTask_seperated,value_matched,juice,300.0,0.5035514570772648,0.49108322858810427,0.5150641769170761,40
spatialTask_seperated,value_matched,juice,310.0,0.4981801941990852,0.4860834278166294,0.5100178956985474,40
spatialTask_seperated,value_matched,juice,320.0,0.49763683304190637,0.48652541935443877,0.5079331710934639,40
spatialTask_seperated,value_matched,juice,330.0,0.5009797684848308,0.48937769383192065,0.5120293289422989,40
spatialTask_seperated,value_matched,juice,340.0,0.5005587309598922,0.48826935738325117,0.5121626868844033,40
spatialTask_seperated,value_matched,juice,350.0,0.49766562357544897,0.48646397814154624,0.5085925757884979,40
spatialTask_seperated,value_matched,juice,360.0,0.501657921820879,0.4909822456538677,0.5133320584893226,40
spatialTask_seperated,value_matched,juice,370.0,0.495592749863863,0.484224122017622,0.5066800907254219,40
spatialTask_seperated,value_matched,juice,380.0,0.49262762889266015,0.48066375181078913,0.505377659201622,40
spatialTask_seperated,value_matched,juice,390.0,0.48677644059062003,0.47166803032159804,0.5005877479910851,40
spatialTask_seperated,value_matched,juice,400.0,0.4939055599272251,0.48202088475227356,0.5068043008446693,40
spatialTask_seperated,value_matched,juice,410.0,0.48356505781412124,0.4722223445773125,0.49516733065247537,40
spatialTask_seperated,value_matched,juice,420.0,0.4895799458026886,0.4788669928908348,0.49972936064004897,40
spatialTask_seperated,value_matched,juice,430.0,0.4872706562280655,0.47455141320824623,0.49949889034032824,40
spatialTask_seperated,value_matched,juice,440.0,0.49774840027093886,0.48534668162465094,0.5110295757651329,40
spatialTask_seperated,value_matched,juice,450.0,0.48995916098356246,0.4770819790661335,0.5036056905984878,40
spatialTask_seperated,value_matched,juice,460.0,0.4902671568095684,0.48029219210147855,0.49981407448649406,40
spatialTask_seperated,value_matched,juice,470.0,0.49407282322645185,0.4837195910513401,0.5044128477573395,40
spatialTask_seperated,value_matched,juice,480.0,0.49868768602609637,0.4872861824929714,0.5098349317908287,40
spatialTask_seperated,value_matched,juice,490.0,0.49369378611445425,0.4795443266630173,0.5092029273509979,40
spatialTask_seperated,value_matched,juice,500.0,0.6111562289297581,0.5783757224678994,0.6484635442495346,40
spatialTask_seperated,value_matched,juice,510.0,0.7024658016860486,0.6633997306227684,0.7421392410993576,40
spatialTask_seperated,value_matched,juice,520.0,0.7551784038543701,0.7200487971305847,0.7899086967110633,40
spatialTask_seperated,value_matched,juice,530.0,0.8074387922883034,0.7775481745600701,0.838751582801342,40
spatialTask_seperated,value_matched,juice,540.0,0.8300342991948128,0.8003643080592155,0.8588780343532563,40
spatialTask_seperated,value_matched,juice,550.0,0.8432176947593689,0.8125970825552941,0.8731132969260216,40
spatialTask_seperated,value_matched,juice,560.0,0.8612431347370147,0.8314899712800979,0.891072365641594,40
spatialTask_seperated,value_matched,juice,570.0,0.8794179856777191,0.8525297895073891,0.9056890785694123,40
spatialTask_seperated,value_matched,juice,580.0,0.8897692739963532,0.8649370715022087,0.9145793706178665,40
spatialTask_seperated,value_matched,juice,590.0,0.8968981519341469,0.872149346768856,0.922083032131195,40
spatialTask_seperated,value_matched,juice,600.0,0.9002793550491333,0.8768723994493485,0.9250534936785698,40
spatialTask_seperated,value_matched,juice,610.0,0.9039975255727768,0.8807042643427849,0.9271094411611557,40
spatialTask_seperated,value_matched,juice,620.0,0.9064518183469772,0.8836622402071953,0.9288355126976967,40
spatialTask_seperated,value_matched,juice,630.0,0.9105680972337723,0.8879370942711831,0.9330736920237541,40
spatialTask_seperated,value_matched,juice,640.0,0.911244647204876,0.8874785333871842,0.9338449731469154,40
spatialTask_seperated,value_matched,juice,650.0,0.9134342178702355,0.8903101101517678,0.9353209972381592,40
spatialTask_seperated,value_matched,juice,660.0,0.9138930812478065,0.8905521184206009,0.9358362406492233,40
spatialTask_seperated,value_matched,juice,670.0,0.9143569335341454,0.8908396527171135,0.9375316873192787,40
spatialTask_seperated,value_matched,juice,680.0,0.9151181057095528,0.8909056529402732,0.9389498248696327,40
spatialTask_seperated,value_matched,juice,690.0,0.9153400257229805,0.8919168427586556,0.9386592701077461,40
spatialTask_seperated,value_matched,juice,700.0,0.9169530883431435,0.8929353103041648,0.9401460826396942,40
spatialTask_seperated,value_matched,juice,710.0,0.9167752221226693,0.8927721798419952,0.9401154398918151,40
spatialTask_seperated,value_matched,juice,720.0,0.917227852344513,0.8934668526053429,0.9403896316885948,40
spatialTask_seperated,value_matched,juice,730.0,0.9182089969515801,0.8949599519371987,0.9407584562897682,40
spatialTask_seperated,value_matched,juice,740.0,0.9189194679260254,0.8957953780889512,0.9422384902834893,40
spatialTask_seperated,value_matched,juice,750.0,0.9196799978613853,0.8964349940419197,0.941745263338089,40
spatialTask_seperated,value_matched,juice,760.0,0.9188219547271729,0.8955868422985077,0.9415943056344986,40
spatialTask_seperated,value_matched,juice,770.0,0.9209652006626129,0.8977594569325447,0.9436992019414902,40
spatialTask_seperated,value_matched,juice,780.0,0.9209543451666832,0.897219042479992,0.9436561986804008,40
spatialTask_seperated,value_matched,juice,790.0,0.9210617035627365,0.8971050590276718,0.9439328208565712,40
spatialTask_seperated,value_matched,juice,800.0,0.9217440187931061,0.8981218665838242,0.9447445034980774,40
spatialTask_seperated,value_matched,juice,810.0,0.9244840547442437,0.9015850976109505,0.9468519181013108,40
spatialTask_seperated,value_matched,juice,820.0,0.9233171373605729,0.9001643568277359,0.945837689936161,40
spatialTask_seperated,value_matched,juice,830.0,0.9221028625965119,0.8984732761979103,0.9450396060943603,40
spatialTask_seperated,value_matched,juice,840.0,0.9225529089570046,0.898665902018547,0.9454113557934761,40
spatialTask_seperated,value_matched,juice,850.0,0.9236732989549636,0.9009061321616173,0.9455973908305169,40
spatialTask_seperated,value_matched,juice,860.0,0.922263641655445,0.8990074306726455,0.9444068789482116,40
spatialTask_seperated,value_matched,juice,870.0,0.9212847381830216,0.8979916572570801,0.9440050780773163,40
spatialTask_seperated,value_matched,juice,880.0,0.9208561196923256,0.8968013897538185,0.9440197691321373,40
spatialTask_seperated,value_matched,juice,890.0,0.9207906261086464,0.8965911164879798,0.9441588893532753,40
spatialTask_seperated,value_matched,juice,900.0,0.9211312383413315,0.8970450207591056,0.9445043534040451,40
spatialTask_seperated,value_matched,juice,910.0,0.9223669543862343,0.898587453365326,0.9453802168369293,40
spatialTask_seperated,value_matched,juice,920.0,0.9227059334516525,0.8982991024851799,0.9460571944713593,40
spatialTask_seperated,value_matched,juice,930.0,0.9225765228271484,0.8990351229906082,0.9455083206295967,40
spatialTask_seperated,value_matched,juice,940.0,0.9229038417339325,0.8990082800388336,0.9459048271179199,40
spatialTask_seperated,value_matched,juice,950.0,0.9221785664558411,0.897874715924263,0.9461916357278823,40
spatialTask_seperated,value_matched,juice,960.0,0.923123998939991,0.8986309215426445,0.9467348471283913,40
spatialTask_seperated,value_matched,juice,970.0,0.9238369897007942,0.8996479272842407,0.9466728374361992,40
spatialTask_seperated,value_matched,juice,980.0,0.9244754314422607,0.9004638940095901,0.9468752726912498,40
spatialTask_seperated,value_matched,juice,990.0,0.9230549901723861,0.8985628068447113,0.94614237844944,40
spatialTask_seperated,value_matched,juice,1000.0,0.9240609362721444,0.9002157345414161,0.9471346393227578,40
spatialTask_seperated,value_matched,juice,1010.0,0.9244613125920296,0.9005929499864578,0.9476862713694573,40
spatialTask_seperated,value_matched,juice,1020.0,0.9244037553668022,0.9006174981594086,0.9475981444120407,40
spatialTask_seperated,value_matched,juice,1030.0,0.9234488412737847,0.8999258413910866,0.9466673031449317,40
spatialTask_seperated,value_matched,juice,1040.0,0.9224285691976547,0.8982556343078614,0.9466385200619698,40
spatialTask_seperated,value_matched,juice,1050.0,0.9216533228754997,0.8974319636821747,0.9460686415433883,40
spatialTask_seperated,value_matched,juice,1060.0,0.9224045559763908,0.8984963685274124,0.9465611696243286,40
spatialTask_seperated,value_matched,juice,1070.0,0.9233177304267883,0.8995521783828735,0.9468411505222321,40
spatialTask_seperated,value_matched,juice,1080.0,0.9218748852610588,0.8975045308470726,0.9458118781447411,40
spatialTask_seperated,value_matched,juice,1090.0,0.9225785940885544,0.8986941426992416,0.9457072675228119,40
spatialTask_seperated,value_matched,juice,1100.0,0.9223202124238015,0.8978156924247742,0.9459415018558502,40
spatialTask_seperated,value_matched,juice,1110.0,0.9200202658772468,0.8950863242149353,0.9440198004245758,40
spatialTask_seperated,value_matched,juice,1120.0,0.9215856835246086,0.8968171015381813,0.9455466508865357,40
spatialTask_seperated,value_matched,juice,1130.0,0.9203718438744545,0.8951168939471245,0.9448438718914985,40
spatialTask_seperated,value_matched,juice,1140.0,0.9197597220540047,0.8946485981345177,0.944451068341732,40
spatialTask_seperated,value_matched,juice,1150.0,0.9201341971755028,0.8959010034799576,0.9436251759529114,40
spatialTask_seperated,value_matched,juice,1160.0,0.9194397181272507,0.8953668802976609,0.9429844856262207,40
spatialTask_seperated,value_matched,juice,1170.0,0.9188115879893303,0.8946292266249657,0.943295806646347,40
spatialTask_seperated,value_matched,juice,1180.0,0.919183324277401,0.895482774078846,0.9429059296846389,40
spatialTask_seperated,value_matched,juice,1190.0,0.9192654848098755,0.8947167351841927,0.9425313159823417,40
spatialTask_seperated,value_matched,juice,1200.0,0.9187709480524063,0.8941446781158447,0.942625580728054,40
spatialTask_seperated,value_matched,juice,1210.0,0.9188685402274132,0.8939981058239936,0.9431379482150077,40
spatialTask_seperated,value_matched,juice,1220.0,0.9171216145157814,0.8924648135900497,0.9416190847754479,40
spatialTask_seperated,value_matched,juice,1230.0,0.9167054176330567,0.8920575276017189,0.9411668539047241,40
spatialTask_seperated,value_matched,juice,1240.0,0.9183911249041558,0.8938529327511787,0.9429200470447541,40
spatialTask_seperated,value_matched,juice,1250.0,0.9177026063203811,0.893276934325695,0.9414010971784592,40
spatialTask_seperated,value_matched,juice,1260.0,0.9185734108090401,0.8940228208899498,0.9423559859395028,40
spatialTask_seperated,value_matched,juice,1270.0,0.9193706572055816,0.8941322192549706,0.9435582339763642,40
spatialTask_seperated,value_matched,juice,1280.0,0.9195530533790588,0.8941889852285385,0.9442442461848259,40
spatialTask_seperated,value_matched,juice,1290.0,0.920636148750782,0.8965643286705017,0.9444425150752067,40
spatialTask_seperated,value_matched,juice,1300.0,0.9199311017990113,0.8957759037613868,0.9436776906251907,40
spatialTask_seperated,value_matched,juice,1310.0,0.921251805126667,0.8972138956189155,0.9440948471426964,40
spatialTask_seperated,value_matched,juice,1320.0,0.9201089188456535,0.8960229158401489,0.943007804453373,40
spatialTask_seperated,value_matched,juice,1330.0,0.9213886767625808,0.897739477455616,0.9439290314912796,40
spatialTask_seperated,value_matched,juice,1340.0,0.9186663538217544,0.8937589406967164,0.9427583500742912,40
spatialTask_seperated,value_matched,juice,1350.0,0.9174737989902496,0.8936008036136627,0.941460257768631,40
spatialTask_seperated,value_matched,juice,1360.0,0.9153604909777642,0.890043817460537,0.940211895108223,40
spatialTask_seperated,value_matched,juice,1370.0,0.915783716738224,0.8900089621543884,0.9408794209361077,40
spatialTask_seperated,value_matched,juice,1380.0,0.9152618825435639,0.8890011221170425,0.940307454764843,40
spatialTask_seperated,value_matched,juice,1390.0,0.9158416017889977,0.8895796149969101,0.9409341111779213,40
spatialTask_seperated,value_matched,juice,1400.0,0.917368982732296,0.892042987048626,0.9417490869760513,40
spatialTask_seperated,value_matched,juice,1410.0,0.9190236911177635,0.8936832785606384,0.9425851136446,40
spatialTask_seperated,value_matched,juice,1420.0,0.9190945401787758,0.8939716920256615,0.943290401995182,40
spatialTask_seperated,value_matched,juice,1430.0,0.9163984015583992,0.8909990176558494,0.9424283802509308,40
spatialTask_seperated,value_matched,juice,1440.0,0.9155472829937935,0.8899474054574966,0.9411117896437645,40
spatialTask_seperated,value_matched,juice,1450.0,0.9173062652349472,0.8912465751171113,0.9419727191329003,40
spatialTask_seperated,value_matched,juice,1460.0,0.9160020843148231,0.8903849393129348,0.9409306451678277,40
spatialTask_seperated,value_matched,juice,1470.0,0.9151744902133941,0.8894199907779694,0.9403878331184387,40
spatialTask_seperated,value_matched,juice,1480.0,0.9131777971982956,0.8866252556443215,0.938876710832119,40
spatialTask_seperated,value_matched,juice,1490.0,0.912706995010376,0.8859415993094444,0.9387079864740372,40
spatialTask_seperated,value_matched,juice,1500.0,0.9227931320667266,0.8966981053352356,0.9480502888560295,40
spatialTask_seperated,value_matched,juice,1510.0,0.9322328209877014,0.9101704463362694,0.9530892685055733,40
spatialTask_seperated,value_matched,juice,1520.0,0.9388003423810005,0.9176337882876396,0.9583835810422897,40
spatialTask_seperated,value_matched,juice,1530.0,0.9436830520629883,0.923011091351509,0.961570043861866,40
spatialTask_seperated,value_matched,juice,1540.0,0.9523623794317245,0.9380122631788254,0.9659623622894287,40
spatialTask_seperated,value_matched,juice,1550.0,0.9521192133426666,0.9379558682441711,0.9652521148324013,40
spatialTask_seperated,value_matched,juice,1560.0,0.952868390083313,0.9376981496810913,0.9671281963586807,40
spatialTask_seperated,value_matched,juice,1570.0,0.9511680692434311,0.934950789809227,0.9661909088492393,40
spatialTask_seperated,value_matched,juice,1580.0,0.9535416349768638,0.9374810740351677,0.9681172132492065,40
spatialTask_seperated,value_matched,juice,1590.0,0.9586624518036843,0.9457939773797989,0.9706334337592125,40
spatialTask_seperated,value_matched,juice,1600.0,0.9596819192171097,0.9461138471961021,0.9717285573482514,40
spatialTask_seperated,value_matched,juice,1610.0,0.9597943991422653,0.9464445292949677,0.9720949172973633,40
spatialTask_seperated,value_matched,juice,1620.0,0.9601332917809486,0.9466238290071487,0.9723909422755241,40
spatialTask_seperated,value_matched,juice,1630.0,0.9590928465127945,0.9463644057512284,0.9725181251764298,40
spatialTask_seperated,value_matched,juice,1640.0,0.9610259249806404,0.9492581203579903,0.9730288222432136,40
spatialTask_seperated,value_matched,juice,1650.0,0.9619583681225776,0.9499672561883926,0.9740558132529259,40
spatialTask_seperated,value_matched,juice,1660.0,0.9637721881270409,0.9535146415233612,0.9745261684060097,40
spatialTask_seperated,value_matched,juice,1670.0,0.965932922065258,0.956589064002037,0.9756393790245056,40
spatialTask_seperated,value_matched,juice,1680.0,0.9669667690992355,0.9578407600522041,0.9763209313154221,40
spatialTask_seperated,value_matched,juice,1690.0,0.9670249491930007,0.957187981903553,0.9767966285347939,40
spatialTask_seperated,value_matched,juice,1700.0,0.9671732917428016,0.9570314183831214,0.9772804036736489,40
spatialTask_seperated,value_matched,juice,1710.0,0.9664009407162666,0.9568869099020958,0.9757582291960716,40
spatialTask_seperated,value_matched,juice,1720.0,0.9655431464314461,0.9568561673164367,0.9746709674596786,40
spatialTask_seperated,value_matched,juice,1730.0,0.9659111648797989,0.957366618514061,0.9748914480209351,40
spatialTask_seperated,value_matched,juice,1740.0,0.9686347380280494,0.9606149390339851,0.9765207722783089,40
spatialTask_seperated,value_matched,juice,1750.0,0.9685352325439454,0.9605534017086029,0.9769038051366806,40
spatialTask_seperated,value_matched,juice,1760.0,0.9678828403353691,0.9600178211927414,0.9758195281028748,40
spatialTask_seperated,value_matched,juice,1770.0,0.9693751141428948,0.96162548661232,0.9774583488702774,40
spatialTask_seperated,value_matched,juice,1780.0,0.968192495405674,0.9601175904273986,0.976567754149437,40
spatialTask_seperated,value_matched,juice,1790.0,0.9701518893241883,0.9623584598302841,0.9780577942728996,40
spatialTask_seperated,value_matched,juice,1800.0,0.9724932461977005,0.9646552965044976,0.9801613435149192,40
spatialTask_seperated,value_matched,juice,1810.0,0.9705260187387467,0.9620559781789779,0.97873674929142,40
spatialTask_seperated,value_matched,juice,1820.0,0.9697925806045532,0.9614399537444115,0.977910515666008,40
spatialTask_seperated,value_matched,juice,1830.0,0.9705326721072197,0.9622137665748596,0.9785773366689682,40
spatialTask_seperated,value_matched,juice,1840.0,0.9701610580086708,0.9617439582943916,0.9786022379994392,40
spatialTask_seperated,value_matched,juice,1850.0,0.9712191268801689,0.9637095510959626,0.9796363592147828,40
spatialTask_seperated,value_matched,juice,1860.0,0.9716987237334251,0.9633627623319626,0.9804911345243454,40
spatialTask_seperated,value_matched,juice,1870.0,0.9715754956007003,0.9634273976087571,0.980154050886631,40
spatialTask_seperated,value_matched,juice,1880.0,0.9704240277409554,0.9620287463068962,0.97902360111475,40
spatialTask_seperated,value_matched,juice,1890.0,0.9708500728011131,0.9628721877932549,0.9793967470526695,40
spatialTask_seperated,value_matched,juice,1900.0,0.971246725320816,0.9637383952736854,0.979078258574009,40
spatialTask_seperated,value_matched,juice,1910.0,0.9710486188530922,0.9637416109442711,0.978820064663887,40
spatialTask_seperated,value_matched,juice,1920.0,0.9716359779238701,0.964147299528122,0.9793591648340225,40
spatialTask_seperated,value_matched,juice,1930.0,0.97022904753685,0.9627449706196785,0.9780843794345856,40
spatialTask_seperated,value_matched,juice,1940.0,0.9702006906270981,0.9621518552303314,0.9782934010028839,40
spatialTask_seperated,value_matched,juice,1950.0,0.9699805572628974,0.9619424477219581,0.9782207921147347,40
spatialTask_seperated,value_matched,juice,1960.0,0.9685133844614029,0.9601357474923133,0.9771910220384598,40
spatialTask_seperated,value_matched,juice,1970.0,0.9697819918394088,0.9617221549153327,0.9781302750110626,40
spatialTask_seperated,value_matched,juice,1980.0,0.9689184814691544,0.9600613310933113,0.9777998760342598,40
spatialTask_seperated,value_matched,juice,1990.0,0.969255281984806,0.9603153362870216,0.9779852762818336,40
spatialTask_seperated,value_matched,juice,2000.0,0.9689227491617203,0.9598002851009368,0.9779172018170357,40
spatialTask_seperated,value_matched,juice,2010.0,0.9692558571696281,0.9595726937055588,0.9782061964273453,40
spatialTask_seperated,value_matched,juice,2020.0,0.9693450778722763,0.960175809264183,0.9782060831785202,40
spatialTask_seperated,value_matched,juice,2030.0,0.969115199148655,0.9595268532633782,0.9782236546278,40
spatialTask_seperated,value_matched,juice,2040.0,0.9678884014487267,0.9574007838964462,0.9775064334273338,40
spatialTask_seperated,value_matched,juice,2050.0,0.9693734958767891,0.9591701239347458,0.9786735117435456,40
spatialTask_seperated,value_matched,juice,2060.0,0.9682076171040535,0.9567545622587204,0.9782349184155464,40
spatialTask_seperated,value_matched,juice,2070.0,0.9681287169456482,0.9587817326188087,0.9773070320487023,40
spatialTask_seperated,value_matched,juice,2080.0,0.9684785917401314,0.9594160780310631,0.9774878367781639,40
spatialTask_seperated,value_matched,juice,2090.0,0.9675623685121536,0.9584308624267578,0.9772888943552971,40
spatialTask_seperated,value_matched,juice,2100.0,0.9684712767601014,0.9588815718889236,0.9778988048434257,40
spatialTask_seperated,value_matched,juice,2110.0,0.9684553876519203,0.9585665032267571,0.977840656042099,40
spatialTask_seperated,value_matched,juice,2120.0,0.9681386560201645,0.957973662018776,0.9776655927300453,40
spatialTask_seperated,value_matched,juice,2130.0,0.9678052425384521,0.9569883450865746,0.9779591202735901,40
spatialTask_seperated,value_matched,juice,2140.0,0.968084080517292,0.956687106192112,0.9785326465964317,40
spatialTask_seperated,value_matched,juice,2150.0,0.9684352055191994,0.9574152514338493,0.9784967884421348,40
spatialTask_seperated,value_matched,juice,2160.0,0.9670573800802231,0.956388632953167,0.9771146550774574,40
spatialTask_seperated,value_matched,juice,2170.0,0.9688622549176216,0.9587412670254707,0.9784398689866066,40
spatialTask_seperated,value_matched,juice,2180.0,0.9695589661598205,0.9597459882497787,0.9790935516357422,40
spatialTask_seperated,value_matched,juice,2190.0,0.968153926730156,0.9579198211431503,0.978200052678585,40
spatialTask_seperated,value_matched,juice,2200.0,0.9664740562438965,0.9557041719555854,0.9773030743002892,40
spatialTask_seperated,value_matched,juice,2210.0,0.9653766915202141,0.9545783177018166,0.9762228697538375,40
spatialTask_seperated,value_matched,juice,2220.0,0.9652283921837806,0.9539839535951614,0.9763798907399177,40
spatialTask_seperated,value_matched,juice,2230.0,0.9652808055281639,0.9528463587164879,0.9768539041280746,40
spatialTask_seperated,value_matched,juice,2240.0,0.9641592636704445,0.9515496253967285,0.9756338596343994,40
spatialTask_seperated,value_matched,juice,2250.0,0.963773138821125,0.950951711833477,0.9751529678702354,40
spatialTask_seperated,value_matched,juice,2260.0,0.9634685471653939,0.9512313261628151,0.9750548899173737,40
spatialTask_seperated,value_matched,juice,2270.0,0.9635787919163704,0.951971885561943,0.9743403196334839,40
spatialTask_seperated,value_matched,juice,2280.0,0.9651172325015068,0.9535530745983124,0.9761818289756775,40
spatialTask_seperated,value_matched,juice,2290.0,0.9640446230769157,0.9526700630784035,0.9752890184521675,40
spatialTask_seperated,value_matched,juice,2300.0,0.9639395639300347,0.952711096405983,0.9750801518559455,40
spatialTask_seperated,value_matched,juice,2310.0,0.9642655730247498,0.9533904284238816,0.9747011289000511,40
spatialTask_seperated,value_matched,juice,2320.0,0.9632438123226166,0.9524062693119049,0.9739577263593674,40
spatialTask_seperated,value_matched,juice,2330.0,0.9625615015625953,0.9517335444688797,0.9736174628138542,40
spatialTask_seperated,value_matched,juice,2340.0,0.9623526886105538,0.9518743067979812,0.9727940872311592,40
spatialTask_seperated,value_matched,juice,2350.0,0.9615745320916176,0.9510949864983559,0.972069539129734,40
spatialTask_seperated,value_matched,juice,2360.0,0.9603171497583389,0.9495719760656357,0.9716404661536217,40
spatialTask_seperated,value_matched,juice,2370.0,0.9601749956607819,0.9491309270262718,0.9712659850716591,40
spatialTask_seperated,value_matched,juice,2380.0,0.9611765876412391,0.9505730703473091,0.9720457538962364,40
spatialTask_seperated,value_matched,juice,2390.0,0.9596002221107482,0.9480605453252793,0.971167579293251,40
spatialTask_seperated,value_matched,juice,2400.0,0.9588611289858818,0.9467112779617309,0.9710787802934646,40
spatialTask_seperated,value_matched,juice,2410.0,0.9601042047142982,0.9485247761011124,0.9721749916672706,40
spatialTask_seperated,value_matched,juice,2420.0,0.9588158577680588,0.9471569553017616,0.9709300324320793,40
spatialTask_seperated,value_matched,juice,2430.0,0.9573735043406486,0.9446151688694954,0.9704204604029656,40
spatialTask_seperated,value_matched,juice,2440.0,0.9563034161925316,0.9436774715781212,0.9695887550711632,40
spatialTask_seperated,value_matched,juice,2450.0,0.9554186597466469,0.9418606400489807,0.9693452283740044,40
spatialTask_seperated,value_matched,juice,2460.0,0.9548878401517868,0.9418620511889457,0.9681322306394577,40
spatialTask_seperated,value_matched,juice,2470.0,0.9550997450947761,0.9424350425601006,0.9682214289903641,40
spatialTask_seperated,value_matched,juice,2480.0,0.9529226526618004,0.9392423436045647,0.9663790181279183,40
spatialTask_seperated,value_matched,juice,2490.0,0.9524609953165054,0.9392393231391907,0.9661868199706077,40
spatialTask_seperated,value_matched,juice,2500.0,0.9517473086714745,0.9379900991916656,0.9651593387126922,40
spatialTask_seperated,value_matched,juice,2510.0,0.9486515238881111,0.9341773346066475,0.9627669736742973,40
spatialTask_seperated,value_matched,juice,2520.0,0.9489890769124031,0.93612649589777,0.9621998012065888,40
spatialTask_seperated,value_matched,juice,2530.0,0.9479742750525475,0.9351652801036835,0.9613857597112656,40
spatialTask_seperated,value_matched,juice,2540.0,0.9487882107496262,0.9353286191821099,0.9622561946511269,40
spatialTask_seperated,value_matched,juice,2550.0,0.9490559011697769,0.9353348717093468,0.9630489036440849,40
spatialTask_seperated,value_matched,juice,2560.0,0.9497590586543083,0.935702084004879,0.9641953930258751,40
spatialTask_seperated,value_matched,juice,2570.0,0.9480779439210891,0.9339508712291718,0.9625969618558884,40
spatialTask_seperated,value_matched,juice,2580.0,0.9455180853605271,0.9303989514708519,0.9609517976641655,40
spatialTask_seperated,value_matched,juice,2590.0,0.9464093133807182,0.9320791482925415,0.9615183532238006,40
spatialTask_seperated,value_matched,juice,2600.0,0.946071982383728,0.9314476996660233,0.9614661306142807,40
spatialTask_seperated,value_matched,juice,2610.0,0.9467864841222763,0.9330924734473228,0.961655093729496,40
spatialTask_seperated,value_matched,juice,2620.0,0.946440726518631,0.9333276838064194,0.960625359416008,40
spatialTask_seperated,value_matched,juice,2630.0,0.943401363492012,0.9291063442826271,0.9585238680243492,40
spatialTask_seperated,value_matched,juice,2640.0,0.9408692017197609,0.9262411922216416,0.9560222774744034,40
spatialTask_seperated,value_matched,juice,2650.0,0.9399476453661919,0.9248277321457863,0.9552464440464974,40
spatialTask_seperated,value_matched,juice,2660.0,0.9385972827672958,0.9223174214363098,0.9543896734714508,40
spatialTask_seperated,value_matched,juice,2670.0,0.9379898607730865,0.9200752198696136,0.9543987587094307,40
spatialTask_seperated,value_matched,juice,2680.0,0.9349874928593636,0.9170675694942474,0.9525739893317222,40
spatialTask_seperated,value_matched,juice,2690.0,0.9333321884274483,0.9161237850785255,0.9504519402980804,40
spatialTask_seperated,value_matched,juice,2700.0,0.9314369425177574,0.9142175808548927,0.9492202937602997,40
spatialTask_seperated,value_matched,juice,2710.0,0.9301908269524575,0.9128879949450492,0.9477635562419892,40
spatialTask_seperated,value_matched,juice,2720.0,0.9294985979795456,0.911561657488346,0.9477466717362404,40
spatialTask_seperated,value_matched,juice,2730.0,0.9253961458802223,0.9072127252817154,0.9438575103878974,40
spatialTask_seperated,value_matched,juice,2740.0,0.924692551791668,0.9058951735496521,0.9437557309865952,40
spatialTask_seperated,value_matched,juice,2750.0,0.9240648210048675,0.9043478667736053,0.9435225054621696,40
spatialTask_seperated,value_matched,juice,2760.0,0.9223682910203934,0.9026383057236671,0.9418575212359428,40
spatialTask_seperated,value_matched,juice,2770.0,0.920050011575222,0.9005225300788879,0.9398790925741196,40
spatialTask_seperated,value_matched,juice,2780.0,0.9138457790017128,0.8923693865537643,0.9349610134959221,40
spatialTask_seperated,value_matched,juice,2790.0,0.9122350722551346,0.8918976292014122,0.933485820889473,40
spatialTask_seperated,value_matched,juice,2800.0,0.9131123095750808,0.8918227925896645,0.9339720219373703,40
spatialTask_seperated,value_matched,juice,2810.0,0.913255900144577,0.8919880509376525,0.9343913674354554,40
spatialTask_seperated,value_matched,juice,2820.0,0.9070805072784424,0.884862108528614,0.9281600311398506,40
spatialTask_seperated,value_matched,juice,2830.0,0.9066548958420754,0.8838917657732963,0.9285300731658935,40
spatialTask_seperated,value_matched,juice,2840.0,0.9002952963113785,0.8769654259085655,0.9226433768868446,40
spatialTask_seperated,value_matched,juice,2850.0,0.9008341118693352,0.876316374540329,0.9230315536260605,40
spatialTask_seperated,value_matched,juice,2860.0,0.8981882244348526,0.8722826763987541,0.9214340597391129,40
spatialTask_seperated,value_matched,juice,2870.0,0.8950725063681603,0.8683664456009865,0.9198004856705666,40
spatialTask_seperated,value_matched,juice,2880.0,0.8909961581230164,0.8649124056100845,0.9151622012257576,40
spatialTask_seperated,value_matched,juice,2890.0,0.8894402861595154,0.8640730693936348,0.912984961271286,40
spatialTask_seperated,value_matched,juice,2900.0,0.888176067173481,0.8642960205674172,0.9112906888127327,40
spatialTask_seperated,value_matched,juice,2910.0,0.8854904711246491,0.8616006359457969,0.9086879655718804,40
spatialTask_seperated,value_matched,juice,2920.0,0.8847889959812164,0.860960939526558,0.9092878729104996,40
spatialTask_seperated,value_matched,juice,2930.0,0.8793347358703614,0.8548508942127228,0.9036507606506348,40
spatialTask_seperated,value_matched,juice,2940.0,0.8765892207622528,0.849721436202526,0.9014393866062165,40
spatialTask_seperated,value_matched,juice,2950.0,0.876641283929348,0.8505553156137466,0.9000346884131432,40
spatialTask_seperated,value_matched,juice,2960.0,0.8701087340712548,0.8427867412567138,0.8938500478863716,40
spatialTask_seperated,value_matched,juice,2970.0,0.8665741831064224,0.8382317081093789,0.8906536176800728,40
spatialTask_seperated,value_matched,juice,2980.0,0.864521074295044,0.8368941977620125,0.8884556993842125,40
spatialTask_seperated,value_matched,juice,2990.0,0.8630931183695794,0.834044773876667,0.8884825959801674,40
spatialTask_seperated,value_matched,juice,3000.0,0.8599857926368714,0.8320515260100365,0.8849301233887672,40
spatialTask_seperated,value_matched,juice,3010.0,0.8533906862139702,0.8235910892486572,0.878834955394268,40
spatialTask_seperated,value_matched,juice,3020.0,0.8470981106162071,0.8182698160409927,0.8709633469581604,40
spatialTask_seperated,value_matched,juice,3030.0,0.8439525634050369,0.8153008371591568,0.8693652257323266,40
spatialTask_seperated,value_matched,juice,3040.0,0.8431840300559997,0.8146347984671592,0.8698636725544929,40
spatialTask_seperated,value_matched,juice,3050.0,0.8403759241104126,0.8124203845858574,0.8670827493071556,40
spatialTask_seperated,value_matched,juice,3060.0,0.8399611726403237,0.8119096040725708,0.8645019724965095,40
spatialTask_seperated,value_matched,juice,3070.0,0.8339844033122062,0.8068584650754929,0.8592201113700867,40
spatialTask_seperated,value_matched,juice,3080.0,0.8333190113306046,0.8062945365905761,0.8575815707445145,40
spatialTask_seperated,value_matched,juice,3090.0,0.829324135184288,0.8017099797725677,0.8544153332710266,40
spatialTask_seperated,value_matched,juice,3100.0,0.8294954404234887,0.8026418074965477,0.8546027287840843,40
spatialTask_seperated,value_matched,juice,3110.0,0.8270139798521996,0.800069373846054,0.8526950970292091,40
spatialTask_seperated,value_matched,juice,3120.0,0.8211776003241539,0.7953365027904511,0.8471605524420738,40
spatialTask_seperated,value_matched,juice,3130.0,0.8265991523861885,0.8014354959130288,0.8522936150431633,40
spatialTask_seperated,value_matched,juice,3140.0,0.8298399701714516,0.8057397916913033,0.8532283931970597,40
spatialTask_seperated,value_matched,juice,3150.0,0.8285539120435714,0.8038149684667587,0.85245211571455,40
spatialTask_seperated,value_matched,juice,3160.0,0.8249298095703125,0.802731366455555,0.8474555253982544,40
spatialTask_seperated,value_matched,juice,3170.0,0.8196908846497536,0.7963600307703018,0.8424883395433426,40
spatialTask_seperated,value_matched,juice,3180.0,0.8168308883905411,0.7935753300786018,0.8396930351853371,40
spatialTask_seperated,value_matched,juice,3190.0,0.8152865752577781,0.7923282086849213,0.8390191331505775,40
spatialTask_seperated,value_matched,order,0.0,0.49736434444785116,0.49305464848876,0.5011161491274834,40
spatialTask_seperated,value_matched,order,10.0,0.49900240525603295,0.4948917843401432,0.5028790518641472,40
spatialTask_seperated,value_matched,order,20.0,0.5002344451844692,0.4958874687552452,0.5049230679869652,40
spatialTask_seperated,value_matched,order,30.0,0.5005907230079174,0.49651206433773043,0.5048142701387406,40
spatialTask_seperated,value_matched,order,40.0,0.5006935514509678,0.496517563611269,0.5052231699228287,40
spatialTask_seperated,value_matched,order,50.0,0.5000981666147709,0.49579376056790353,0.5045363634824753,40
spatialTask_seperated,value_matched,order,60.0,0.4974162019789219,0.4937423788011074,0.5012430712580681,40
spatialTask_seperated,value_matched,order,70.0,0.4997255504131317,0.49573108926415443,0.5035236641764641,40
spatialTask_seperated,value_matched,order,80.0,0.49980681464076043,0.49582592099905015,0.5034157067537308,40
spatialTask_seperated,value_matched,order,90.0,0.5020148918032646,0.49761361330747605,0.5063669443130493,40
spatialTask_seperated,value_matched,order,100.0,0.5031360954046249,0.4991293646395206,0.5071595251560211,40
spatialTask_seperated,value_matched,order,110.0,0.5030789114534855,0.4989895723760128,0.5068572133779525,40
spatialTask_seperated,value_matched,order,120.0,0.5013557612895966,0.49677867740392684,0.505692982673645,40
spatialTask_seperated,value_matched,order,130.0,0.502567145228386,0.4985814683139324,0.5063581883907318,40
spatialTask_seperated,value_matched,order,140.0,0.5010173581540585,0.49721530824899673,0.5049622386693955,40
spatialTask_seperated,value_matched,order,150.0,0.5009336248040199,0.4967234805226326,0.5049358502030372,40
spatialTask_seperated,value_matched,order,160.0,0.49871717020869255,0.49454998821020124,0.5026465833187104,40
spatialTask_seperated,value_matched,order,170.0,0.5013794764876366,0.4977141126990318,0.5052674576640129,40
spatialTask_seperated,value_matched,order,180.0,0.4999860391020775,0.4954031020402908,0.5047028362751007,40
spatialTask_seperated,value_matched,order,190.0,0.5006986081600189,0.497137513756752,0.5043562710285187,40
spatialTask_seperated,value_matched,order,200.0,0.5001358054578304,0.4965412259101868,0.503548438847065,40
spatialTask_seperated,value_matched,order,210.0,0.49720192402601243,0.49314280077815054,0.5010133102536202,40
spatialTask_seperated,value_matched,order,220.0,0.49794562831521033,0.49404732659459116,0.5018601000308991,40
spatialTask_seperated,value_matched,order,230.0,0.4979761153459549,0.49484665393829347,0.5012213721871376,40
spatialTask_seperated,value_matched,order,240.0,0.4956821195781231,0.49155401065945625,0.49971504136919975,40
spatialTask_seperated,value_matched,order,250.0,0.49543182775378225,0.4917876921594143,0.49909508228302,40
spatialTask_seperated,value_matched,order,260.0,0.4980355277657509,0.494553741812706,0.5012228175997734,40
spatialTask_seperated,value_matched,order,270.0,0.4966979458928108,0.49340846538543703,0.49992350712418554,40
spatialTask_seperated,value_matched,order,280.0,0.49749108776450157,0.4943389467895031,0.5005998536944389,40
spatialTask_seperated,value_matched,order,290.0,0.49853641018271444,0.49469415172934533,0.5021536141633988,40
spatialTask_seperated,value_matched,order,300.0,0.49668104872107505,0.493669818341732,0.49970162063837054,40
spatialTask_seperated,value_matched,order,310.0,0.4987748757004738,0.495020380616188,0.5023351609706879,40
spatialTask_seperated,value_matched,order,320.0,0.4971910506486893,0.493447844684124,0.5009531497955322,40
spatialTask_seperated,value_matched,order,330.0,0.49811915010213853,0.49431935548782346,0.5020531699061394,40
spatialTask_seperated,value_matched,order,340.0,0.4980792157351971,0.49474127516150473,0.501542828977108,40
spatialTask_seperated,value_matched,order,350.0,0.496656796336174,0.49289496913552283,0.5006335899233818,40
spatialTask_seperated,value_matched,order,360.0,0.4961997464299202,0.4924298882484436,0.4996467404067516,40
spatialTask_seperated,value_matched,order,370.0,0.4945479713380337,0.49095917493104935,0.49827745258808137,40
spatialTask_seperated,value_matched,order,380.0,0.4945210531353951,0.49059127420187,0.4984614081680775,40
spatialTask_seperated,value_matched,order,390.0,0.4962957091629505,0.49221389815211297,0.500402358174324,40
spatialTask_seperated,value_matched,order,400.0,0.49915025308728217,0.49538733810186386,0.5030565991997719,40
spatialTask_seperated,value_matched,order,410.0,0.4992388658225536,0.495180056989193,0.503600962460041,40
spatialTask_seperated,value_matched,order,420.0,0.4981513924896717,0.4940603069961071,0.5025371357798576,40
spatialTask_seperated,value_matched,order,430.0,0.4972096733748913,0.4935560092329979,0.5009463876485825,40
spatialTask_seperated,value_matched,order,440.0,0.4969465434551239,0.4936659403145313,0.500304788351059,40
spatialTask_seperated,value_matched,order,450.0,0.49645809158682824,0.49250215888023374,0.5000453010201454,40
spatialTask_seperated,value_matched,order,460.0,0.4978473111987114,0.49409807547926904,0.5018982261419296,40
spatialTask_seperated,value_matched,order,470.0,0.49772677570581436,0.49402350187301636,0.5019374132156372,40
spatialTask_seperated,value_matched,order,480.0,0.49999271258711814,0.4960134692490101,0.504044683277607,40
spatialTask_seperated,value_matched,order,490.0,0.4984866321086884,0.4945294685661793,0.5025517478585243,40
spatialTask_seperated,value_matched,order,500.0,0.7512044593691826,0.7454456120729447,0.7567296251654625,40
spatialTask_seperated,value_matched,order,510.0,0.7515496611595154,0.7452999964356423,0.7570802733302117,40
spatialTask_seperated,value_matched,order,520.0,0.75247902572155,0.7466804847121239,0.7577178359031678,40
spatialTask_seperated,value_matched,order,530.0,0.752829584479332,0.746928371489048,0.7578852996230125,40
spatialTask_seperated,value_matched,order,540.0,0.7522779822349548,0.7463697105646133,0.7574968054890633,40
spatialTask_seperated,value_matched,order,550.0,0.7526051670312881,0.7465081930160522,0.7578349277377129,40
spatialTask_seperated,value_matched,order,560.0,0.7521376937627793,0.7458849206566811,0.7574288383126259,40
spatialTask_seperated,value_matched,order,570.0,0.7533995226025582,0.7477099165320397,0.7584173262119294,40
spatialTask_seperated,value_matched,order,580.0,0.7521101757884026,0.7461259603500366,0.7573163643479347,40
spatialTask_seperated,value_matched,order,590.0,0.752776212990284,0.74707141071558,0.7579461544752121,40
spatialTask_seperated,value_matched,order,600.0,0.7528027907013893,0.7471171543002129,0.7581238225102425,40
spatialTask_seperated,value_matched,order,610.0,0.7528098285198211,0.7471158549189567,0.7579610735177994,40
spatialTask_seperated,value_matched,order,620.0,0.7524206325411796,0.7467875927686691,0.7577454507350921,40
spatialTask_seperated,value_matched,order,630.0,0.7522027492523193,0.7462487041950225,0.7575848892331123,40
spatialTask_seperated,value_matched,order,640.0,0.7520660161972046,0.7465056985616684,0.7574452549219132,40
spatialTask_seperated,value_matched,order,650.0,0.7519202083349228,0.7463348239660264,0.7571855470538139,40
spatialTask_seperated,value_matched,order,660.0,0.751593080163002,0.7457818254828453,0.7569898203015327,40
spatialTask_seperated,value_matched,order,670.0,0.7520824790000915,0.7463451102375984,0.7573258027434349,40
spatialTask_seperated,value_matched,order,680.0,0.7511573299765587,0.7456346109509469,0.7561443358659744,40
spatialTask_seperated,value_matched,order,690.0,0.7509780138731003,0.7453271925449372,0.7562062963843346,40
spatialTask_seperated,value_matched,order,700.0,0.7507765322923661,0.7450550764799118,0.7560368105769157,40
spatialTask_seperated,value_matched,order,710.0,0.7509257942438126,0.7449571162462234,0.7561716377735138,40
spatialTask_seperated,value_matched,order,720.0,0.7511113405227661,0.7451650783419609,0.7563808277249336,40
spatialTask_seperated,value_matched,order,730.0,0.7506125062704087,0.7448037549853325,0.7559299647808075,40
spatialTask_seperated,value_matched,order,740.0,0.7502689123153686,0.7443683445453644,0.7555902525782585,40
spatialTask_seperated,value_matched,order,750.0,0.7499796777963639,0.7440958574414254,0.7553737103939057,40
spatialTask_seperated,value_matched,order,760.0,0.7508285984396934,0.7448856487870217,0.756194494664669,40
spatialTask_seperated,value_matched,order,770.0,0.7509058475494385,0.7450713291764259,0.7561258018016815,40
spatialTask_seperated,value_matched,order,780.0,0.7502877831459045,0.7442980483174324,0.7558404549956321,40
spatialTask_seperated,value_matched,order,790.0,0.7508857548236847,0.7448695346713066,0.7564501523971557,40
spatialTask_seperated,value_matched,order,800.0,0.7504514455795288,0.7445721805095673,0.7559407755732537,40
spatialTask_seperated,value_matched,order,810.0,0.7506959274411201,0.7447321563959122,0.7561448648571968,40
spatialTask_seperated,value_matched,order,820.0,0.7503993332386016,0.7446243196725846,0.7558110922574997,40
spatialTask_seperated,value_matched,order,830.0,0.7507768869400024,0.7448081552982331,0.7562227815389633,40
spatialTask_seperated,value_matched,order,840.0,0.7509279906749725,0.7450330525636673,0.7562558650970459,40
spatialTask_seperated,value_matched,order,850.0,0.75080546438694,0.7446732476353646,0.7562673330307007,40
spatialTask_seperated,value_matched,order,860.0,0.7511910900473595,0.7452520906925202,0.7565565153956413,40
spatialTask_seperated,value_matched,order,870.0,0.751496434211731,0.7456703826785087,0.7566786900162696,40
spatialTask_seperated,value_matched,order,880.0,0.7518141582608223,0.7459136962890625,0.7570465743541718,40
spatialTask_seperated,value_matched,order,890.0,0.7509190693497658,0.7451500356197357,0.7562294512987137,40
spatialTask_seperated,value_matched,order,900.0,0.7504128366708755,0.7447917550802231,0.7556779518723488,40
spatialTask_seperated,value_matched,order,910.0,0.7508315920829773,0.7452135577797889,0.7560130700469017,40
spatialTask_seperated,value_matched,order,920.0,0.75143853276968,0.7457409128546715,0.7564185127615929,40
spatialTask_seperated,value_matched,order,930.0,0.7513137593865394,0.7456870228052139,0.7565328732132912,40
spatialTask_seperated,value_matched,order,940.0,0.7515965029597282,0.7456716001033783,0.757100161910057,40
spatialTask_seperated,value_matched,order,950.0,0.7512720733880996,0.7456078097224236,0.7563868865370751,40
spatialTask_seperated,value_matched,order,960.0,0.750680522620678,0.7449543908238411,0.7561418831348419,40
spatialTask_seperated,value_matched,order,970.0,0.7511225044727325,0.7453842595219612,0.756485590338707,40
spatialTask_seperated,value_matched,order,980.0,0.7516413941979408,0.7460309788584709,0.7570694804191589,40
spatialTask_seperated,value_matched,order,990.0,0.7517244338989257,0.7462199985980987,0.7570069938898086,40
spatialTask_seperated,value_matched,order,1000.0,0.7513038694858551,0.7455516129732132,0.7566010504961014,40
spatialTask_seperated,value_matched,order,1010.0,0.7516960680484772,0.7460139468312263,0.7570115581154824,40
spatialTask_seperated,value_matched,order,1020.0,0.75132607370615,0.7458261713385582,0.756805743277073,40
spatialTask_seperated,value_matched,order,1030.0,0.7516518414020539,0.7460525229573249,0.7570351719856262,40
spatialTask_seperated,value_matched,order,1040.0,0.7515789240598678,0.7461959809064865,0.7567067518830299,40
spatialTask_seperated,value_matched,order,1050.0,0.751276145875454,0.7458279088139534,0.7562597990036011,40
spatialTask_seperated,value_matched,order,1060.0,0.7506884559988976,0.7451669350266457,0.755770118534565,40
spatialTask_seperated,value_matched,order,1070.0,0.7504831671714782,0.7445006906986237,0.7557654395699501,40
spatialTask_seperated,value_matched,order,1080.0,0.7508946150541306,0.7451564118266105,0.7560479909181594,40
spatialTask_seperated,value_matched,order,1090.0,0.7512685567140579,0.7455573454499245,0.7566668421030045,40
spatialTask_seperated,value_matched,order,1100.0,0.7514201611280441,0.7458299577236176,0.7568796470761299,40
spatialTask_seperated,value_matched,order,1110.0,0.7515288591384888,0.7456901550292969,0.7569110468029976,40
spatialTask_seperated,value_matched,order,1120.0,0.7519809931516648,0.7463011085987091,0.7574337124824524,40
spatialTask_seperated,value_matched,order,1130.0,0.7517828688025474,0.7459602773189544,0.7569628596305847,40
spatialTask_seperated,value_matched,order,1140.0,0.7507666513323784,0.7449939593672752,0.7561413168907165,40
spatialTask_seperated,value_matched,order,1150.0,0.7512706995010376,0.7455715745687485,0.7567507863044739,40
spatialTask_seperated,value_matched,order,1160.0,0.7516072005033493,0.7459694400429726,0.7569643869996071,40
spatialTask_seperated,value_matched,order,1170.0,0.7516350105404854,0.7456393778324127,0.7572817400097847,40
spatialTask_seperated,value_matched,order,1180.0,0.7515597745776177,0.7457579001784325,0.7570224583148957,40
spatialTask_seperated,value_matched,order,1190.0,0.7517385765910148,0.7460103213787079,0.7568763390183448,40
spatialTask_seperated,value_matched,order,1200.0,0.7519257560372352,0.7461651146411896,0.7571572721004486,40
spatialTask_seperated,value_matched,order,1210.0,0.7521490305662155,0.746492275595665,0.7575133055448532,40
spatialTask_seperated,value_matched,order,1220.0,0.7515523687005043,0.7458971679210663,0.7566610351204872,40
spatialTask_seperated,value_matched,order,1230.0,0.752028577029705,0.7461286440491677,0.7571690395474434,40
spatialTask_seperated,value_matched,order,1240.0,0.7525602415204048,0.7470438376069068,0.757710711658001,40
spatialTask_seperated,value_matched,order,1250.0,0.7523631185293198,0.7467491701245308,0.7575185358524322,40
spatialTask_seperated,value_matched,order,1260.0,0.7519835188984871,0.7459073960781097,0.7574255794286728,40
spatialTask_seperated,value_matched,order,1270.0,0.7517286032438278,0.7459898635745048,0.7571572214365005,40
spatialTask_seperated,value_matched,order,1280.0,0.7519140034914017,0.7461394965648651,0.7572643518447876,40
spatialTask_seperated,value_matched,order,1290.0,0.7518975496292114,0.7464332222938538,0.7571213617920876,40
spatialTask_seperated,value_matched,order,1300.0,0.7524670898914337,0.7469495877623558,0.7576924189925194,40
spatialTask_seperated,value_matched,order,1310.0,0.7515691801905632,0.7458803370594979,0.756879135966301,40
spatialTask_seperated,value_matched,order,1320.0,0.7519088000059128,0.7461802557110786,0.7570730194449424,40
spatialTask_seperated,value_matched,order,1330.0,0.7514810875058174,0.7459550872445107,0.756620454788208,40
spatialTask_seperated,value_matched,order,1340.0,0.7514885067939758,0.7459142938256264,0.7567132011055946,40
spatialTask_seperated,value_matched,order,1350.0,0.751202455163002,0.745468159019947,0.7563489899039268,40
spatialTask_seperated,value_matched,order,1360.0,0.7515257611870766,0.7460439950227737,0.7567123532295227,40
spatialTask_seperated,value_matched,order,1370.0,0.7513300985097885,0.7455040812492371,0.7563868835568428,40
spatialTask_seperated,value_matched,order,1380.0,0.7518430918455123,0.7458381906151772,0.7570305898785591,40
spatialTask_seperated,value_matched,order,1390.0,0.7518782258033753,0.7461525902152062,0.7571046456694603,40
spatialTask_seperated,value_matched,order,1400.0,0.7527910724282265,0.7471843808889389,0.7579380914568901,40
spatialTask_seperated,value_matched,order,1410.0,0.7524302437901497,0.7467540293931961,0.757714918255806,40
spatialTask_seperated,value_matched,order,1420.0,0.7523620232939721,0.7465103641152382,0.757618072628975,40
spatialTask_seperated,value_matched,order,1430.0,0.7524509623646736,0.7468169316649437,0.7575262382626533,40
spatialTask_seperated,value_matched,order,1440.0,0.752353946864605,0.7466660931706428,0.7575296252965927,40
spatialTask_seperated,value_matched,order,1450.0,0.7517448350787163,0.7460286602377891,0.7570608481764793,40
spatialTask_seperated,value_matched,order,1460.0,0.7519390821456909,0.7461586266756057,0.7572351768612862,40
spatialTask_seperated,value_matched,order,1470.0,0.7523789763450622,0.7468098983168602,0.757533860206604,40
spatialTask_seperated,value_matched,order,1480.0,0.7521114781498909,0.7464986383914948,0.7571334317326546,40
spatialTask_seperated,value_matched,order,1490.0,0.7522104889154434,0.7465851724147796,0.757387375831604,40
spatialTask_seperated,value_matched,order,1500.0,0.9736050233244896,0.9654524624347687,0.979895830154419,40
spatialTask_seperated,value_matched,order,1510.0,0.9639824911952019,0.9565732717514038,0.9702676355838775,40
spatialTask_seperated,value_matched,order,1520.0,0.9607137024402619,0.9540519043803215,0.9669162854552269,40
spatialTask_seperated,value_matched,order,1530.0,0.9609800651669502,0.9539744630455971,0.9671115875244141,40
spatialTask_seperated,value_matched,order,1540.0,0.9610145926475525,0.9532280370593071,0.9677533119916916,40
spatialTask_seperated,value_matched,order,1550.0,0.9606132075190544,0.9523333221673965,0.9675618693232536,40
spatialTask_seperated,value_matched,order,1560.0,0.9609077706933021,0.9526680186390877,0.9676448330283165,40
spatialTask_seperated,value_matched,order,1570.0,0.9621296212077141,0.9541427612304687,0.9685194477438926,40
spatialTask_seperated,value_matched,order,1580.0,0.9628178238868713,0.9546129450201988,0.9689876407384872,40
spatialTask_seperated,value_matched,order,1590.0,0.9633002728223801,0.9550618529319763,0.9692333608865737,40
spatialTask_seperated,value_matched,order,1600.0,0.9644618958234787,0.9567070603370667,0.9704523175954819,40
spatialTask_seperated,value_matched,order,1610.0,0.9651801779866218,0.9574766904115677,0.9712319299578667,40
spatialTask_seperated,value_matched,order,1620.0,0.9649916246533394,0.9570005178451538,0.9710540398955345,40
spatialTask_seperated,value_matched,order,1630.0,0.9660007178783416,0.9580446422100067,0.9720465183258057,40
spatialTask_seperated,value_matched,order,1640.0,0.9670726031064987,0.9589441642165184,0.9732433736324311,40
spatialTask_seperated,value_matched,order,1650.0,0.9677305296063423,0.9589959859848023,0.9742692604660987,40
spatialTask_seperated,value_matched,order,1660.0,0.9686290547251701,0.9592087432742119,0.9753390178084373,40
spatialTask_seperated,value_matched,order,1670.0,0.9695361867547035,0.9601589486002922,0.9762803673744201,40
spatialTask_seperated,value_matched,order,1680.0,0.97025366127491,0.9619417369365693,0.9766780495643616,40
spatialTask_seperated,value_matched,order,1690.0,0.9714649736881256,0.9642581298947335,0.9775105312466621,40
spatialTask_seperated,value_matched,order,1700.0,0.973010990023613,0.9660048022866249,0.9786601856350898,40
spatialTask_seperated,value_matched,order,1710.0,0.9739847183227539,0.967316472530365,0.9794232711195946,40
spatialTask_seperated,value_matched,order,1720.0,0.975481578707695,0.96880704164505,0.9805407866835594,40
spatialTask_seperated,value_matched,order,1730.0,0.9771947667002678,0.9707854285836219,0.9821009188890457,40
spatialTask_seperated,value_matched,order,1740.0,0.978449322283268,0.9728304222226143,0.9829350054264069,40
spatialTask_seperated,value_matched,order,1750.0,0.9789871871471405,0.9736168652772903,0.9834906965494156,40
spatialTask_seperated,value_matched,order,1760.0,0.9791648268699646,0.9736684426665306,0.9838069751858711,40
spatialTask_seperated,value_matched,order,1770.0,0.9795364916324616,0.9744356736540795,0.9841308608651161,40
spatialTask_seperated,value_matched,order,1780.0,0.9801017388701438,0.9748221263289452,0.9847597107291222,40
spatialTask_seperated,value_matched,order,1790.0,0.9807513043284416,0.9757010191679001,0.9851216778159142,40
spatialTask_seperated,value_matched,order,1800.0,0.9818678840994834,0.9772004261612892,0.9859182834625244,40
spatialTask_seperated,value_matched,order,1810.0,0.9824329942464829,0.977798642218113,0.9864263132214546,40
spatialTask_seperated,value_matched,order,1820.0,0.9824144750833511,0.9779353871941566,0.9864753350615502,40
spatialTask_seperated,value_matched,order,1830.0,0.9826079800724983,0.9785582989454269,0.9863698929548264,40
spatialTask_seperated,value_matched,order,1840.0,0.9835760667920113,0.9799210131168365,0.9868946641683578,40
spatialTask_seperated,value_matched,order,1850.0,0.9840657338500023,0.9808044359087944,0.9871060520410537,40
spatialTask_seperated,value_matched,order,1860.0,0.9848917990922927,0.9819986745715141,0.9878042593598366,40
spatialTask_seperated,value_matched,order,1870.0,0.9846694320440292,0.981775151193142,0.9875633791089058,40
spatialTask_seperated,value_matched,order,1880.0,0.9850265353918075,0.9820508062839508,0.9879385605454445,40
spatialTask_seperated,value_matched,order,1890.0,0.9852215215563774,0.9823716372251511,0.9879808977246285,40
spatialTask_seperated,value_matched,order,1900.0,0.9859459981322288,0.9830401405692101,0.9888025715947151,40
spatialTask_seperated,value_matched,order,1910.0,0.986121480166912,0.9833075195550919,0.9889511480927468,40
spatialTask_seperated,value_matched,order,1920.0,0.9864071160554886,0.9835392981767654,0.9891636222600937,40
spatialTask_seperated,value_matched,order,1930.0,0.9863822057843208,0.9837038546800614,0.989001290500164,40
spatialTask_seperated,value_matched,order,1940.0,0.9867801696062088,0.9843210116028785,0.9891628056764603,40
spatialTask_seperated,value_matched,order,1950.0,0.9873882412910462,0.9848146796226501,0.9897586345672608,40
spatialTask_seperated,value_matched,order,1960.0,0.9880209594964982,0.9853732421994209,0.9904978007078171,40
spatialTask_seperated,value_matched,order,1970.0,0.9882626712322236,0.9856852427124977,0.990606614947319,40
spatialTask_seperated,value_matched,order,1980.0,0.9886152550578118,0.9860708236694335,0.9910568565130233,40
spatialTask_seperated,value_matched,order,1990.0,0.9887452885508538,0.9863675579428672,0.9912067487835884,40
spatialTask_seperated,value_matched,order,2000.0,0.9893833264708519,0.9872263953089714,0.9915573805570602,40
spatialTask_seperated,value_matched,order,2010.0,0.9892912179231643,0.9870701223611832,0.9914020672440529,40
spatialTask_seperated,value_matched,order,2020.0,0.9892991125583649,0.9870165407657623,0.9914993241429328,40
spatialTask_seperated,value_matched,order,2030.0,0.9894455939531326,0.9870530948042869,0.9917794376611709,40
spatialTask_seperated,value_matched,order,2040.0,0.9897424563765526,0.9874284118413925,0.992039455473423,40
spatialTask_seperated,value_matched,order,2050.0,0.9900050640106202,0.9876456975936889,0.9920955374836922,40
spatialTask_seperated,value_matched,order,2060.0,0.9901032909750939,0.9878871500492096,0.9921330720186233,40
spatialTask_seperated,value_matched,order,2070.0,0.9902278691530227,0.9880589485168457,0.9921192586421966,40
spatialTask_seperated,value_matched,order,2080.0,0.9903404712677002,0.9882184356451035,0.9921651035547256,40
spatialTask_seperated,value_matched,order,2090.0,0.9902424916625023,0.9881120026111603,0.992161925137043,40
spatialTask_seperated,value_matched,order,2100.0,0.9903278619050979,0.9881798058748246,0.9923451036214829,40
spatialTask_seperated,value_matched,order,2110.0,0.9901917576789856,0.9879429861903191,0.9923755958676338,40
spatialTask_seperated,value_matched,order,2120.0,0.9900731056928634,0.9878314197063446,0.9923543974757194,40
spatialTask_seperated,value_matched,order,2130.0,0.9902543470263481,0.9880888372659683,0.9924658536911011,40
spatialTask_seperated,value_matched,order,2140.0,0.9898321360349656,0.9875865027308464,0.9920601561665535,40
spatialTask_seperated,value_matched,order,2150.0,0.9894332960247993,0.9870462253689766,0.9918021500110626,40
spatialTask_seperated,value_matched,order,2160.0,0.9893134891986847,0.9866833388805389,0.9917631536722183,40
spatialTask_seperated,value_matched,order,2170.0,0.9891240537166596,0.9865308910608291,0.991530928015709,40
spatialTask_seperated,value_matched,order,2180.0,0.9888474673032761,0.9860789895057678,0.9913586810231209,40
spatialTask_seperated,value_matched,order,2190.0,0.9889494612812996,0.9862728998064995,0.9913948982954025,40
spatialTask_seperated,value_matched,order,2200.0,0.9893446028232574,0.9868030831217766,0.9916984081268311,40
spatialTask_seperated,value_matched,order,2210.0,0.9898566737771034,0.987232455611229,0.9921840369701386,40
spatialTask_seperated,value_matched,order,2220.0,0.990097214281559,0.9876618996262551,0.9923536539077759,40
spatialTask_seperated,value_matched,order,2230.0,0.9903943657875061,0.9878849178552628,0.9924651220440864,40
spatialTask_seperated,value_matched,order,2240.0,0.9905597478151321,0.9881759256124496,0.9926100641489028,40
spatialTask_seperated,value_matched,order,2250.0,0.9906464606523514,0.9883284419775009,0.9927235126495362,40
spatialTask_seperated,value_matched,order,2260.0,0.9905129760503769,0.9881743669509888,0.9927546724677085,40
spatialTask_seperated,value_matched,order,2270.0,0.9902817800641059,0.9878238752484322,0.9925486251711846,40
spatialTask_seperated,value_matched,order,2280.0,0.9900539562106132,0.9875341355800629,0.9923164486885071,40
spatialTask_seperated,value_matched,order,2290.0,0.9899479120969772,0.9873980611562729,0.9922977209091186,40
spatialTask_seperated,value_matched,order,2300.0,0.989635805785656,0.9869939967989921,0.9920345142483711,40
spatialTask_seperated,value_matched,order,2310.0,0.9896628931164742,0.9871422708034515,0.9920927688479424,40
spatialTask_seperated,value_matched,order,2320.0,0.9897023513913155,0.9871930122375489,0.9920514822006226,40
spatialTask_seperated,value_matched,order,2330.0,0.989646403491497,0.987125639617443,0.9921668887138366,40
spatialTask_seperated,value_matched,order,2340.0,0.9893091917037964,0.9866161152720452,0.991985160112381,40
spatialTask_seperated,value_matched,order,2350.0,0.9890646815299988,0.986296784877777,0.9919390887022018,40
spatialTask_seperated,value_matched,order,2360.0,0.9886488303542137,0.9856565773487092,0.9917135819792747,40
spatialTask_seperated,value_matched,order,2370.0,0.9885641023516655,0.9853950798511505,0.9917255908250808,40
spatialTask_seperated,value_matched,order,2380.0,0.9883327439427376,0.985005809366703,0.9916140139102936,40
spatialTask_seperated,value_matched,order,2390.0,0.9883516326546669,0.9849139779806138,0.9916851773858071,40
spatialTask_seperated,value_matched,order,2400.0,0.988223385810852,0.9846248015761375,0.9916467517614365,40
spatialTask_seperated,value_matched,order,2410.0,0.9878814667463303,0.9839472800493241,0.9915656849741936,40
spatialTask_seperated,value_matched,order,2420.0,0.9876372456550598,0.9834945634007454,0.9914536520838737,40
spatialTask_seperated,value_matched,order,2430.0,0.9876856595277786,0.9835530981421471,0.9915263101458549,40
spatialTask_seperated,value_matched,order,2440.0,0.9875757321715355,0.9835489794611931,0.9914308056235314,40
spatialTask_seperated,value_matched,order,2450.0,0.9876945748925209,0.9837879985570908,0.991428156197071,40
spatialTask_seperated,value_matched,order,2460.0,0.9877545744180679,0.9838312298059464,0.991410282254219,40
spatialTask_seperated,value_matched,order,2470.0,0.9877820983529091,0.9839342802762985,0.9914044320583344,40
spatialTask_seperated,value_matched,order,2480.0,0.9877133727073669,0.9836842238903045,0.9913616523146629,40
spatialTask_seperated,value_matched,order,2490.0,0.9873280137777328,0.983023901283741,0.9912112697958946,40
spatialTask_seperated,value_matched,order,2500.0,0.9874059930443764,0.9831421792507171,0.9911851122975349,40
spatialTask_seperated,value_matched,order,2510.0,0.9873468473553657,0.983145123720169,0.9911183029413223,40
spatialTask_seperated,value_matched,order,2520.0,0.9871749207377434,0.9830471679568291,0.99103182554245,40
spatialTask_seperated,value_matched,order,2530.0,0.9869884744286537,0.9828455030918122,0.9909370526671409,40
spatialTask_seperated,value_matched,order,2540.0,0.9869121983647346,0.9825559109449387,0.9908745467662812,40
spatialTask_seperated,value_matched,order,2550.0,0.9867653965950012,0.9824250340461731,0.9906177252531052,40
spatialTask_seperated,value_matched,order,2560.0,0.9866361722350121,0.9823622182011604,0.9905617907643318,40
spatialTask_seperated,value_matched,order,2570.0,0.9865011930465698,0.982393017411232,0.9903730347752571,40
spatialTask_seperated,value_matched,order,2580.0,0.9862151280045509,0.9820220232009887,0.9902355939149856,40
spatialTask_seperated,value_matched,order,2590.0,0.9861518144607544,0.9819118246436119,0.9901803240180016,40
spatialTask_seperated,value_matched,order,2600.0,0.986320523917675,0.9820697292685509,0.9902220383286476,40
spatialTask_seperated,value_matched,order,2610.0,0.9856258004903793,0.981231515109539,0.9898107454180718,40
spatialTask_seperated,value_matched,order,2620.0,0.9855066582560539,0.9803497537970542,0.9897814497351647,40
spatialTask_seperated,value_matched,order,2630.0,0.9857321381568909,0.980345205962658,0.9899940714240074,40
spatialTask_seperated,value_matched,order,2640.0,0.9858607351779938,0.9804952070116997,0.9901239678263665,40
spatialTask_seperated,value_matched,order,2650.0,0.9858820185065269,0.9802423492074013,0.9902864843606949,40
spatialTask_seperated,value_matched,order,2660.0,0.9857747212052346,0.980195289850235,0.9903187245130539,40
spatialTask_seperated,value_matched,order,2670.0,0.9854832708835601,0.9798625856637955,0.9901572033762932,40
spatialTask_seperated,value_matched,order,2680.0,0.9848945006728173,0.9788461640477181,0.9898835897445679,40
spatialTask_seperated,value_matched,order,2690.0,0.9845411792397499,0.9783351883292198,0.9896211147308349,40
spatialTask_seperated,value_matched,order,2700.0,0.984147822856903,0.9778738111257553,0.9893141001462936,40
spatialTask_seperated,value_matched,order,2710.0,0.9836655735969544,0.977523821592331,0.9888899251818657,40
spatialTask_seperated,value_matched,order,2720.0,0.98327796459198,0.9771143540740013,0.9886863350868225,40
spatialTask_seperated,value_matched,order,2730.0,0.982869939506054,0.976496846973896,0.9884496122598648,40
spatialTask_seperated,value_matched,order,2740.0,0.9826433077454567,0.9758035317063332,0.988270428776741,40
spatialTask_seperated,value_matched,order,2750.0,0.9824907496571541,0.9754034250974655,0.9881059229373932,40
spatialTask_seperated,value_matched,order,2760.0,0.9821214720606803,0.974820750951767,0.9877388060092926,40
spatialTask_seperated,value_matched,order,2770.0,0.981195718050003,0.9735583811998367,0.9871322333812713,40
spatialTask_seperated,value_matched,order,2780.0,0.9800246506929398,0.9716708466410637,0.9865547239780426,40
spatialTask_seperated,value_matched,order,2790.0,0.9787235885858536,0.9701094388961792,0.9856533914804458,40
spatialTask_seperated,value_matched,order,2800.0,0.9777537524700165,0.9688960626721382,0.9849526479840278,40
spatialTask_seperated,value_matched,order,2810.0,0.9765189930796623,0.9671148255467414,0.9842490926384926,40
spatialTask_seperated,value_matched,order,2820.0,0.9765162527561188,0.9668388098478318,0.9845011204481124,40
spatialTask_seperated,value_matched,order,2830.0,0.9760929599404335,0.9663288712501525,0.9842959001660347,40
spatialTask_seperated,value_matched,order,2840.0,0.9755902454257012,0.9653756588697433,0.9839359283447265,40
spatialTask_seperated,value_matched,order,2850.0,0.9746018558740616,0.9644608527421952,0.9830669835209846,40
spatialTask_seperated,value_matched,order,2860.0,0.9742648303508759,0.9637616306543351,0.9827804744243622,40
spatialTask_seperated,value_matched,order,2870.0,0.9745634898543358,0.9639533817768097,0.9833074048161506,40
spatialTask_seperated,value_matched,order,2880.0,0.9753675326704979,0.9651415124535561,0.9839523643255234,40
spatialTask_seperated,value_matched,order,2890.0,0.975622208416462,0.9656625270843506,0.9840380847454071,40
spatialTask_seperated,value_matched,order,2900.0,0.9753872767090798,0.965433320403099,0.9836701869964599,40
spatialTask_seperated,value_matched,order,2910.0,0.9747290089726448,0.9650090590119362,0.983129532635212,40
spatialTask_seperated,value_matched,order,2920.0,0.9743324592709541,0.9648865386843681,0.9825348690152168,40
spatialTask_seperated,value_matched,order,2930.0,0.9738765642046928,0.964060801267624,0.9820710435509682,40
spatialTask_seperated,value_matched,order,2940.0,0.9732654750347137,0.9634204342961311,0.9816724374890328,40
spatialTask_seperated,value_matched,order,2950.0,0.972546648979187,0.9625372931361198,0.9811995893716812,40
spatialTask_seperated,value_matched,order,2960.0,0.9713650688529014,0.9608095645904541,0.9803824245929718,40
spatialTask_seperated,value_matched,order,2970.0,0.9697818726301193,0.9587377667427063,0.9791665717959404,40
spatialTask_seperated,value_matched,order,2980.0,0.9686887785792351,0.9571478724479675,0.9785567790269851,40
spatialTask_seperated,value_matched,order,2990.0,0.9678193613886833,0.9563572853803635,0.9776495084166527,40
spatialTask_seperated,value_matched,order,3000.0,0.9658653482794761,0.9539417132735253,0.9763014480471611,40
spatialTask_seperated,value_matched,order,3010.0,0.965040247142315,0.9527723804116249,0.9757017016410827,40
spatialTask_seperated,value_matched,order,3020.0,0.9646716520190239,0.9523306980729103,0.9755055978894234,40
spatialTask_seperated,value_matched,order,3030.0,0.9642569094896316,0.9516308471560478,0.9752478271722793,40
spatialTask_seperated,value_matched,order,3040.0,0.9634442210197449,0.9508706882596016,0.9743992179632187,40
spatialTask_seperated,value_matched,order,3050.0,0.9631162986159325,0.9511206209659576,0.9741121843457222,40
spatialTask_seperated,value_matched,order,3060.0,0.962829640507698,0.9508186474442482,0.9739080801606178,40
spatialTask_seperated,value_matched,order,3070.0,0.9629591539502144,0.9508953660726547,0.9738733813166618,40
spatialTask_seperated,value_matched,order,3080.0,0.962504343688488,0.9503363400697709,0.9734689280390739,40
spatialTask_seperated,value_matched,order,3090.0,0.9612896963953972,0.9483425408601761,0.9729847967624664,40
spatialTask_seperated,value_matched,order,3100.0,0.9606797024607658,0.947178864479065,0.9724338158965111,40
spatialTask_seperated,value_matched,order,3110.0,0.9592330545186997,0.9454013049602509,0.9711232855916023,40
spatialTask_seperated,value_matched,order,3120.0,0.9585225909948349,0.9444542571902275,0.9706099137663842,40
spatialTask_seperated,value_matched,order,3130.0,0.9580970868468285,0.9438971862196922,0.9699822247028351,40
spatialTask_seperated,value_matched,order,3140.0,0.9570379853248596,0.9427716553211212,0.9690292194485665,40
spatialTask_seperated,value_matched,order,3150.0,0.957164840400219,0.9426228925585747,0.9690366178750992,40
spatialTask_seperated,value_matched,order,3160.0,0.9566583305597305,0.9420174613595009,0.9683615922927856,40
spatialTask_seperated,value_matched,order,3170.0,0.9565243914723396,0.9419100195169449,0.9682791560888291,40
spatialTask_seperated,value_matched,order,3180.0,0.9566092804074288,0.9424905389547348,0.9683351427316665,40
spatialTask_seperated,value_matched,order,3190.0,0.9567585781216621,0.9429738551378251,0.9678652197122574,40
